Queue ID, Parent, Name, Global ID
0, -1, Signal, 1
1, -1, Wait, 5
2, -1, Wait, 6
3, -1, Reset, 
4, -1, ResourceBarrier, 7
5, -1, SetDescriptorHeaps, 
6, -1, RSSetViewports, 
7, -1, RSSetScissorRects, 
8, -1, ResourceBarrier, 8
9, -1, SetDescriptorHeaps, 
10, -1, SetComputeRootSignature, 
11, -1, SetPipelineState, 
12, -1, SetComputeRootDescriptorTable, 
13, -1, SetComputeRootDescriptorTable, 
14, -1, Dispatch, 9
15, -1, ResourceBarrier, 10
16, -1, ResourceBarrier, 11
17, -1, SetComputeRootDescriptorTable, 
18, -1, SetComputeRootDescriptorTable, 
19, -1, Dispatch, 12
20, -1, ResourceBarrier, 13
21, -1, ResourceBarrier, 14
22, -1, SetComputeRootDescriptorTable, 
23, -1, SetComputeRootDescriptorTable, 
24, -1, Dispatch, 15
25, -1, ResourceBarrier, 16
26, -1, ResourceBarrier, 17
27, -1, SetComputeRootDescriptorTable, 
28, -1, SetComputeRootDescriptorTable, 
29, -1, Dispatch, 18
30, -1, ResourceBarrier, 19
31, -1, ResourceBarrier, 20
32, -1, SetComputeRootDescriptorTable, 
33, -1, SetComputeRootDescriptorTable, 
34, -1, Dispatch, 21
35, -1, ResourceBarrier, 22
36, -1, ResourceBarrier, 23
37, -1, SetComputeRootDescriptorTable, 
38, -1, SetComputeRootDescriptorTable, 
39, -1, Dispatch, 24
40, -1, ResourceBarrier, 25
41, -1, ResourceBarrier, 26
42, -1, SetComputeRootDescriptorTable, 
43, -1, SetComputeRootDescriptorTable, 
44, -1, Dispatch, 27
45, -1, ResourceBarrier, 28
46, -1, ResourceBarrier, 29
47, -1, SetComputeRootDescriptorTable, 
48, -1, SetComputeRootDescriptorTable, 
49, -1, Dispatch, 30
50, -1, ResourceBarrier, 31
51, -1, ResourceBarrier, 32
52, -1, SetComputeRootDescriptorTable, 
53, -1, SetComputeRootDescriptorTable, 
54, -1, Dispatch, 33
55, -1, ResourceBarrier, 34
56, -1, ResourceBarrier, 35
57, -1, SetComputeRootDescriptorTable, 
58, -1, SetComputeRootDescriptorTable, 
59, -1, Dispatch, 36
60, -1, ResourceBarrier, 37
61, -1, ResourceBarrier, 38
62, -1, SetDescriptorHeaps, 
63, -1, EndQuery, 
64, -1, ClearRenderTargetView, 39
65, -1, ClearDepthStencilView, 40
66, -1, OMSetRenderTargets, 
67, -1, EndQuery, 
68, -1, <deprecated - use pix3.h instead> Sky, 
69, 68, ResourceBarrier, 41
70, 68, ClearRenderTargetView, 42
71, 68, OMSetRenderTargets, 
72, 68, RSSetViewports, 
73, 68, RSSetScissorRects, 
74, 68, SetPipelineState, 
75, 68, SetGraphicsRootSignature, 
76, 68, SetDescriptorHeaps, 
77, 68, SetGraphicsRootConstantBufferView, 
78, 68, SetGraphicsRootDescriptorTable, 
79, 68, SetGraphicsRootDescriptorTable, 
80, 68, IASetPrimitiveTopology, 
81, 68, DrawInstanced, 43
82, 68, ResourceBarrier, 44
83, -1, EndQuery, 
84, -1, EndQuery, 
85, -1, <deprecated - use pix3.h instead> Shadow, 
86, 85, ResourceBarrier, 45
87, 85, RSSetViewports, 
88, 85, RSSetScissorRects, 
89, 85, ClearDepthStencilView, 46
90, 85, OMSetRenderTargets, 
91, 85, SetGraphicsRootSignature, 
92, 85, SetPipelineState, 
93, 85, SetGraphicsRootConstantBufferView, 
94, 85, SetGraphicsRoot32BitConstants, 
95, 85, SetGraphicsRoot32BitConstants, 
96, 85, SetGraphicsRootShaderResourceView, 
97, 85, SetGraphicsRoot32BitConstants, 
98, 85, SetGraphicsRoot32BitConstants, 
99, 85, IASetVertexBuffers, 
100, 85, IASetPrimitiveTopology, 
101, 85, IASetIndexBuffer, 
102, 85, DrawIndexedInstanced, 47
103, 85, SetGraphicsRootConstantBufferView, 
104, 85, SetGraphicsRoot32BitConstants, 
105, 85, SetGraphicsRoot32BitConstants, 
106, 85, SetGraphicsRootShaderResourceView, 
107, 85, SetGraphicsRoot32BitConstants, 
108, 85, SetGraphicsRoot32BitConstants, 
109, 85, IASetVertexBuffers, 
110, 85, IASetPrimitiveTopology, 
111, 85, IASetIndexBuffer, 
112, 85, DrawIndexedInstanced, 48
113, 85, SetGraphicsRootConstantBufferView, 
114, 85, SetGraphicsRoot32BitConstants, 
115, 85, SetGraphicsRoot32BitConstants, 
116, 85, SetGraphicsRootShaderResourceView, 
117, 85, SetGraphicsRoot32BitConstants, 
118, 85, SetGraphicsRoot32BitConstants, 
119, 85, IASetVertexBuffers, 
120, 85, IASetPrimitiveTopology, 
121, 85, IASetIndexBuffer, 
122, 85, DrawIndexedInstanced, 49
123, 85, SetGraphicsRootConstantBufferView, 
124, 85, SetGraphicsRoot32BitConstants, 
125, 85, SetGraphicsRoot32BitConstants, 
126, 85, SetGraphicsRootShaderResourceView, 
127, 85, SetGraphicsRoot32BitConstants, 
128, 85, SetGraphicsRoot32BitConstants, 
129, 85, IASetVertexBuffers, 
130, 85, IASetPrimitiveTopology, 
131, 85, IASetIndexBuffer, 
132, 85, DrawIndexedInstanced, 50
133, 85, SetGraphicsRootConstantBufferView, 
134, 85, SetGraphicsRoot32BitConstants, 
135, 85, SetGraphicsRoot32BitConstants, 
136, 85, SetGraphicsRootShaderResourceView, 
137, 85, SetGraphicsRoot32BitConstants, 
138, 85, SetGraphicsRoot32BitConstants, 
139, 85, IASetVertexBuffers, 
140, 85, IASetPrimitiveTopology, 
141, 85, IASetIndexBuffer, 
142, 85, DrawIndexedInstanced, 51
143, 85, SetGraphicsRootConstantBufferView, 
144, 85, SetGraphicsRoot32BitConstants, 
145, 85, SetGraphicsRoot32BitConstants, 
146, 85, SetGraphicsRootShaderResourceView, 
147, 85, SetGraphicsRoot32BitConstants, 
148, 85, SetGraphicsRoot32BitConstants, 
149, 85, IASetVertexBuffers, 
150, 85, IASetPrimitiveTopology, 
151, 85, IASetIndexBuffer, 
152, 85, DrawIndexedInstanced, 52
153, 85, SetGraphicsRootConstantBufferView, 
154, 85, SetGraphicsRoot32BitConstants, 
155, 85, SetGraphicsRoot32BitConstants, 
156, 85, SetGraphicsRootShaderResourceView, 
157, 85, SetGraphicsRoot32BitConstants, 
158, 85, SetGraphicsRoot32BitConstants, 
159, 85, IASetVertexBuffers, 
160, 85, IASetPrimitiveTopology, 
161, 85, IASetIndexBuffer, 
162, 85, DrawIndexedInstanced, 53
163, 85, SetGraphicsRootConstantBufferView, 
164, 85, SetGraphicsRoot32BitConstants, 
165, 85, SetGraphicsRoot32BitConstants, 
166, 85, SetGraphicsRootShaderResourceView, 
167, 85, SetGraphicsRoot32BitConstants, 
168, 85, SetGraphicsRoot32BitConstants, 
169, 85, IASetVertexBuffers, 
170, 85, IASetPrimitiveTopology, 
171, 85, IASetIndexBuffer, 
172, 85, DrawIndexedInstanced, 54
173, 85, SetGraphicsRootConstantBufferView, 
174, 85, SetGraphicsRoot32BitConstants, 
175, 85, SetGraphicsRoot32BitConstants, 
176, 85, SetGraphicsRootShaderResourceView, 
177, 85, SetGraphicsRoot32BitConstants, 
178, 85, SetGraphicsRoot32BitConstants, 
179, 85, IASetVertexBuffers, 
180, 85, IASetPrimitiveTopology, 
181, 85, IASetIndexBuffer, 
182, 85, DrawIndexedInstanced, 55
183, 85, SetGraphicsRootConstantBufferView, 
184, 85, SetGraphicsRoot32BitConstants, 
185, 85, SetGraphicsRoot32BitConstants, 
186, 85, SetGraphicsRootShaderResourceView, 
187, 85, SetGraphicsRoot32BitConstants, 
188, 85, SetGraphicsRoot32BitConstants, 
189, 85, IASetVertexBuffers, 
190, 85, IASetPrimitiveTopology, 
191, 85, IASetIndexBuffer, 
192, 85, DrawIndexedInstanced, 56
193, 85, SetGraphicsRootConstantBufferView, 
194, 85, SetGraphicsRoot32BitConstants, 
195, 85, SetGraphicsRoot32BitConstants, 
196, 85, SetGraphicsRootShaderResourceView, 
197, 85, SetGraphicsRoot32BitConstants, 
198, 85, SetGraphicsRoot32BitConstants, 
199, 85, IASetVertexBuffers, 
200, 85, IASetPrimitiveTopology, 
201, 85, IASetIndexBuffer, 
202, 85, DrawIndexedInstanced, 57
203, 85, SetGraphicsRootConstantBufferView, 
204, 85, SetGraphicsRoot32BitConstants, 
205, 85, SetGraphicsRoot32BitConstants, 
206, 85, SetGraphicsRootShaderResourceView, 
207, 85, SetGraphicsRoot32BitConstants, 
208, 85, SetGraphicsRoot32BitConstants, 
209, 85, IASetVertexBuffers, 
210, 85, IASetPrimitiveTopology, 
211, 85, IASetIndexBuffer, 
212, 85, DrawIndexedInstanced, 58
213, 85, SetGraphicsRootConstantBufferView, 
214, 85, SetGraphicsRoot32BitConstants, 
215, 85, SetGraphicsRoot32BitConstants, 
216, 85, SetGraphicsRootShaderResourceView, 
217, 85, SetGraphicsRoot32BitConstants, 
218, 85, SetGraphicsRoot32BitConstants, 
219, 85, IASetVertexBuffers, 
220, 85, IASetPrimitiveTopology, 
221, 85, IASetIndexBuffer, 
222, 85, DrawIndexedInstanced, 59
223, 85, SetGraphicsRootConstantBufferView, 
224, 85, SetGraphicsRoot32BitConstants, 
225, 85, SetGraphicsRoot32BitConstants, 
226, 85, SetGraphicsRootShaderResourceView, 
227, 85, SetGraphicsRoot32BitConstants, 
228, 85, SetGraphicsRoot32BitConstants, 
229, 85, IASetVertexBuffers, 
230, 85, IASetPrimitiveTopology, 
231, 85, IASetIndexBuffer, 
232, 85, DrawIndexedInstanced, 60
233, 85, SetGraphicsRootConstantBufferView, 
234, 85, SetGraphicsRoot32BitConstants, 
235, 85, SetGraphicsRoot32BitConstants, 
236, 85, SetGraphicsRootShaderResourceView, 
237, 85, SetGraphicsRoot32BitConstants, 
238, 85, SetGraphicsRoot32BitConstants, 
239, 85, IASetVertexBuffers, 
240, 85, IASetPrimitiveTopology, 
241, 85, IASetIndexBuffer, 
242, 85, DrawIndexedInstanced, 61
243, 85, SetGraphicsRootConstantBufferView, 
244, 85, SetGraphicsRoot32BitConstants, 
245, 85, SetGraphicsRoot32BitConstants, 
246, 85, SetGraphicsRootShaderResourceView, 
247, 85, SetGraphicsRoot32BitConstants, 
248, 85, SetGraphicsRoot32BitConstants, 
249, 85, IASetVertexBuffers, 
250, 85, IASetPrimitiveTopology, 
251, 85, IASetIndexBuffer, 
252, 85, DrawIndexedInstanced, 62
253, 85, SetGraphicsRootConstantBufferView, 
254, 85, SetGraphicsRoot32BitConstants, 
255, 85, SetGraphicsRoot32BitConstants, 
256, 85, SetGraphicsRootShaderResourceView, 
257, 85, SetGraphicsRoot32BitConstants, 
258, 85, SetGraphicsRoot32BitConstants, 
259, 85, IASetVertexBuffers, 
260, 85, IASetPrimitiveTopology, 
261, 85, IASetIndexBuffer, 
262, 85, DrawIndexedInstanced, 63
263, 85, SetGraphicsRootConstantBufferView, 
264, 85, SetGraphicsRoot32BitConstants, 
265, 85, SetGraphicsRoot32BitConstants, 
266, 85, SetGraphicsRootShaderResourceView, 
267, 85, SetGraphicsRoot32BitConstants, 
268, 85, SetGraphicsRoot32BitConstants, 
269, 85, IASetVertexBuffers, 
270, 85, IASetPrimitiveTopology, 
271, 85, IASetIndexBuffer, 
272, 85, DrawIndexedInstanced, 64
273, 85, SetGraphicsRootConstantBufferView, 
274, 85, SetGraphicsRoot32BitConstants, 
275, 85, SetGraphicsRoot32BitConstants, 
276, 85, SetGraphicsRootShaderResourceView, 
277, 85, SetGraphicsRoot32BitConstants, 
278, 85, SetGraphicsRoot32BitConstants, 
279, 85, IASetVertexBuffers, 
280, 85, IASetPrimitiveTopology, 
281, 85, IASetIndexBuffer, 
282, 85, DrawIndexedInstanced, 65
283, 85, SetGraphicsRootConstantBufferView, 
284, 85, SetGraphicsRoot32BitConstants, 
285, 85, SetGraphicsRoot32BitConstants, 
286, 85, SetGraphicsRootShaderResourceView, 
287, 85, SetGraphicsRoot32BitConstants, 
288, 85, SetGraphicsRoot32BitConstants, 
289, 85, IASetVertexBuffers, 
290, 85, IASetPrimitiveTopology, 
291, 85, IASetIndexBuffer, 
292, 85, DrawIndexedInstanced, 66
293, 85, SetGraphicsRootConstantBufferView, 
294, 85, SetGraphicsRoot32BitConstants, 
295, 85, SetGraphicsRoot32BitConstants, 
296, 85, SetGraphicsRootShaderResourceView, 
297, 85, SetGraphicsRoot32BitConstants, 
298, 85, SetGraphicsRoot32BitConstants, 
299, 85, IASetVertexBuffers, 
300, 85, IASetPrimitiveTopology, 
301, 85, IASetIndexBuffer, 
302, 85, DrawIndexedInstanced, 67
303, 85, SetGraphicsRootConstantBufferView, 
304, 85, SetGraphicsRoot32BitConstants, 
305, 85, SetGraphicsRoot32BitConstants, 
306, 85, SetGraphicsRootShaderResourceView, 
307, 85, SetGraphicsRoot32BitConstants, 
308, 85, SetGraphicsRoot32BitConstants, 
309, 85, IASetVertexBuffers, 
310, 85, IASetPrimitiveTopology, 
311, 85, IASetIndexBuffer, 
312, 85, DrawIndexedInstanced, 68
313, 85, SetGraphicsRootConstantBufferView, 
314, 85, SetGraphicsRoot32BitConstants, 
315, 85, SetGraphicsRoot32BitConstants, 
316, 85, SetGraphicsRootShaderResourceView, 
317, 85, SetGraphicsRoot32BitConstants, 
318, 85, SetGraphicsRoot32BitConstants, 
319, 85, IASetVertexBuffers, 
320, 85, IASetPrimitiveTopology, 
321, 85, IASetIndexBuffer, 
322, 85, DrawIndexedInstanced, 69
323, 85, SetGraphicsRootConstantBufferView, 
324, 85, SetGraphicsRoot32BitConstants, 
325, 85, SetGraphicsRoot32BitConstants, 
326, 85, SetGraphicsRootShaderResourceView, 
327, 85, SetGraphicsRoot32BitConstants, 
328, 85, SetGraphicsRoot32BitConstants, 
329, 85, IASetVertexBuffers, 
330, 85, IASetPrimitiveTopology, 
331, 85, IASetIndexBuffer, 
332, 85, DrawIndexedInstanced, 70
333, 85, SetGraphicsRootConstantBufferView, 
334, 85, SetGraphicsRoot32BitConstants, 
335, 85, SetGraphicsRoot32BitConstants, 
336, 85, SetGraphicsRootShaderResourceView, 
337, 85, SetGraphicsRoot32BitConstants, 
338, 85, SetGraphicsRoot32BitConstants, 
339, 85, IASetVertexBuffers, 
340, 85, IASetPrimitiveTopology, 
341, 85, IASetIndexBuffer, 
342, 85, DrawIndexedInstanced, 71
343, 85, SetGraphicsRootConstantBufferView, 
344, 85, SetGraphicsRoot32BitConstants, 
345, 85, SetGraphicsRoot32BitConstants, 
346, 85, SetGraphicsRootShaderResourceView, 
347, 85, SetGraphicsRoot32BitConstants, 
348, 85, SetGraphicsRoot32BitConstants, 
349, 85, IASetVertexBuffers, 
350, 85, IASetPrimitiveTopology, 
351, 85, IASetIndexBuffer, 
352, 85, DrawIndexedInstanced, 72
353, 85, SetGraphicsRootConstantBufferView, 
354, 85, SetGraphicsRoot32BitConstants, 
355, 85, SetGraphicsRoot32BitConstants, 
356, 85, SetGraphicsRootShaderResourceView, 
357, 85, SetGraphicsRoot32BitConstants, 
358, 85, SetGraphicsRoot32BitConstants, 
359, 85, IASetVertexBuffers, 
360, 85, IASetPrimitiveTopology, 
361, 85, IASetIndexBuffer, 
362, 85, DrawIndexedInstanced, 73
363, 85, SetGraphicsRootConstantBufferView, 
364, 85, SetGraphicsRoot32BitConstants, 
365, 85, SetGraphicsRoot32BitConstants, 
366, 85, SetGraphicsRootShaderResourceView, 
367, 85, SetGraphicsRoot32BitConstants, 
368, 85, SetGraphicsRoot32BitConstants, 
369, 85, IASetVertexBuffers, 
370, 85, IASetPrimitiveTopology, 
371, 85, IASetIndexBuffer, 
372, 85, DrawIndexedInstanced, 74
373, 85, SetGraphicsRootConstantBufferView, 
374, 85, SetGraphicsRoot32BitConstants, 
375, 85, SetGraphicsRoot32BitConstants, 
376, 85, SetGraphicsRootShaderResourceView, 
377, 85, SetGraphicsRoot32BitConstants, 
378, 85, SetGraphicsRoot32BitConstants, 
379, 85, IASetVertexBuffers, 
380, 85, IASetPrimitiveTopology, 
381, 85, IASetIndexBuffer, 
382, 85, DrawIndexedInstanced, 75
383, 85, SetGraphicsRootConstantBufferView, 
384, 85, SetGraphicsRoot32BitConstants, 
385, 85, SetGraphicsRoot32BitConstants, 
386, 85, SetGraphicsRootShaderResourceView, 
387, 85, SetGraphicsRoot32BitConstants, 
388, 85, SetGraphicsRoot32BitConstants, 
389, 85, IASetVertexBuffers, 
390, 85, IASetPrimitiveTopology, 
391, 85, IASetIndexBuffer, 
392, 85, DrawIndexedInstanced, 76
393, 85, SetGraphicsRootConstantBufferView, 
394, 85, SetGraphicsRoot32BitConstants, 
395, 85, SetGraphicsRoot32BitConstants, 
396, 85, SetGraphicsRootShaderResourceView, 
397, 85, SetGraphicsRoot32BitConstants, 
398, 85, SetGraphicsRoot32BitConstants, 
399, 85, IASetVertexBuffers, 
400, 85, IASetPrimitiveTopology, 
401, 85, IASetIndexBuffer, 
402, 85, DrawIndexedInstanced, 77
403, 85, SetGraphicsRootConstantBufferView, 
404, 85, SetGraphicsRoot32BitConstants, 
405, 85, SetGraphicsRoot32BitConstants, 
406, 85, SetGraphicsRootShaderResourceView, 
407, 85, SetGraphicsRoot32BitConstants, 
408, 85, SetGraphicsRoot32BitConstants, 
409, 85, IASetVertexBuffers, 
410, 85, IASetPrimitiveTopology, 
411, 85, IASetIndexBuffer, 
412, 85, DrawIndexedInstanced, 78
413, 85, SetGraphicsRootConstantBufferView, 
414, 85, SetGraphicsRoot32BitConstants, 
415, 85, SetGraphicsRoot32BitConstants, 
416, 85, SetGraphicsRootShaderResourceView, 
417, 85, SetGraphicsRoot32BitConstants, 
418, 85, SetGraphicsRoot32BitConstants, 
419, 85, IASetVertexBuffers, 
420, 85, IASetPrimitiveTopology, 
421, 85, IASetIndexBuffer, 
422, 85, DrawIndexedInstanced, 79
423, 85, SetGraphicsRootConstantBufferView, 
424, 85, SetGraphicsRoot32BitConstants, 
425, 85, SetGraphicsRoot32BitConstants, 
426, 85, SetGraphicsRootShaderResourceView, 
427, 85, SetGraphicsRoot32BitConstants, 
428, 85, SetGraphicsRoot32BitConstants, 
429, 85, IASetVertexBuffers, 
430, 85, IASetPrimitiveTopology, 
431, 85, IASetIndexBuffer, 
432, 85, DrawIndexedInstanced, 80
433, 85, SetGraphicsRootConstantBufferView, 
434, 85, SetGraphicsRoot32BitConstants, 
435, 85, SetGraphicsRoot32BitConstants, 
436, 85, SetGraphicsRootShaderResourceView, 
437, 85, SetGraphicsRoot32BitConstants, 
438, 85, SetGraphicsRoot32BitConstants, 
439, 85, IASetVertexBuffers, 
440, 85, IASetPrimitiveTopology, 
441, 85, IASetIndexBuffer, 
442, 85, DrawIndexedInstanced, 81
443, 85, SetGraphicsRootConstantBufferView, 
444, 85, SetGraphicsRoot32BitConstants, 
445, 85, SetGraphicsRoot32BitConstants, 
446, 85, SetGraphicsRootShaderResourceView, 
447, 85, SetGraphicsRoot32BitConstants, 
448, 85, SetGraphicsRoot32BitConstants, 
449, 85, IASetVertexBuffers, 
450, 85, IASetPrimitiveTopology, 
451, 85, IASetIndexBuffer, 
452, 85, DrawIndexedInstanced, 82
453, 85, SetGraphicsRootConstantBufferView, 
454, 85, SetGraphicsRoot32BitConstants, 
455, 85, SetGraphicsRoot32BitConstants, 
456, 85, SetGraphicsRootShaderResourceView, 
457, 85, SetGraphicsRoot32BitConstants, 
458, 85, SetGraphicsRoot32BitConstants, 
459, 85, IASetVertexBuffers, 
460, 85, IASetPrimitiveTopology, 
461, 85, IASetIndexBuffer, 
462, 85, DrawIndexedInstanced, 83
463, 85, SetGraphicsRootConstantBufferView, 
464, 85, SetGraphicsRoot32BitConstants, 
465, 85, SetGraphicsRoot32BitConstants, 
466, 85, SetGraphicsRootShaderResourceView, 
467, 85, SetGraphicsRoot32BitConstants, 
468, 85, SetGraphicsRoot32BitConstants, 
469, 85, IASetVertexBuffers, 
470, 85, IASetPrimitiveTopology, 
471, 85, IASetIndexBuffer, 
472, 85, DrawIndexedInstanced, 84
473, 85, SetGraphicsRootConstantBufferView, 
474, 85, SetGraphicsRoot32BitConstants, 
475, 85, SetGraphicsRoot32BitConstants, 
476, 85, SetGraphicsRootShaderResourceView, 
477, 85, SetGraphicsRoot32BitConstants, 
478, 85, SetGraphicsRoot32BitConstants, 
479, 85, IASetVertexBuffers, 
480, 85, IASetPrimitiveTopology, 
481, 85, IASetIndexBuffer, 
482, 85, DrawIndexedInstanced, 85
483, 85, SetGraphicsRootConstantBufferView, 
484, 85, SetGraphicsRoot32BitConstants, 
485, 85, SetGraphicsRoot32BitConstants, 
486, 85, SetGraphicsRootShaderResourceView, 
487, 85, SetGraphicsRoot32BitConstants, 
488, 85, SetGraphicsRoot32BitConstants, 
489, 85, IASetVertexBuffers, 
490, 85, IASetPrimitiveTopology, 
491, 85, IASetIndexBuffer, 
492, 85, DrawIndexedInstanced, 86
493, 85, SetGraphicsRootConstantBufferView, 
494, 85, SetGraphicsRoot32BitConstants, 
495, 85, SetGraphicsRoot32BitConstants, 
496, 85, SetGraphicsRootShaderResourceView, 
497, 85, SetGraphicsRoot32BitConstants, 
498, 85, SetGraphicsRoot32BitConstants, 
499, 85, IASetVertexBuffers, 
500, 85, IASetPrimitiveTopology, 
501, 85, IASetIndexBuffer, 
502, 85, DrawIndexedInstanced, 87
503, 85, SetGraphicsRootConstantBufferView, 
504, 85, SetGraphicsRoot32BitConstants, 
505, 85, SetGraphicsRoot32BitConstants, 
506, 85, SetGraphicsRootShaderResourceView, 
507, 85, SetGraphicsRoot32BitConstants, 
508, 85, SetGraphicsRoot32BitConstants, 
509, 85, IASetVertexBuffers, 
510, 85, IASetPrimitiveTopology, 
511, 85, IASetIndexBuffer, 
512, 85, DrawIndexedInstanced, 88
513, 85, SetGraphicsRootConstantBufferView, 
514, 85, SetGraphicsRoot32BitConstants, 
515, 85, SetGraphicsRoot32BitConstants, 
516, 85, SetGraphicsRootShaderResourceView, 
517, 85, SetGraphicsRoot32BitConstants, 
518, 85, SetGraphicsRoot32BitConstants, 
519, 85, IASetVertexBuffers, 
520, 85, IASetPrimitiveTopology, 
521, 85, IASetIndexBuffer, 
522, 85, DrawIndexedInstanced, 89
523, 85, SetGraphicsRootConstantBufferView, 
524, 85, SetGraphicsRoot32BitConstants, 
525, 85, SetGraphicsRoot32BitConstants, 
526, 85, SetGraphicsRootShaderResourceView, 
527, 85, SetGraphicsRoot32BitConstants, 
528, 85, SetGraphicsRoot32BitConstants, 
529, 85, IASetVertexBuffers, 
530, 85, IASetPrimitiveTopology, 
531, 85, IASetIndexBuffer, 
532, 85, DrawIndexedInstanced, 90
533, 85, SetGraphicsRootConstantBufferView, 
534, 85, SetGraphicsRoot32BitConstants, 
535, 85, SetGraphicsRoot32BitConstants, 
536, 85, SetGraphicsRootShaderResourceView, 
537, 85, SetGraphicsRoot32BitConstants, 
538, 85, SetGraphicsRoot32BitConstants, 
539, 85, IASetVertexBuffers, 
540, 85, IASetPrimitiveTopology, 
541, 85, IASetIndexBuffer, 
542, 85, DrawIndexedInstanced, 91
543, 85, SetGraphicsRootConstantBufferView, 
544, 85, SetGraphicsRoot32BitConstants, 
545, 85, SetGraphicsRoot32BitConstants, 
546, 85, SetGraphicsRootShaderResourceView, 
547, 85, SetGraphicsRoot32BitConstants, 
548, 85, SetGraphicsRoot32BitConstants, 
549, 85, IASetVertexBuffers, 
550, 85, IASetPrimitiveTopology, 
551, 85, IASetIndexBuffer, 
552, 85, DrawIndexedInstanced, 92
553, 85, SetGraphicsRootConstantBufferView, 
554, 85, SetGraphicsRoot32BitConstants, 
555, 85, SetGraphicsRoot32BitConstants, 
556, 85, SetGraphicsRootShaderResourceView, 
557, 85, SetGraphicsRoot32BitConstants, 
558, 85, SetGraphicsRoot32BitConstants, 
559, 85, IASetVertexBuffers, 
560, 85, IASetPrimitiveTopology, 
561, 85, IASetIndexBuffer, 
562, 85, DrawIndexedInstanced, 93
563, 85, SetGraphicsRootConstantBufferView, 
564, 85, SetGraphicsRoot32BitConstants, 
565, 85, SetGraphicsRoot32BitConstants, 
566, 85, SetGraphicsRootShaderResourceView, 
567, 85, SetGraphicsRoot32BitConstants, 
568, 85, SetGraphicsRoot32BitConstants, 
569, 85, IASetVertexBuffers, 
570, 85, IASetPrimitiveTopology, 
571, 85, IASetIndexBuffer, 
572, 85, DrawIndexedInstanced, 94
573, 85, SetGraphicsRootConstantBufferView, 
574, 85, SetGraphicsRoot32BitConstants, 
575, 85, SetGraphicsRoot32BitConstants, 
576, 85, SetGraphicsRootShaderResourceView, 
577, 85, SetGraphicsRoot32BitConstants, 
578, 85, SetGraphicsRoot32BitConstants, 
579, 85, IASetVertexBuffers, 
580, 85, IASetPrimitiveTopology, 
581, 85, IASetIndexBuffer, 
582, 85, DrawIndexedInstanced, 95
583, 85, SetGraphicsRootConstantBufferView, 
584, 85, SetGraphicsRoot32BitConstants, 
585, 85, SetGraphicsRoot32BitConstants, 
586, 85, SetGraphicsRootShaderResourceView, 
587, 85, SetGraphicsRoot32BitConstants, 
588, 85, SetGraphicsRoot32BitConstants, 
589, 85, IASetVertexBuffers, 
590, 85, IASetPrimitiveTopology, 
591, 85, IASetIndexBuffer, 
592, 85, DrawIndexedInstanced, 96
593, 85, SetGraphicsRootConstantBufferView, 
594, 85, SetGraphicsRoot32BitConstants, 
595, 85, SetGraphicsRoot32BitConstants, 
596, 85, SetGraphicsRootShaderResourceView, 
597, 85, SetGraphicsRoot32BitConstants, 
598, 85, SetGraphicsRoot32BitConstants, 
599, 85, IASetVertexBuffers, 
600, 85, IASetPrimitiveTopology, 
601, 85, IASetIndexBuffer, 
602, 85, DrawIndexedInstanced, 97
603, 85, SetGraphicsRootConstantBufferView, 
604, 85, SetGraphicsRoot32BitConstants, 
605, 85, SetGraphicsRoot32BitConstants, 
606, 85, SetGraphicsRootShaderResourceView, 
607, 85, SetGraphicsRoot32BitConstants, 
608, 85, SetGraphicsRoot32BitConstants, 
609, 85, IASetVertexBuffers, 
610, 85, IASetPrimitiveTopology, 
611, 85, IASetIndexBuffer, 
612, 85, DrawIndexedInstanced, 98
613, 85, SetGraphicsRootConstantBufferView, 
614, 85, SetGraphicsRoot32BitConstants, 
615, 85, SetGraphicsRoot32BitConstants, 
616, 85, SetGraphicsRootShaderResourceView, 
617, 85, SetGraphicsRoot32BitConstants, 
618, 85, SetGraphicsRoot32BitConstants, 
619, 85, IASetVertexBuffers, 
620, 85, IASetPrimitiveTopology, 
621, 85, IASetIndexBuffer, 
622, 85, DrawIndexedInstanced, 99
623, 85, SetGraphicsRootConstantBufferView, 
624, 85, SetGraphicsRoot32BitConstants, 
625, 85, SetGraphicsRoot32BitConstants, 
626, 85, SetGraphicsRootShaderResourceView, 
627, 85, SetGraphicsRoot32BitConstants, 
628, 85, SetGraphicsRoot32BitConstants, 
629, 85, IASetVertexBuffers, 
630, 85, IASetPrimitiveTopology, 
631, 85, IASetIndexBuffer, 
632, 85, DrawIndexedInstanced, 100
633, 85, SetGraphicsRootConstantBufferView, 
634, 85, SetGraphicsRoot32BitConstants, 
635, 85, SetGraphicsRoot32BitConstants, 
636, 85, SetGraphicsRootShaderResourceView, 
637, 85, SetGraphicsRoot32BitConstants, 
638, 85, SetGraphicsRoot32BitConstants, 
639, 85, IASetVertexBuffers, 
640, 85, IASetPrimitiveTopology, 
641, 85, IASetIndexBuffer, 
642, 85, DrawIndexedInstanced, 101
643, 85, SetGraphicsRootConstantBufferView, 
644, 85, SetGraphicsRoot32BitConstants, 
645, 85, SetGraphicsRoot32BitConstants, 
646, 85, SetGraphicsRootShaderResourceView, 
647, 85, SetGraphicsRoot32BitConstants, 
648, 85, SetGraphicsRoot32BitConstants, 
649, 85, IASetVertexBuffers, 
650, 85, IASetPrimitiveTopology, 
651, 85, IASetIndexBuffer, 
652, 85, DrawIndexedInstanced, 102
653, 85, SetGraphicsRootConstantBufferView, 
654, 85, SetGraphicsRoot32BitConstants, 
655, 85, SetGraphicsRoot32BitConstants, 
656, 85, SetGraphicsRootShaderResourceView, 
657, 85, SetGraphicsRoot32BitConstants, 
658, 85, SetGraphicsRoot32BitConstants, 
659, 85, IASetVertexBuffers, 
660, 85, IASetPrimitiveTopology, 
661, 85, IASetIndexBuffer, 
662, 85, DrawIndexedInstanced, 103
663, 85, SetGraphicsRootConstantBufferView, 
664, 85, SetGraphicsRoot32BitConstants, 
665, 85, SetGraphicsRoot32BitConstants, 
666, 85, SetGraphicsRootShaderResourceView, 
667, 85, SetGraphicsRoot32BitConstants, 
668, 85, SetGraphicsRoot32BitConstants, 
669, 85, IASetVertexBuffers, 
670, 85, IASetPrimitiveTopology, 
671, 85, IASetIndexBuffer, 
672, 85, DrawIndexedInstanced, 104
673, 85, SetGraphicsRootConstantBufferView, 
674, 85, SetGraphicsRoot32BitConstants, 
675, 85, SetGraphicsRoot32BitConstants, 
676, 85, SetGraphicsRootShaderResourceView, 
677, 85, SetGraphicsRoot32BitConstants, 
678, 85, SetGraphicsRoot32BitConstants, 
679, 85, IASetVertexBuffers, 
680, 85, IASetPrimitiveTopology, 
681, 85, IASetIndexBuffer, 
682, 85, DrawIndexedInstanced, 105
683, 85, SetGraphicsRootConstantBufferView, 
684, 85, SetGraphicsRoot32BitConstants, 
685, 85, SetGraphicsRoot32BitConstants, 
686, 85, SetGraphicsRootShaderResourceView, 
687, 85, SetGraphicsRoot32BitConstants, 
688, 85, SetGraphicsRoot32BitConstants, 
689, 85, IASetVertexBuffers, 
690, 85, IASetPrimitiveTopology, 
691, 85, IASetIndexBuffer, 
692, 85, DrawIndexedInstanced, 106
693, 85, SetGraphicsRootConstantBufferView, 
694, 85, SetGraphicsRoot32BitConstants, 
695, 85, SetGraphicsRoot32BitConstants, 
696, 85, SetGraphicsRootShaderResourceView, 
697, 85, SetGraphicsRoot32BitConstants, 
698, 85, SetGraphicsRoot32BitConstants, 
699, 85, IASetVertexBuffers, 
700, 85, IASetPrimitiveTopology, 
701, 85, IASetIndexBuffer, 
702, 85, DrawIndexedInstanced, 107
703, 85, SetGraphicsRootConstantBufferView, 
704, 85, SetGraphicsRoot32BitConstants, 
705, 85, SetGraphicsRoot32BitConstants, 
706, 85, SetGraphicsRootShaderResourceView, 
707, 85, SetGraphicsRoot32BitConstants, 
708, 85, SetGraphicsRoot32BitConstants, 
709, 85, IASetVertexBuffers, 
710, 85, IASetPrimitiveTopology, 
711, 85, IASetIndexBuffer, 
712, 85, DrawIndexedInstanced, 108
713, 85, SetGraphicsRootConstantBufferView, 
714, 85, SetGraphicsRoot32BitConstants, 
715, 85, SetGraphicsRoot32BitConstants, 
716, 85, SetGraphicsRootShaderResourceView, 
717, 85, SetGraphicsRoot32BitConstants, 
718, 85, SetGraphicsRoot32BitConstants, 
719, 85, IASetVertexBuffers, 
720, 85, IASetPrimitiveTopology, 
721, 85, IASetIndexBuffer, 
722, 85, DrawIndexedInstanced, 109
723, 85, SetGraphicsRootConstantBufferView, 
724, 85, SetGraphicsRoot32BitConstants, 
725, 85, SetGraphicsRoot32BitConstants, 
726, 85, SetGraphicsRootShaderResourceView, 
727, 85, SetGraphicsRoot32BitConstants, 
728, 85, SetGraphicsRoot32BitConstants, 
729, 85, IASetVertexBuffers, 
730, 85, IASetPrimitiveTopology, 
731, 85, IASetIndexBuffer, 
732, 85, DrawIndexedInstanced, 110
733, 85, SetGraphicsRootConstantBufferView, 
734, 85, SetGraphicsRoot32BitConstants, 
735, 85, SetGraphicsRoot32BitConstants, 
736, 85, SetGraphicsRootShaderResourceView, 
737, 85, SetGraphicsRoot32BitConstants, 
738, 85, SetGraphicsRoot32BitConstants, 
739, 85, IASetVertexBuffers, 
740, 85, IASetPrimitiveTopology, 
741, 85, IASetIndexBuffer, 
742, 85, DrawIndexedInstanced, 111
743, 85, SetGraphicsRootConstantBufferView, 
744, 85, SetGraphicsRoot32BitConstants, 
745, 85, SetGraphicsRoot32BitConstants, 
746, 85, SetGraphicsRootShaderResourceView, 
747, 85, SetGraphicsRoot32BitConstants, 
748, 85, SetGraphicsRoot32BitConstants, 
749, 85, IASetVertexBuffers, 
750, 85, IASetPrimitiveTopology, 
751, 85, IASetIndexBuffer, 
752, 85, DrawIndexedInstanced, 112
753, 85, SetGraphicsRootConstantBufferView, 
754, 85, SetGraphicsRoot32BitConstants, 
755, 85, SetGraphicsRoot32BitConstants, 
756, 85, SetGraphicsRootShaderResourceView, 
757, 85, SetGraphicsRoot32BitConstants, 
758, 85, SetGraphicsRoot32BitConstants, 
759, 85, IASetVertexBuffers, 
760, 85, IASetPrimitiveTopology, 
761, 85, IASetIndexBuffer, 
762, 85, DrawIndexedInstanced, 113
763, 85, SetGraphicsRootConstantBufferView, 
764, 85, SetGraphicsRoot32BitConstants, 
765, 85, SetGraphicsRoot32BitConstants, 
766, 85, SetGraphicsRootShaderResourceView, 
767, 85, SetGraphicsRoot32BitConstants, 
768, 85, SetGraphicsRoot32BitConstants, 
769, 85, IASetVertexBuffers, 
770, 85, IASetPrimitiveTopology, 
771, 85, IASetIndexBuffer, 
772, 85, DrawIndexedInstanced, 114
773, 85, SetGraphicsRootConstantBufferView, 
774, 85, SetGraphicsRoot32BitConstants, 
775, 85, SetGraphicsRoot32BitConstants, 
776, 85, SetGraphicsRootShaderResourceView, 
777, 85, SetGraphicsRoot32BitConstants, 
778, 85, SetGraphicsRoot32BitConstants, 
779, 85, IASetVertexBuffers, 
780, 85, IASetPrimitiveTopology, 
781, 85, IASetIndexBuffer, 
782, 85, DrawIndexedInstanced, 115
783, 85, SetGraphicsRootConstantBufferView, 
784, 85, SetGraphicsRoot32BitConstants, 
785, 85, SetGraphicsRoot32BitConstants, 
786, 85, SetGraphicsRootShaderResourceView, 
787, 85, SetGraphicsRoot32BitConstants, 
788, 85, SetGraphicsRoot32BitConstants, 
789, 85, IASetVertexBuffers, 
790, 85, IASetPrimitiveTopology, 
791, 85, IASetIndexBuffer, 
792, 85, DrawIndexedInstanced, 116
793, 85, SetGraphicsRootConstantBufferView, 
794, 85, SetGraphicsRoot32BitConstants, 
795, 85, SetGraphicsRoot32BitConstants, 
796, 85, SetGraphicsRootShaderResourceView, 
797, 85, SetGraphicsRoot32BitConstants, 
798, 85, SetGraphicsRoot32BitConstants, 
799, 85, IASetVertexBuffers, 
800, 85, IASetPrimitiveTopology, 
801, 85, IASetIndexBuffer, 
802, 85, DrawIndexedInstanced, 117
803, 85, SetGraphicsRootConstantBufferView, 
804, 85, SetGraphicsRoot32BitConstants, 
805, 85, SetGraphicsRoot32BitConstants, 
806, 85, SetGraphicsRootShaderResourceView, 
807, 85, SetGraphicsRoot32BitConstants, 
808, 85, SetGraphicsRoot32BitConstants, 
809, 85, IASetVertexBuffers, 
810, 85, IASetPrimitiveTopology, 
811, 85, IASetIndexBuffer, 
812, 85, DrawIndexedInstanced, 118
813, 85, SetGraphicsRootConstantBufferView, 
814, 85, SetGraphicsRoot32BitConstants, 
815, 85, SetGraphicsRoot32BitConstants, 
816, 85, SetGraphicsRootShaderResourceView, 
817, 85, SetGraphicsRoot32BitConstants, 
818, 85, SetGraphicsRoot32BitConstants, 
819, 85, IASetVertexBuffers, 
820, 85, IASetPrimitiveTopology, 
821, 85, IASetIndexBuffer, 
822, 85, DrawIndexedInstanced, 119
823, 85, SetGraphicsRootConstantBufferView, 
824, 85, SetGraphicsRoot32BitConstants, 
825, 85, SetGraphicsRoot32BitConstants, 
826, 85, SetGraphicsRootShaderResourceView, 
827, 85, SetGraphicsRoot32BitConstants, 
828, 85, SetGraphicsRoot32BitConstants, 
829, 85, IASetVertexBuffers, 
830, 85, IASetPrimitiveTopology, 
831, 85, IASetIndexBuffer, 
832, 85, DrawIndexedInstanced, 120
833, 85, SetGraphicsRootConstantBufferView, 
834, 85, SetGraphicsRoot32BitConstants, 
835, 85, SetGraphicsRoot32BitConstants, 
836, 85, SetGraphicsRootShaderResourceView, 
837, 85, SetGraphicsRoot32BitConstants, 
838, 85, SetGraphicsRoot32BitConstants, 
839, 85, IASetVertexBuffers, 
840, 85, IASetPrimitiveTopology, 
841, 85, IASetIndexBuffer, 
842, 85, DrawIndexedInstanced, 121
843, 85, SetGraphicsRootConstantBufferView, 
844, 85, SetGraphicsRoot32BitConstants, 
845, 85, SetGraphicsRoot32BitConstants, 
846, 85, SetGraphicsRootShaderResourceView, 
847, 85, SetGraphicsRoot32BitConstants, 
848, 85, SetGraphicsRoot32BitConstants, 
849, 85, IASetVertexBuffers, 
850, 85, IASetPrimitiveTopology, 
851, 85, IASetIndexBuffer, 
852, 85, DrawIndexedInstanced, 122
853, 85, SetGraphicsRootConstantBufferView, 
854, 85, SetGraphicsRoot32BitConstants, 
855, 85, SetGraphicsRoot32BitConstants, 
856, 85, SetGraphicsRootShaderResourceView, 
857, 85, SetGraphicsRoot32BitConstants, 
858, 85, SetGraphicsRoot32BitConstants, 
859, 85, IASetVertexBuffers, 
860, 85, IASetPrimitiveTopology, 
861, 85, IASetIndexBuffer, 
862, 85, DrawIndexedInstanced, 123
863, 85, SetGraphicsRootConstantBufferView, 
864, 85, SetGraphicsRoot32BitConstants, 
865, 85, SetGraphicsRoot32BitConstants, 
866, 85, SetGraphicsRootShaderResourceView, 
867, 85, SetGraphicsRoot32BitConstants, 
868, 85, SetGraphicsRoot32BitConstants, 
869, 85, IASetVertexBuffers, 
870, 85, IASetPrimitiveTopology, 
871, 85, IASetIndexBuffer, 
872, 85, DrawIndexedInstanced, 124
873, 85, SetGraphicsRootConstantBufferView, 
874, 85, SetGraphicsRoot32BitConstants, 
875, 85, SetGraphicsRoot32BitConstants, 
876, 85, SetGraphicsRootShaderResourceView, 
877, 85, SetGraphicsRoot32BitConstants, 
878, 85, SetGraphicsRoot32BitConstants, 
879, 85, IASetVertexBuffers, 
880, 85, IASetPrimitiveTopology, 
881, 85, IASetIndexBuffer, 
882, 85, DrawIndexedInstanced, 125
883, 85, SetGraphicsRootConstantBufferView, 
884, 85, SetGraphicsRoot32BitConstants, 
885, 85, SetGraphicsRoot32BitConstants, 
886, 85, SetGraphicsRootShaderResourceView, 
887, 85, SetGraphicsRoot32BitConstants, 
888, 85, SetGraphicsRoot32BitConstants, 
889, 85, IASetVertexBuffers, 
890, 85, IASetPrimitiveTopology, 
891, 85, IASetIndexBuffer, 
892, 85, DrawIndexedInstanced, 126
893, 85, SetGraphicsRootConstantBufferView, 
894, 85, SetGraphicsRoot32BitConstants, 
895, 85, SetGraphicsRoot32BitConstants, 
896, 85, SetGraphicsRootShaderResourceView, 
897, 85, SetGraphicsRoot32BitConstants, 
898, 85, SetGraphicsRoot32BitConstants, 
899, 85, IASetVertexBuffers, 
900, 85, IASetPrimitiveTopology, 
901, 85, IASetIndexBuffer, 
902, 85, DrawIndexedInstanced, 127
903, 85, SetGraphicsRootConstantBufferView, 
904, 85, SetGraphicsRoot32BitConstants, 
905, 85, SetGraphicsRoot32BitConstants, 
906, 85, SetGraphicsRootShaderResourceView, 
907, 85, SetGraphicsRoot32BitConstants, 
908, 85, SetGraphicsRoot32BitConstants, 
909, 85, IASetVertexBuffers, 
910, 85, IASetPrimitiveTopology, 
911, 85, IASetIndexBuffer, 
912, 85, DrawIndexedInstanced, 128
913, 85, SetGraphicsRootConstantBufferView, 
914, 85, SetGraphicsRoot32BitConstants, 
915, 85, SetGraphicsRoot32BitConstants, 
916, 85, SetGraphicsRootShaderResourceView, 
917, 85, SetGraphicsRoot32BitConstants, 
918, 85, SetGraphicsRoot32BitConstants, 
919, 85, IASetVertexBuffers, 
920, 85, IASetPrimitiveTopology, 
921, 85, IASetIndexBuffer, 
922, 85, DrawIndexedInstanced, 129
923, 85, SetGraphicsRootConstantBufferView, 
924, 85, SetGraphicsRoot32BitConstants, 
925, 85, SetGraphicsRoot32BitConstants, 
926, 85, SetGraphicsRootShaderResourceView, 
927, 85, SetGraphicsRoot32BitConstants, 
928, 85, SetGraphicsRoot32BitConstants, 
929, 85, IASetVertexBuffers, 
930, 85, IASetPrimitiveTopology, 
931, 85, IASetIndexBuffer, 
932, 85, DrawIndexedInstanced, 130
933, 85, SetGraphicsRootConstantBufferView, 
934, 85, SetGraphicsRoot32BitConstants, 
935, 85, SetGraphicsRoot32BitConstants, 
936, 85, SetGraphicsRootShaderResourceView, 
937, 85, SetGraphicsRoot32BitConstants, 
938, 85, SetGraphicsRoot32BitConstants, 
939, 85, IASetVertexBuffers, 
940, 85, IASetPrimitiveTopology, 
941, 85, IASetIndexBuffer, 
942, 85, DrawIndexedInstanced, 131
943, 85, SetGraphicsRootConstantBufferView, 
944, 85, SetGraphicsRoot32BitConstants, 
945, 85, SetGraphicsRoot32BitConstants, 
946, 85, SetGraphicsRootShaderResourceView, 
947, 85, SetGraphicsRoot32BitConstants, 
948, 85, SetGraphicsRoot32BitConstants, 
949, 85, IASetVertexBuffers, 
950, 85, IASetPrimitiveTopology, 
951, 85, IASetIndexBuffer, 
952, 85, DrawIndexedInstanced, 132
953, 85, SetGraphicsRootConstantBufferView, 
954, 85, SetGraphicsRoot32BitConstants, 
955, 85, SetGraphicsRoot32BitConstants, 
956, 85, SetGraphicsRootShaderResourceView, 
957, 85, SetGraphicsRoot32BitConstants, 
958, 85, SetGraphicsRoot32BitConstants, 
959, 85, IASetVertexBuffers, 
960, 85, IASetPrimitiveTopology, 
961, 85, IASetIndexBuffer, 
962, 85, DrawIndexedInstanced, 133
963, 85, SetGraphicsRootConstantBufferView, 
964, 85, SetGraphicsRoot32BitConstants, 
965, 85, SetGraphicsRoot32BitConstants, 
966, 85, SetGraphicsRootShaderResourceView, 
967, 85, SetGraphicsRoot32BitConstants, 
968, 85, SetGraphicsRoot32BitConstants, 
969, 85, IASetVertexBuffers, 
970, 85, IASetPrimitiveTopology, 
971, 85, IASetIndexBuffer, 
972, 85, DrawIndexedInstanced, 134
973, 85, SetGraphicsRootConstantBufferView, 
974, 85, SetGraphicsRoot32BitConstants, 
975, 85, SetGraphicsRoot32BitConstants, 
976, 85, SetGraphicsRootShaderResourceView, 
977, 85, SetGraphicsRoot32BitConstants, 
978, 85, SetGraphicsRoot32BitConstants, 
979, 85, IASetVertexBuffers, 
980, 85, IASetPrimitiveTopology, 
981, 85, IASetIndexBuffer, 
982, 85, DrawIndexedInstanced, 135
983, 85, SetGraphicsRootConstantBufferView, 
984, 85, SetGraphicsRoot32BitConstants, 
985, 85, SetGraphicsRoot32BitConstants, 
986, 85, SetGraphicsRootShaderResourceView, 
987, 85, SetGraphicsRoot32BitConstants, 
988, 85, SetGraphicsRoot32BitConstants, 
989, 85, IASetVertexBuffers, 
990, 85, IASetPrimitiveTopology, 
991, 85, IASetIndexBuffer, 
992, 85, DrawIndexedInstanced, 136
993, 85, SetGraphicsRootConstantBufferView, 
994, 85, SetGraphicsRoot32BitConstants, 
995, 85, SetGraphicsRoot32BitConstants, 
996, 85, SetGraphicsRootShaderResourceView, 
997, 85, SetGraphicsRoot32BitConstants, 
998, 85, SetGraphicsRoot32BitConstants, 
999, 85, IASetVertexBuffers, 
1000, 85, IASetPrimitiveTopology, 
1001, 85, IASetIndexBuffer, 
1002, 85, DrawIndexedInstanced, 137
1003, 85, SetGraphicsRootConstantBufferView, 
1004, 85, SetGraphicsRoot32BitConstants, 
1005, 85, SetGraphicsRoot32BitConstants, 
1006, 85, SetGraphicsRootShaderResourceView, 
1007, 85, SetGraphicsRoot32BitConstants, 
1008, 85, SetGraphicsRoot32BitConstants, 
1009, 85, IASetVertexBuffers, 
1010, 85, IASetPrimitiveTopology, 
1011, 85, IASetIndexBuffer, 
1012, 85, DrawIndexedInstanced, 138
1013, 85, SetGraphicsRootConstantBufferView, 
1014, 85, SetGraphicsRoot32BitConstants, 
1015, 85, SetGraphicsRoot32BitConstants, 
1016, 85, SetGraphicsRootShaderResourceView, 
1017, 85, SetGraphicsRoot32BitConstants, 
1018, 85, SetGraphicsRoot32BitConstants, 
1019, 85, IASetVertexBuffers, 
1020, 85, IASetPrimitiveTopology, 
1021, 85, IASetIndexBuffer, 
1022, 85, DrawIndexedInstanced, 139
1023, 85, SetGraphicsRootConstantBufferView, 
1024, 85, SetGraphicsRoot32BitConstants, 
1025, 85, SetGraphicsRoot32BitConstants, 
1026, 85, SetGraphicsRootShaderResourceView, 
1027, 85, SetGraphicsRoot32BitConstants, 
1028, 85, SetGraphicsRoot32BitConstants, 
1029, 85, IASetVertexBuffers, 
1030, 85, IASetPrimitiveTopology, 
1031, 85, IASetIndexBuffer, 
1032, 85, DrawIndexedInstanced, 140
1033, 85, SetGraphicsRootConstantBufferView, 
1034, 85, SetGraphicsRoot32BitConstants, 
1035, 85, SetGraphicsRoot32BitConstants, 
1036, 85, SetGraphicsRootShaderResourceView, 
1037, 85, SetGraphicsRoot32BitConstants, 
1038, 85, SetGraphicsRoot32BitConstants, 
1039, 85, IASetVertexBuffers, 
1040, 85, IASetPrimitiveTopology, 
1041, 85, IASetIndexBuffer, 
1042, 85, DrawIndexedInstanced, 141
1043, 85, SetGraphicsRootConstantBufferView, 
1044, 85, SetGraphicsRoot32BitConstants, 
1045, 85, SetGraphicsRoot32BitConstants, 
1046, 85, SetGraphicsRootShaderResourceView, 
1047, 85, SetGraphicsRoot32BitConstants, 
1048, 85, SetGraphicsRoot32BitConstants, 
1049, 85, IASetVertexBuffers, 
1050, 85, IASetPrimitiveTopology, 
1051, 85, IASetIndexBuffer, 
1052, 85, DrawIndexedInstanced, 142
1053, 85, SetGraphicsRootConstantBufferView, 
1054, 85, SetGraphicsRoot32BitConstants, 
1055, 85, SetGraphicsRoot32BitConstants, 
1056, 85, SetGraphicsRootShaderResourceView, 
1057, 85, SetGraphicsRoot32BitConstants, 
1058, 85, SetGraphicsRoot32BitConstants, 
1059, 85, IASetVertexBuffers, 
1060, 85, IASetPrimitiveTopology, 
1061, 85, IASetIndexBuffer, 
1062, 85, DrawIndexedInstanced, 143
1063, 85, SetGraphicsRootConstantBufferView, 
1064, 85, SetGraphicsRoot32BitConstants, 
1065, 85, SetGraphicsRoot32BitConstants, 
1066, 85, SetGraphicsRootShaderResourceView, 
1067, 85, SetGraphicsRoot32BitConstants, 
1068, 85, SetGraphicsRoot32BitConstants, 
1069, 85, IASetVertexBuffers, 
1070, 85, IASetPrimitiveTopology, 
1071, 85, IASetIndexBuffer, 
1072, 85, DrawIndexedInstanced, 144
1073, 85, SetGraphicsRootConstantBufferView, 
1074, 85, SetGraphicsRoot32BitConstants, 
1075, 85, SetGraphicsRoot32BitConstants, 
1076, 85, SetGraphicsRootShaderResourceView, 
1077, 85, SetGraphicsRoot32BitConstants, 
1078, 85, SetGraphicsRoot32BitConstants, 
1079, 85, IASetVertexBuffers, 
1080, 85, IASetPrimitiveTopology, 
1081, 85, IASetIndexBuffer, 
1082, 85, DrawIndexedInstanced, 145
1083, 85, SetGraphicsRootConstantBufferView, 
1084, 85, SetGraphicsRoot32BitConstants, 
1085, 85, SetGraphicsRoot32BitConstants, 
1086, 85, SetGraphicsRootShaderResourceView, 
1087, 85, SetGraphicsRoot32BitConstants, 
1088, 85, SetGraphicsRoot32BitConstants, 
1089, 85, IASetVertexBuffers, 
1090, 85, IASetPrimitiveTopology, 
1091, 85, IASetIndexBuffer, 
1092, 85, DrawIndexedInstanced, 146
1093, 85, SetGraphicsRootConstantBufferView, 
1094, 85, SetGraphicsRoot32BitConstants, 
1095, 85, SetGraphicsRoot32BitConstants, 
1096, 85, SetGraphicsRootShaderResourceView, 
1097, 85, SetGraphicsRoot32BitConstants, 
1098, 85, SetGraphicsRoot32BitConstants, 
1099, 85, IASetVertexBuffers, 
1100, 85, IASetPrimitiveTopology, 
1101, 85, IASetIndexBuffer, 
1102, 85, DrawIndexedInstanced, 147
1103, 85, SetGraphicsRootConstantBufferView, 
1104, 85, SetGraphicsRoot32BitConstants, 
1105, 85, SetGraphicsRoot32BitConstants, 
1106, 85, SetGraphicsRootShaderResourceView, 
1107, 85, SetGraphicsRoot32BitConstants, 
1108, 85, SetGraphicsRoot32BitConstants, 
1109, 85, IASetVertexBuffers, 
1110, 85, IASetPrimitiveTopology, 
1111, 85, IASetIndexBuffer, 
1112, 85, DrawIndexedInstanced, 148
1113, 85, SetGraphicsRootConstantBufferView, 
1114, 85, SetGraphicsRoot32BitConstants, 
1115, 85, SetGraphicsRoot32BitConstants, 
1116, 85, SetGraphicsRootShaderResourceView, 
1117, 85, SetGraphicsRoot32BitConstants, 
1118, 85, SetGraphicsRoot32BitConstants, 
1119, 85, IASetVertexBuffers, 
1120, 85, IASetPrimitiveTopology, 
1121, 85, IASetIndexBuffer, 
1122, 85, DrawIndexedInstanced, 149
1123, 85, SetGraphicsRootConstantBufferView, 
1124, 85, SetGraphicsRoot32BitConstants, 
1125, 85, SetGraphicsRoot32BitConstants, 
1126, 85, SetGraphicsRootShaderResourceView, 
1127, 85, SetGraphicsRoot32BitConstants, 
1128, 85, SetGraphicsRoot32BitConstants, 
1129, 85, IASetVertexBuffers, 
1130, 85, IASetPrimitiveTopology, 
1131, 85, IASetIndexBuffer, 
1132, 85, DrawIndexedInstanced, 150
1133, 85, SetGraphicsRootConstantBufferView, 
1134, 85, SetGraphicsRoot32BitConstants, 
1135, 85, SetGraphicsRoot32BitConstants, 
1136, 85, SetGraphicsRootShaderResourceView, 
1137, 85, SetGraphicsRoot32BitConstants, 
1138, 85, SetGraphicsRoot32BitConstants, 
1139, 85, IASetVertexBuffers, 
1140, 85, IASetPrimitiveTopology, 
1141, 85, IASetIndexBuffer, 
1142, 85, DrawIndexedInstanced, 151
1143, 85, SetGraphicsRootConstantBufferView, 
1144, 85, SetGraphicsRoot32BitConstants, 
1145, 85, SetGraphicsRoot32BitConstants, 
1146, 85, SetGraphicsRootShaderResourceView, 
1147, 85, SetGraphicsRoot32BitConstants, 
1148, 85, SetGraphicsRoot32BitConstants, 
1149, 85, IASetVertexBuffers, 
1150, 85, IASetPrimitiveTopology, 
1151, 85, IASetIndexBuffer, 
1152, 85, DrawIndexedInstanced, 152
1153, 85, SetGraphicsRootConstantBufferView, 
1154, 85, SetGraphicsRoot32BitConstants, 
1155, 85, SetGraphicsRoot32BitConstants, 
1156, 85, SetGraphicsRootShaderResourceView, 
1157, 85, SetGraphicsRoot32BitConstants, 
1158, 85, SetGraphicsRoot32BitConstants, 
1159, 85, IASetVertexBuffers, 
1160, 85, IASetPrimitiveTopology, 
1161, 85, IASetIndexBuffer, 
1162, 85, DrawIndexedInstanced, 153
1163, 85, SetGraphicsRootConstantBufferView, 
1164, 85, SetGraphicsRoot32BitConstants, 
1165, 85, SetGraphicsRoot32BitConstants, 
1166, 85, SetGraphicsRootShaderResourceView, 
1167, 85, SetGraphicsRoot32BitConstants, 
1168, 85, SetGraphicsRoot32BitConstants, 
1169, 85, IASetVertexBuffers, 
1170, 85, IASetPrimitiveTopology, 
1171, 85, IASetIndexBuffer, 
1172, 85, DrawIndexedInstanced, 154
1173, 85, SetGraphicsRootConstantBufferView, 
1174, 85, SetGraphicsRoot32BitConstants, 
1175, 85, SetGraphicsRoot32BitConstants, 
1176, 85, SetGraphicsRootShaderResourceView, 
1177, 85, SetGraphicsRoot32BitConstants, 
1178, 85, SetGraphicsRoot32BitConstants, 
1179, 85, IASetVertexBuffers, 
1180, 85, IASetPrimitiveTopology, 
1181, 85, IASetIndexBuffer, 
1182, 85, DrawIndexedInstanced, 155
1183, 85, SetGraphicsRootConstantBufferView, 
1184, 85, SetGraphicsRoot32BitConstants, 
1185, 85, SetGraphicsRoot32BitConstants, 
1186, 85, SetGraphicsRootShaderResourceView, 
1187, 85, SetGraphicsRoot32BitConstants, 
1188, 85, SetGraphicsRoot32BitConstants, 
1189, 85, IASetVertexBuffers, 
1190, 85, IASetPrimitiveTopology, 
1191, 85, IASetIndexBuffer, 
1192, 85, DrawIndexedInstanced, 156
1193, 85, SetGraphicsRootConstantBufferView, 
1194, 85, SetGraphicsRoot32BitConstants, 
1195, 85, SetGraphicsRoot32BitConstants, 
1196, 85, SetGraphicsRootShaderResourceView, 
1197, 85, SetGraphicsRoot32BitConstants, 
1198, 85, SetGraphicsRoot32BitConstants, 
1199, 85, IASetVertexBuffers, 
1200, 85, IASetPrimitiveTopology, 
1201, 85, IASetIndexBuffer, 
1202, 85, DrawIndexedInstanced, 157
1203, 85, SetGraphicsRootConstantBufferView, 
1204, 85, SetGraphicsRoot32BitConstants, 
1205, 85, SetGraphicsRoot32BitConstants, 
1206, 85, SetGraphicsRootShaderResourceView, 
1207, 85, SetGraphicsRoot32BitConstants, 
1208, 85, SetGraphicsRoot32BitConstants, 
1209, 85, IASetVertexBuffers, 
1210, 85, IASetPrimitiveTopology, 
1211, 85, IASetIndexBuffer, 
1212, 85, DrawIndexedInstanced, 158
1213, 85, SetGraphicsRootConstantBufferView, 
1214, 85, SetGraphicsRoot32BitConstants, 
1215, 85, SetGraphicsRoot32BitConstants, 
1216, 85, SetGraphicsRootShaderResourceView, 
1217, 85, SetGraphicsRoot32BitConstants, 
1218, 85, SetGraphicsRoot32BitConstants, 
1219, 85, IASetVertexBuffers, 
1220, 85, IASetPrimitiveTopology, 
1221, 85, IASetIndexBuffer, 
1222, 85, DrawIndexedInstanced, 159
1223, 85, SetGraphicsRootConstantBufferView, 
1224, 85, SetGraphicsRoot32BitConstants, 
1225, 85, SetGraphicsRoot32BitConstants, 
1226, 85, SetGraphicsRootShaderResourceView, 
1227, 85, SetGraphicsRoot32BitConstants, 
1228, 85, SetGraphicsRoot32BitConstants, 
1229, 85, IASetVertexBuffers, 
1230, 85, IASetPrimitiveTopology, 
1231, 85, IASetIndexBuffer, 
1232, 85, DrawIndexedInstanced, 160
1233, 85, SetGraphicsRootConstantBufferView, 
1234, 85, SetGraphicsRoot32BitConstants, 
1235, 85, SetGraphicsRoot32BitConstants, 
1236, 85, SetGraphicsRootShaderResourceView, 
1237, 85, SetGraphicsRoot32BitConstants, 
1238, 85, SetGraphicsRoot32BitConstants, 
1239, 85, IASetVertexBuffers, 
1240, 85, IASetPrimitiveTopology, 
1241, 85, IASetIndexBuffer, 
1242, 85, DrawIndexedInstanced, 161
1243, 85, SetGraphicsRootConstantBufferView, 
1244, 85, SetGraphicsRoot32BitConstants, 
1245, 85, SetGraphicsRoot32BitConstants, 
1246, 85, SetGraphicsRootShaderResourceView, 
1247, 85, SetGraphicsRoot32BitConstants, 
1248, 85, SetGraphicsRoot32BitConstants, 
1249, 85, IASetVertexBuffers, 
1250, 85, IASetPrimitiveTopology, 
1251, 85, IASetIndexBuffer, 
1252, 85, DrawIndexedInstanced, 162
1253, 85, SetGraphicsRootConstantBufferView, 
1254, 85, SetGraphicsRoot32BitConstants, 
1255, 85, SetGraphicsRoot32BitConstants, 
1256, 85, SetGraphicsRootShaderResourceView, 
1257, 85, SetGraphicsRoot32BitConstants, 
1258, 85, SetGraphicsRoot32BitConstants, 
1259, 85, IASetVertexBuffers, 
1260, 85, IASetPrimitiveTopology, 
1261, 85, IASetIndexBuffer, 
1262, 85, DrawIndexedInstanced, 163
1263, 85, SetGraphicsRootConstantBufferView, 
1264, 85, SetGraphicsRoot32BitConstants, 
1265, 85, SetGraphicsRoot32BitConstants, 
1266, 85, SetGraphicsRootShaderResourceView, 
1267, 85, SetGraphicsRoot32BitConstants, 
1268, 85, SetGraphicsRoot32BitConstants, 
1269, 85, IASetVertexBuffers, 
1270, 85, IASetPrimitiveTopology, 
1271, 85, IASetIndexBuffer, 
1272, 85, DrawIndexedInstanced, 164
1273, 85, SetGraphicsRootConstantBufferView, 
1274, 85, SetGraphicsRoot32BitConstants, 
1275, 85, SetGraphicsRoot32BitConstants, 
1276, 85, SetGraphicsRootShaderResourceView, 
1277, 85, SetGraphicsRoot32BitConstants, 
1278, 85, SetGraphicsRoot32BitConstants, 
1279, 85, IASetVertexBuffers, 
1280, 85, IASetPrimitiveTopology, 
1281, 85, IASetIndexBuffer, 
1282, 85, DrawIndexedInstanced, 165
1283, 85, SetGraphicsRootConstantBufferView, 
1284, 85, SetGraphicsRoot32BitConstants, 
1285, 85, SetGraphicsRoot32BitConstants, 
1286, 85, SetGraphicsRootShaderResourceView, 
1287, 85, SetGraphicsRoot32BitConstants, 
1288, 85, SetGraphicsRoot32BitConstants, 
1289, 85, IASetVertexBuffers, 
1290, 85, IASetPrimitiveTopology, 
1291, 85, IASetIndexBuffer, 
1292, 85, DrawIndexedInstanced, 166
1293, 85, SetGraphicsRootConstantBufferView, 
1294, 85, SetGraphicsRoot32BitConstants, 
1295, 85, SetGraphicsRoot32BitConstants, 
1296, 85, SetGraphicsRootShaderResourceView, 
1297, 85, SetGraphicsRoot32BitConstants, 
1298, 85, SetGraphicsRoot32BitConstants, 
1299, 85, IASetVertexBuffers, 
1300, 85, IASetPrimitiveTopology, 
1301, 85, IASetIndexBuffer, 
1302, 85, DrawIndexedInstanced, 167
1303, 85, SetGraphicsRootConstantBufferView, 
1304, 85, SetGraphicsRoot32BitConstants, 
1305, 85, SetGraphicsRoot32BitConstants, 
1306, 85, SetGraphicsRootShaderResourceView, 
1307, 85, SetGraphicsRoot32BitConstants, 
1308, 85, SetGraphicsRoot32BitConstants, 
1309, 85, IASetVertexBuffers, 
1310, 85, IASetPrimitiveTopology, 
1311, 85, IASetIndexBuffer, 
1312, 85, DrawIndexedInstanced, 168
1313, 85, SetGraphicsRootConstantBufferView, 
1314, 85, SetGraphicsRoot32BitConstants, 
1315, 85, SetGraphicsRoot32BitConstants, 
1316, 85, SetGraphicsRootShaderResourceView, 
1317, 85, SetGraphicsRoot32BitConstants, 
1318, 85, SetGraphicsRoot32BitConstants, 
1319, 85, IASetVertexBuffers, 
1320, 85, IASetPrimitiveTopology, 
1321, 85, IASetIndexBuffer, 
1322, 85, DrawIndexedInstanced, 169
1323, 85, SetGraphicsRootConstantBufferView, 
1324, 85, SetGraphicsRoot32BitConstants, 
1325, 85, SetGraphicsRoot32BitConstants, 
1326, 85, SetGraphicsRootShaderResourceView, 
1327, 85, SetGraphicsRoot32BitConstants, 
1328, 85, SetGraphicsRoot32BitConstants, 
1329, 85, IASetVertexBuffers, 
1330, 85, IASetPrimitiveTopology, 
1331, 85, IASetIndexBuffer, 
1332, 85, DrawIndexedInstanced, 170
1333, 85, SetGraphicsRootConstantBufferView, 
1334, 85, SetGraphicsRoot32BitConstants, 
1335, 85, SetGraphicsRoot32BitConstants, 
1336, 85, SetGraphicsRootShaderResourceView, 
1337, 85, SetGraphicsRoot32BitConstants, 
1338, 85, SetGraphicsRoot32BitConstants, 
1339, 85, IASetVertexBuffers, 
1340, 85, IASetPrimitiveTopology, 
1341, 85, IASetIndexBuffer, 
1342, 85, DrawIndexedInstanced, 171
1343, 85, SetGraphicsRootConstantBufferView, 
1344, 85, SetGraphicsRoot32BitConstants, 
1345, 85, SetGraphicsRoot32BitConstants, 
1346, 85, SetGraphicsRootShaderResourceView, 
1347, 85, SetGraphicsRoot32BitConstants, 
1348, 85, SetGraphicsRoot32BitConstants, 
1349, 85, IASetVertexBuffers, 
1350, 85, IASetPrimitiveTopology, 
1351, 85, IASetIndexBuffer, 
1352, 85, DrawIndexedInstanced, 172
1353, 85, SetGraphicsRootConstantBufferView, 
1354, 85, SetGraphicsRoot32BitConstants, 
1355, 85, SetGraphicsRoot32BitConstants, 
1356, 85, SetGraphicsRootShaderResourceView, 
1357, 85, SetGraphicsRoot32BitConstants, 
1358, 85, SetGraphicsRoot32BitConstants, 
1359, 85, IASetVertexBuffers, 
1360, 85, IASetPrimitiveTopology, 
1361, 85, IASetIndexBuffer, 
1362, 85, DrawIndexedInstanced, 173
1363, 85, SetGraphicsRootConstantBufferView, 
1364, 85, SetGraphicsRoot32BitConstants, 
1365, 85, SetGraphicsRoot32BitConstants, 
1366, 85, SetGraphicsRootShaderResourceView, 
1367, 85, SetGraphicsRoot32BitConstants, 
1368, 85, SetGraphicsRoot32BitConstants, 
1369, 85, IASetVertexBuffers, 
1370, 85, IASetPrimitiveTopology, 
1371, 85, IASetIndexBuffer, 
1372, 85, DrawIndexedInstanced, 174
1373, 85, SetGraphicsRootConstantBufferView, 
1374, 85, SetGraphicsRoot32BitConstants, 
1375, 85, SetGraphicsRoot32BitConstants, 
1376, 85, SetGraphicsRootShaderResourceView, 
1377, 85, SetGraphicsRoot32BitConstants, 
1378, 85, SetGraphicsRoot32BitConstants, 
1379, 85, IASetVertexBuffers, 
1380, 85, IASetPrimitiveTopology, 
1381, 85, IASetIndexBuffer, 
1382, 85, DrawIndexedInstanced, 175
1383, 85, SetGraphicsRootConstantBufferView, 
1384, 85, SetGraphicsRoot32BitConstants, 
1385, 85, SetGraphicsRoot32BitConstants, 
1386, 85, SetGraphicsRootShaderResourceView, 
1387, 85, SetGraphicsRoot32BitConstants, 
1388, 85, SetGraphicsRoot32BitConstants, 
1389, 85, IASetVertexBuffers, 
1390, 85, IASetPrimitiveTopology, 
1391, 85, IASetIndexBuffer, 
1392, 85, DrawIndexedInstanced, 176
1393, 85, SetGraphicsRootConstantBufferView, 
1394, 85, SetGraphicsRoot32BitConstants, 
1395, 85, SetGraphicsRoot32BitConstants, 
1396, 85, SetGraphicsRootShaderResourceView, 
1397, 85, SetGraphicsRoot32BitConstants, 
1398, 85, SetGraphicsRoot32BitConstants, 
1399, 85, IASetVertexBuffers, 
1400, 85, IASetPrimitiveTopology, 
1401, 85, IASetIndexBuffer, 
1402, 85, DrawIndexedInstanced, 177
1403, 85, SetGraphicsRootConstantBufferView, 
1404, 85, SetGraphicsRoot32BitConstants, 
1405, 85, SetGraphicsRoot32BitConstants, 
1406, 85, SetGraphicsRootShaderResourceView, 
1407, 85, SetGraphicsRootConstantBufferView, 
1408, 85, SetGraphicsRoot32BitConstants, 
1409, 85, SetGraphicsRoot32BitConstants, 
1410, 85, SetGraphicsRootShaderResourceView, 
1411, 85, SetGraphicsRootConstantBufferView, 
1412, 85, SetGraphicsRoot32BitConstants, 
1413, 85, SetGraphicsRoot32BitConstants, 
1414, 85, SetGraphicsRootShaderResourceView, 
1415, 85, SetGraphicsRoot32BitConstants, 
1416, 85, SetGraphicsRoot32BitConstants, 
1417, 85, IASetVertexBuffers, 
1418, 85, IASetPrimitiveTopology, 
1419, 85, IASetIndexBuffer, 
1420, 85, DrawIndexedInstanced, 178
1421, 85, SetGraphicsRootConstantBufferView, 
1422, 85, SetGraphicsRoot32BitConstants, 
1423, 85, SetGraphicsRoot32BitConstants, 
1424, 85, SetGraphicsRootShaderResourceView, 
1425, 85, SetGraphicsRoot32BitConstants, 
1426, 85, SetGraphicsRoot32BitConstants, 
1427, 85, IASetVertexBuffers, 
1428, 85, IASetPrimitiveTopology, 
1429, 85, IASetIndexBuffer, 
1430, 85, DrawIndexedInstanced, 179
1431, 85, SetGraphicsRootConstantBufferView, 
1432, 85, SetGraphicsRoot32BitConstants, 
1433, 85, SetGraphicsRoot32BitConstants, 
1434, 85, SetGraphicsRootShaderResourceView, 
1435, 85, SetGraphicsRoot32BitConstants, 
1436, 85, SetGraphicsRoot32BitConstants, 
1437, 85, IASetVertexBuffers, 
1438, 85, IASetPrimitiveTopology, 
1439, 85, IASetIndexBuffer, 
1440, 85, DrawIndexedInstanced, 180
1441, 85, SetGraphicsRootConstantBufferView, 
1442, 85, SetGraphicsRoot32BitConstants, 
1443, 85, SetGraphicsRoot32BitConstants, 
1444, 85, SetGraphicsRootShaderResourceView, 
1445, 85, SetGraphicsRoot32BitConstants, 
1446, 85, SetGraphicsRoot32BitConstants, 
1447, 85, IASetVertexBuffers, 
1448, 85, IASetPrimitiveTopology, 
1449, 85, IASetIndexBuffer, 
1450, 85, DrawIndexedInstanced, 181
1451, 85, SetGraphicsRootConstantBufferView, 
1452, 85, SetGraphicsRoot32BitConstants, 
1453, 85, SetGraphicsRoot32BitConstants, 
1454, 85, SetGraphicsRootShaderResourceView, 
1455, 85, SetGraphicsRoot32BitConstants, 
1456, 85, SetGraphicsRoot32BitConstants, 
1457, 85, IASetVertexBuffers, 
1458, 85, IASetPrimitiveTopology, 
1459, 85, IASetIndexBuffer, 
1460, 85, DrawIndexedInstanced, 182
1461, 85, SetGraphicsRootConstantBufferView, 
1462, 85, SetGraphicsRoot32BitConstants, 
1463, 85, SetGraphicsRoot32BitConstants, 
1464, 85, SetGraphicsRootShaderResourceView, 
1465, 85, SetGraphicsRoot32BitConstants, 
1466, 85, SetGraphicsRoot32BitConstants, 
1467, 85, IASetVertexBuffers, 
1468, 85, IASetPrimitiveTopology, 
1469, 85, IASetIndexBuffer, 
1470, 85, DrawIndexedInstanced, 183
1471, 85, SetGraphicsRootConstantBufferView, 
1472, 85, SetGraphicsRoot32BitConstants, 
1473, 85, SetGraphicsRoot32BitConstants, 
1474, 85, SetGraphicsRootShaderResourceView, 
1475, 85, SetGraphicsRoot32BitConstants, 
1476, 85, SetGraphicsRoot32BitConstants, 
1477, 85, IASetVertexBuffers, 
1478, 85, IASetPrimitiveTopology, 
1479, 85, IASetIndexBuffer, 
1480, 85, DrawIndexedInstanced, 184
1481, 85, SetGraphicsRootConstantBufferView, 
1482, 85, SetGraphicsRoot32BitConstants, 
1483, 85, SetGraphicsRoot32BitConstants, 
1484, 85, SetGraphicsRootShaderResourceView, 
1485, 85, SetGraphicsRoot32BitConstants, 
1486, 85, SetGraphicsRoot32BitConstants, 
1487, 85, IASetVertexBuffers, 
1488, 85, IASetPrimitiveTopology, 
1489, 85, IASetIndexBuffer, 
1490, 85, DrawIndexedInstanced, 185
1491, 85, SetGraphicsRootConstantBufferView, 
1492, 85, SetGraphicsRoot32BitConstants, 
1493, 85, SetGraphicsRoot32BitConstants, 
1494, 85, SetGraphicsRootShaderResourceView, 
1495, 85, SetGraphicsRoot32BitConstants, 
1496, 85, SetGraphicsRoot32BitConstants, 
1497, 85, IASetVertexBuffers, 
1498, 85, IASetPrimitiveTopology, 
1499, 85, IASetIndexBuffer, 
1500, 85, DrawIndexedInstanced, 186
1501, 85, SetGraphicsRootConstantBufferView, 
1502, 85, SetGraphicsRoot32BitConstants, 
1503, 85, SetGraphicsRoot32BitConstants, 
1504, 85, SetGraphicsRootShaderResourceView, 
1505, 85, SetGraphicsRoot32BitConstants, 
1506, 85, SetGraphicsRoot32BitConstants, 
1507, 85, IASetVertexBuffers, 
1508, 85, IASetPrimitiveTopology, 
1509, 85, IASetIndexBuffer, 
1510, 85, DrawIndexedInstanced, 187
1511, 85, SetGraphicsRootConstantBufferView, 
1512, 85, SetGraphicsRoot32BitConstants, 
1513, 85, SetGraphicsRoot32BitConstants, 
1514, 85, SetGraphicsRootShaderResourceView, 
1515, 85, SetGraphicsRoot32BitConstants, 
1516, 85, SetGraphicsRoot32BitConstants, 
1517, 85, IASetVertexBuffers, 
1518, 85, IASetPrimitiveTopology, 
1519, 85, IASetIndexBuffer, 
1520, 85, DrawIndexedInstanced, 188
1521, 85, SetGraphicsRootConstantBufferView, 
1522, 85, SetGraphicsRoot32BitConstants, 
1523, 85, SetGraphicsRoot32BitConstants, 
1524, 85, SetGraphicsRootShaderResourceView, 
1525, 85, SetGraphicsRoot32BitConstants, 
1526, 85, SetGraphicsRoot32BitConstants, 
1527, 85, IASetVertexBuffers, 
1528, 85, IASetPrimitiveTopology, 
1529, 85, IASetIndexBuffer, 
1530, 85, DrawIndexedInstanced, 189
1531, 85, SetGraphicsRootConstantBufferView, 
1532, 85, SetGraphicsRoot32BitConstants, 
1533, 85, SetGraphicsRoot32BitConstants, 
1534, 85, SetGraphicsRootShaderResourceView, 
1535, 85, SetGraphicsRoot32BitConstants, 
1536, 85, SetGraphicsRoot32BitConstants, 
1537, 85, IASetVertexBuffers, 
1538, 85, IASetPrimitiveTopology, 
1539, 85, IASetIndexBuffer, 
1540, 85, DrawIndexedInstanced, 190
1541, 85, SetGraphicsRootConstantBufferView, 
1542, 85, SetGraphicsRoot32BitConstants, 
1543, 85, SetGraphicsRoot32BitConstants, 
1544, 85, SetGraphicsRootShaderResourceView, 
1545, 85, SetGraphicsRoot32BitConstants, 
1546, 85, SetGraphicsRoot32BitConstants, 
1547, 85, IASetVertexBuffers, 
1548, 85, IASetPrimitiveTopology, 
1549, 85, IASetIndexBuffer, 
1550, 85, DrawIndexedInstanced, 191
1551, 85, SetGraphicsRootConstantBufferView, 
1552, 85, SetGraphicsRoot32BitConstants, 
1553, 85, SetGraphicsRoot32BitConstants, 
1554, 85, SetGraphicsRootShaderResourceView, 
1555, 85, SetGraphicsRoot32BitConstants, 
1556, 85, SetGraphicsRoot32BitConstants, 
1557, 85, IASetVertexBuffers, 
1558, 85, IASetPrimitiveTopology, 
1559, 85, IASetIndexBuffer, 
1560, 85, DrawIndexedInstanced, 192
1561, 85, SetGraphicsRootConstantBufferView, 
1562, 85, SetGraphicsRoot32BitConstants, 
1563, 85, SetGraphicsRoot32BitConstants, 
1564, 85, SetGraphicsRootShaderResourceView, 
1565, 85, SetGraphicsRoot32BitConstants, 
1566, 85, SetGraphicsRoot32BitConstants, 
1567, 85, IASetVertexBuffers, 
1568, 85, IASetPrimitiveTopology, 
1569, 85, IASetIndexBuffer, 
1570, 85, DrawIndexedInstanced, 193
1571, 85, SetGraphicsRootConstantBufferView, 
1572, 85, SetGraphicsRoot32BitConstants, 
1573, 85, SetGraphicsRoot32BitConstants, 
1574, 85, SetGraphicsRootShaderResourceView, 
1575, 85, SetGraphicsRoot32BitConstants, 
1576, 85, SetGraphicsRoot32BitConstants, 
1577, 85, IASetVertexBuffers, 
1578, 85, IASetPrimitiveTopology, 
1579, 85, IASetIndexBuffer, 
1580, 85, DrawIndexedInstanced, 194
1581, 85, SetGraphicsRootConstantBufferView, 
1582, 85, SetGraphicsRoot32BitConstants, 
1583, 85, SetGraphicsRoot32BitConstants, 
1584, 85, SetGraphicsRootShaderResourceView, 
1585, 85, SetGraphicsRoot32BitConstants, 
1586, 85, SetGraphicsRoot32BitConstants, 
1587, 85, IASetVertexBuffers, 
1588, 85, IASetPrimitiveTopology, 
1589, 85, IASetIndexBuffer, 
1590, 85, DrawIndexedInstanced, 195
1591, 85, SetGraphicsRootConstantBufferView, 
1592, 85, SetGraphicsRoot32BitConstants, 
1593, 85, SetGraphicsRoot32BitConstants, 
1594, 85, SetGraphicsRootShaderResourceView, 
1595, 85, SetGraphicsRoot32BitConstants, 
1596, 85, SetGraphicsRoot32BitConstants, 
1597, 85, IASetVertexBuffers, 
1598, 85, IASetPrimitiveTopology, 
1599, 85, IASetIndexBuffer, 
1600, 85, DrawIndexedInstanced, 196
1601, 85, SetGraphicsRootConstantBufferView, 
1602, 85, SetGraphicsRoot32BitConstants, 
1603, 85, SetGraphicsRoot32BitConstants, 
1604, 85, SetGraphicsRootShaderResourceView, 
1605, 85, SetGraphicsRoot32BitConstants, 
1606, 85, SetGraphicsRoot32BitConstants, 
1607, 85, IASetVertexBuffers, 
1608, 85, IASetPrimitiveTopology, 
1609, 85, IASetIndexBuffer, 
1610, 85, DrawIndexedInstanced, 197
1611, 85, SetGraphicsRootConstantBufferView, 
1612, 85, SetGraphicsRoot32BitConstants, 
1613, 85, SetGraphicsRoot32BitConstants, 
1614, 85, SetGraphicsRootShaderResourceView, 
1615, 85, SetGraphicsRoot32BitConstants, 
1616, 85, SetGraphicsRoot32BitConstants, 
1617, 85, IASetVertexBuffers, 
1618, 85, IASetPrimitiveTopology, 
1619, 85, IASetIndexBuffer, 
1620, 85, DrawIndexedInstanced, 198
1621, 85, SetGraphicsRootConstantBufferView, 
1622, 85, SetGraphicsRoot32BitConstants, 
1623, 85, SetGraphicsRoot32BitConstants, 
1624, 85, SetGraphicsRootShaderResourceView, 
1625, 85, SetGraphicsRoot32BitConstants, 
1626, 85, SetGraphicsRoot32BitConstants, 
1627, 85, IASetVertexBuffers, 
1628, 85, IASetPrimitiveTopology, 
1629, 85, IASetIndexBuffer, 
1630, 85, DrawIndexedInstanced, 199
1631, 85, SetGraphicsRootConstantBufferView, 
1632, 85, SetGraphicsRoot32BitConstants, 
1633, 85, SetGraphicsRoot32BitConstants, 
1634, 85, SetGraphicsRootShaderResourceView, 
1635, 85, SetGraphicsRoot32BitConstants, 
1636, 85, SetGraphicsRoot32BitConstants, 
1637, 85, IASetVertexBuffers, 
1638, 85, IASetPrimitiveTopology, 
1639, 85, IASetIndexBuffer, 
1640, 85, DrawIndexedInstanced, 200
1641, 85, SetGraphicsRootConstantBufferView, 
1642, 85, SetGraphicsRoot32BitConstants, 
1643, 85, SetGraphicsRoot32BitConstants, 
1644, 85, SetGraphicsRootShaderResourceView, 
1645, 85, SetGraphicsRoot32BitConstants, 
1646, 85, SetGraphicsRoot32BitConstants, 
1647, 85, IASetVertexBuffers, 
1648, 85, IASetPrimitiveTopology, 
1649, 85, IASetIndexBuffer, 
1650, 85, DrawIndexedInstanced, 201
1651, 85, SetGraphicsRootConstantBufferView, 
1652, 85, SetGraphicsRoot32BitConstants, 
1653, 85, SetGraphicsRoot32BitConstants, 
1654, 85, SetGraphicsRootShaderResourceView, 
1655, 85, SetGraphicsRoot32BitConstants, 
1656, 85, SetGraphicsRoot32BitConstants, 
1657, 85, IASetVertexBuffers, 
1658, 85, IASetPrimitiveTopology, 
1659, 85, IASetIndexBuffer, 
1660, 85, DrawIndexedInstanced, 202
1661, 85, SetGraphicsRootConstantBufferView, 
1662, 85, SetGraphicsRoot32BitConstants, 
1663, 85, SetGraphicsRoot32BitConstants, 
1664, 85, SetGraphicsRootShaderResourceView, 
1665, 85, SetGraphicsRoot32BitConstants, 
1666, 85, SetGraphicsRoot32BitConstants, 
1667, 85, IASetVertexBuffers, 
1668, 85, IASetPrimitiveTopology, 
1669, 85, IASetIndexBuffer, 
1670, 85, DrawIndexedInstanced, 203
1671, 85, SetGraphicsRootConstantBufferView, 
1672, 85, SetGraphicsRoot32BitConstants, 
1673, 85, SetGraphicsRoot32BitConstants, 
1674, 85, SetGraphicsRootShaderResourceView, 
1675, 85, SetGraphicsRoot32BitConstants, 
1676, 85, SetGraphicsRoot32BitConstants, 
1677, 85, IASetVertexBuffers, 
1678, 85, IASetPrimitiveTopology, 
1679, 85, IASetIndexBuffer, 
1680, 85, DrawIndexedInstanced, 204
1681, 85, SetGraphicsRootConstantBufferView, 
1682, 85, SetGraphicsRoot32BitConstants, 
1683, 85, SetGraphicsRoot32BitConstants, 
1684, 85, SetGraphicsRootShaderResourceView, 
1685, 85, SetGraphicsRoot32BitConstants, 
1686, 85, SetGraphicsRoot32BitConstants, 
1687, 85, IASetVertexBuffers, 
1688, 85, IASetPrimitiveTopology, 
1689, 85, IASetIndexBuffer, 
1690, 85, DrawIndexedInstanced, 205
1691, 85, SetGraphicsRootConstantBufferView, 
1692, 85, SetGraphicsRoot32BitConstants, 
1693, 85, SetGraphicsRoot32BitConstants, 
1694, 85, SetGraphicsRootShaderResourceView, 
1695, 85, SetGraphicsRoot32BitConstants, 
1696, 85, SetGraphicsRoot32BitConstants, 
1697, 85, IASetVertexBuffers, 
1698, 85, IASetPrimitiveTopology, 
1699, 85, IASetIndexBuffer, 
1700, 85, DrawIndexedInstanced, 206
1701, 85, SetGraphicsRootConstantBufferView, 
1702, 85, SetGraphicsRoot32BitConstants, 
1703, 85, SetGraphicsRoot32BitConstants, 
1704, 85, SetGraphicsRootShaderResourceView, 
1705, 85, SetGraphicsRoot32BitConstants, 
1706, 85, SetGraphicsRoot32BitConstants, 
1707, 85, IASetVertexBuffers, 
1708, 85, IASetPrimitiveTopology, 
1709, 85, IASetIndexBuffer, 
1710, 85, DrawIndexedInstanced, 207
1711, 85, SetGraphicsRootConstantBufferView, 
1712, 85, SetGraphicsRoot32BitConstants, 
1713, 85, SetGraphicsRoot32BitConstants, 
1714, 85, SetGraphicsRootShaderResourceView, 
1715, 85, SetGraphicsRoot32BitConstants, 
1716, 85, SetGraphicsRoot32BitConstants, 
1717, 85, IASetVertexBuffers, 
1718, 85, IASetPrimitiveTopology, 
1719, 85, IASetIndexBuffer, 
1720, 85, DrawIndexedInstanced, 208
1721, 85, SetGraphicsRootConstantBufferView, 
1722, 85, SetGraphicsRoot32BitConstants, 
1723, 85, SetGraphicsRoot32BitConstants, 
1724, 85, SetGraphicsRootShaderResourceView, 
1725, 85, SetGraphicsRoot32BitConstants, 
1726, 85, SetGraphicsRoot32BitConstants, 
1727, 85, IASetVertexBuffers, 
1728, 85, IASetPrimitiveTopology, 
1729, 85, IASetIndexBuffer, 
1730, 85, DrawIndexedInstanced, 209
1731, 85, SetGraphicsRootConstantBufferView, 
1732, 85, SetGraphicsRoot32BitConstants, 
1733, 85, SetGraphicsRoot32BitConstants, 
1734, 85, SetGraphicsRootShaderResourceView, 
1735, 85, SetGraphicsRoot32BitConstants, 
1736, 85, SetGraphicsRoot32BitConstants, 
1737, 85, IASetVertexBuffers, 
1738, 85, IASetPrimitiveTopology, 
1739, 85, IASetIndexBuffer, 
1740, 85, DrawIndexedInstanced, 210
1741, 85, SetGraphicsRootConstantBufferView, 
1742, 85, SetGraphicsRoot32BitConstants, 
1743, 85, SetGraphicsRoot32BitConstants, 
1744, 85, SetGraphicsRootShaderResourceView, 
1745, 85, SetGraphicsRoot32BitConstants, 
1746, 85, SetGraphicsRoot32BitConstants, 
1747, 85, IASetVertexBuffers, 
1748, 85, IASetPrimitiveTopology, 
1749, 85, IASetIndexBuffer, 
1750, 85, DrawIndexedInstanced, 211
1751, 85, SetGraphicsRootConstantBufferView, 
1752, 85, SetGraphicsRoot32BitConstants, 
1753, 85, SetGraphicsRoot32BitConstants, 
1754, 85, SetGraphicsRootShaderResourceView, 
1755, 85, SetGraphicsRoot32BitConstants, 
1756, 85, SetGraphicsRoot32BitConstants, 
1757, 85, IASetVertexBuffers, 
1758, 85, IASetPrimitiveTopology, 
1759, 85, IASetIndexBuffer, 
1760, 85, DrawIndexedInstanced, 212
1761, 85, SetGraphicsRootConstantBufferView, 
1762, 85, SetGraphicsRoot32BitConstants, 
1763, 85, SetGraphicsRoot32BitConstants, 
1764, 85, SetGraphicsRootShaderResourceView, 
1765, 85, SetGraphicsRootConstantBufferView, 
1766, 85, SetGraphicsRoot32BitConstants, 
1767, 85, SetGraphicsRoot32BitConstants, 
1768, 85, SetGraphicsRootShaderResourceView, 
1769, 85, SetGraphicsRootConstantBufferView, 
1770, 85, SetGraphicsRoot32BitConstants, 
1771, 85, SetGraphicsRoot32BitConstants, 
1772, 85, SetGraphicsRootShaderResourceView, 
1773, 85, SetGraphicsRootConstantBufferView, 
1774, 85, SetGraphicsRoot32BitConstants, 
1775, 85, SetGraphicsRoot32BitConstants, 
1776, 85, SetGraphicsRootShaderResourceView, 
1777, 85, SetGraphicsRoot32BitConstants, 
1778, 85, SetGraphicsRoot32BitConstants, 
1779, 85, IASetVertexBuffers, 
1780, 85, IASetPrimitiveTopology, 
1781, 85, IASetIndexBuffer, 
1782, 85, DrawIndexedInstanced, 213
1783, 85, SetGraphicsRootConstantBufferView, 
1784, 85, SetGraphicsRoot32BitConstants, 
1785, 85, SetGraphicsRoot32BitConstants, 
1786, 85, SetGraphicsRootShaderResourceView, 
1787, 85, SetGraphicsRoot32BitConstants, 
1788, 85, SetGraphicsRoot32BitConstants, 
1789, 85, IASetVertexBuffers, 
1790, 85, IASetPrimitiveTopology, 
1791, 85, IASetIndexBuffer, 
1792, 85, DrawIndexedInstanced, 214
1793, 85, SetGraphicsRootConstantBufferView, 
1794, 85, SetGraphicsRoot32BitConstants, 
1795, 85, SetGraphicsRoot32BitConstants, 
1796, 85, SetGraphicsRootShaderResourceView, 
1797, 85, SetGraphicsRoot32BitConstants, 
1798, 85, SetGraphicsRoot32BitConstants, 
1799, 85, IASetVertexBuffers, 
1800, 85, IASetPrimitiveTopology, 
1801, 85, IASetIndexBuffer, 
1802, 85, DrawIndexedInstanced, 215
1803, 85, SetGraphicsRootConstantBufferView, 
1804, 85, SetGraphicsRoot32BitConstants, 
1805, 85, SetGraphicsRoot32BitConstants, 
1806, 85, SetGraphicsRootShaderResourceView, 
1807, 85, SetGraphicsRoot32BitConstants, 
1808, 85, SetGraphicsRoot32BitConstants, 
1809, 85, IASetVertexBuffers, 
1810, 85, IASetPrimitiveTopology, 
1811, 85, IASetIndexBuffer, 
1812, 85, DrawIndexedInstanced, 216
1813, 85, SetGraphicsRootConstantBufferView, 
1814, 85, SetGraphicsRoot32BitConstants, 
1815, 85, SetGraphicsRoot32BitConstants, 
1816, 85, SetGraphicsRootShaderResourceView, 
1817, 85, SetGraphicsRoot32BitConstants, 
1818, 85, SetGraphicsRoot32BitConstants, 
1819, 85, IASetVertexBuffers, 
1820, 85, IASetPrimitiveTopology, 
1821, 85, IASetIndexBuffer, 
1822, 85, DrawIndexedInstanced, 217
1823, 85, SetGraphicsRootConstantBufferView, 
1824, 85, SetGraphicsRoot32BitConstants, 
1825, 85, SetGraphicsRoot32BitConstants, 
1826, 85, SetGraphicsRootShaderResourceView, 
1827, 85, SetGraphicsRoot32BitConstants, 
1828, 85, SetGraphicsRoot32BitConstants, 
1829, 85, IASetVertexBuffers, 
1830, 85, IASetPrimitiveTopology, 
1831, 85, IASetIndexBuffer, 
1832, 85, DrawIndexedInstanced, 218
1833, 85, SetGraphicsRootConstantBufferView, 
1834, 85, SetGraphicsRoot32BitConstants, 
1835, 85, SetGraphicsRoot32BitConstants, 
1836, 85, SetGraphicsRootShaderResourceView, 
1837, 85, SetGraphicsRoot32BitConstants, 
1838, 85, SetGraphicsRoot32BitConstants, 
1839, 85, IASetVertexBuffers, 
1840, 85, IASetPrimitiveTopology, 
1841, 85, IASetIndexBuffer, 
1842, 85, DrawIndexedInstanced, 219
1843, 85, SetGraphicsRootConstantBufferView, 
1844, 85, SetGraphicsRoot32BitConstants, 
1845, 85, SetGraphicsRoot32BitConstants, 
1846, 85, SetGraphicsRootShaderResourceView, 
1847, 85, SetGraphicsRoot32BitConstants, 
1848, 85, SetGraphicsRoot32BitConstants, 
1849, 85, IASetVertexBuffers, 
1850, 85, IASetPrimitiveTopology, 
1851, 85, IASetIndexBuffer, 
1852, 85, DrawIndexedInstanced, 220
1853, 85, SetGraphicsRootConstantBufferView, 
1854, 85, SetGraphicsRoot32BitConstants, 
1855, 85, SetGraphicsRoot32BitConstants, 
1856, 85, SetGraphicsRootShaderResourceView, 
1857, 85, SetGraphicsRoot32BitConstants, 
1858, 85, SetGraphicsRoot32BitConstants, 
1859, 85, IASetVertexBuffers, 
1860, 85, IASetPrimitiveTopology, 
1861, 85, IASetIndexBuffer, 
1862, 85, DrawIndexedInstanced, 221
1863, 85, SetGraphicsRootConstantBufferView, 
1864, 85, SetGraphicsRoot32BitConstants, 
1865, 85, SetGraphicsRoot32BitConstants, 
1866, 85, SetGraphicsRootShaderResourceView, 
1867, 85, SetGraphicsRoot32BitConstants, 
1868, 85, SetGraphicsRoot32BitConstants, 
1869, 85, IASetVertexBuffers, 
1870, 85, IASetPrimitiveTopology, 
1871, 85, IASetIndexBuffer, 
1872, 85, DrawIndexedInstanced, 222
1873, 85, SetGraphicsRootConstantBufferView, 
1874, 85, SetGraphicsRoot32BitConstants, 
1875, 85, SetGraphicsRoot32BitConstants, 
1876, 85, SetGraphicsRootShaderResourceView, 
1877, 85, SetGraphicsRoot32BitConstants, 
1878, 85, SetGraphicsRoot32BitConstants, 
1879, 85, IASetVertexBuffers, 
1880, 85, IASetPrimitiveTopology, 
1881, 85, IASetIndexBuffer, 
1882, 85, DrawIndexedInstanced, 223
1883, 85, SetGraphicsRootConstantBufferView, 
1884, 85, SetGraphicsRoot32BitConstants, 
1885, 85, SetGraphicsRoot32BitConstants, 
1886, 85, SetGraphicsRootShaderResourceView, 
1887, 85, SetGraphicsRoot32BitConstants, 
1888, 85, SetGraphicsRoot32BitConstants, 
1889, 85, IASetVertexBuffers, 
1890, 85, IASetPrimitiveTopology, 
1891, 85, IASetIndexBuffer, 
1892, 85, DrawIndexedInstanced, 224
1893, 85, SetGraphicsRootConstantBufferView, 
1894, 85, SetGraphicsRoot32BitConstants, 
1895, 85, SetGraphicsRoot32BitConstants, 
1896, 85, SetGraphicsRootShaderResourceView, 
1897, 85, SetGraphicsRoot32BitConstants, 
1898, 85, SetGraphicsRoot32BitConstants, 
1899, 85, IASetVertexBuffers, 
1900, 85, IASetPrimitiveTopology, 
1901, 85, IASetIndexBuffer, 
1902, 85, DrawIndexedInstanced, 225
1903, 85, SetGraphicsRootConstantBufferView, 
1904, 85, SetGraphicsRoot32BitConstants, 
1905, 85, SetGraphicsRoot32BitConstants, 
1906, 85, SetGraphicsRootShaderResourceView, 
1907, 85, SetGraphicsRoot32BitConstants, 
1908, 85, SetGraphicsRoot32BitConstants, 
1909, 85, IASetVertexBuffers, 
1910, 85, IASetPrimitiveTopology, 
1911, 85, IASetIndexBuffer, 
1912, 85, DrawIndexedInstanced, 226
1913, 85, SetGraphicsRootConstantBufferView, 
1914, 85, SetGraphicsRoot32BitConstants, 
1915, 85, SetGraphicsRoot32BitConstants, 
1916, 85, SetGraphicsRootShaderResourceView, 
1917, 85, SetGraphicsRoot32BitConstants, 
1918, 85, SetGraphicsRoot32BitConstants, 
1919, 85, IASetVertexBuffers, 
1920, 85, IASetPrimitiveTopology, 
1921, 85, IASetIndexBuffer, 
1922, 85, DrawIndexedInstanced, 227
1923, 85, SetGraphicsRootConstantBufferView, 
1924, 85, SetGraphicsRoot32BitConstants, 
1925, 85, SetGraphicsRoot32BitConstants, 
1926, 85, SetGraphicsRootShaderResourceView, 
1927, 85, SetGraphicsRoot32BitConstants, 
1928, 85, SetGraphicsRoot32BitConstants, 
1929, 85, IASetVertexBuffers, 
1930, 85, IASetPrimitiveTopology, 
1931, 85, IASetIndexBuffer, 
1932, 85, DrawIndexedInstanced, 228
1933, 85, SetGraphicsRootConstantBufferView, 
1934, 85, SetGraphicsRoot32BitConstants, 
1935, 85, SetGraphicsRoot32BitConstants, 
1936, 85, SetGraphicsRootShaderResourceView, 
1937, 85, SetGraphicsRoot32BitConstants, 
1938, 85, SetGraphicsRoot32BitConstants, 
1939, 85, IASetVertexBuffers, 
1940, 85, IASetPrimitiveTopology, 
1941, 85, IASetIndexBuffer, 
1942, 85, DrawIndexedInstanced, 229
1943, 85, SetGraphicsRootConstantBufferView, 
1944, 85, SetGraphicsRoot32BitConstants, 
1945, 85, SetGraphicsRoot32BitConstants, 
1946, 85, SetGraphicsRootShaderResourceView, 
1947, 85, SetGraphicsRoot32BitConstants, 
1948, 85, SetGraphicsRoot32BitConstants, 
1949, 85, IASetVertexBuffers, 
1950, 85, IASetPrimitiveTopology, 
1951, 85, IASetIndexBuffer, 
1952, 85, DrawIndexedInstanced, 230
1953, 85, SetGraphicsRootConstantBufferView, 
1954, 85, SetGraphicsRoot32BitConstants, 
1955, 85, SetGraphicsRoot32BitConstants, 
1956, 85, SetGraphicsRootShaderResourceView, 
1957, 85, SetGraphicsRoot32BitConstants, 
1958, 85, SetGraphicsRoot32BitConstants, 
1959, 85, IASetVertexBuffers, 
1960, 85, IASetPrimitiveTopology, 
1961, 85, IASetIndexBuffer, 
1962, 85, DrawIndexedInstanced, 231
1963, 85, SetGraphicsRootConstantBufferView, 
1964, 85, SetGraphicsRoot32BitConstants, 
1965, 85, SetGraphicsRoot32BitConstants, 
1966, 85, SetGraphicsRootShaderResourceView, 
1967, 85, SetGraphicsRoot32BitConstants, 
1968, 85, SetGraphicsRoot32BitConstants, 
1969, 85, IASetVertexBuffers, 
1970, 85, IASetPrimitiveTopology, 
1971, 85, IASetIndexBuffer, 
1972, 85, DrawIndexedInstanced, 232
1973, 85, SetGraphicsRootConstantBufferView, 
1974, 85, SetGraphicsRoot32BitConstants, 
1975, 85, SetGraphicsRoot32BitConstants, 
1976, 85, SetGraphicsRootShaderResourceView, 
1977, 85, SetGraphicsRoot32BitConstants, 
1978, 85, SetGraphicsRoot32BitConstants, 
1979, 85, IASetVertexBuffers, 
1980, 85, IASetPrimitiveTopology, 
1981, 85, IASetIndexBuffer, 
1982, 85, DrawIndexedInstanced, 233
1983, 85, SetGraphicsRootConstantBufferView, 
1984, 85, SetGraphicsRoot32BitConstants, 
1985, 85, SetGraphicsRoot32BitConstants, 
1986, 85, SetGraphicsRootShaderResourceView, 
1987, 85, SetGraphicsRoot32BitConstants, 
1988, 85, SetGraphicsRoot32BitConstants, 
1989, 85, IASetVertexBuffers, 
1990, 85, IASetPrimitiveTopology, 
1991, 85, IASetIndexBuffer, 
1992, 85, DrawIndexedInstanced, 234
1993, 85, SetGraphicsRootConstantBufferView, 
1994, 85, SetGraphicsRoot32BitConstants, 
1995, 85, SetGraphicsRoot32BitConstants, 
1996, 85, SetGraphicsRootShaderResourceView, 
1997, 85, SetGraphicsRoot32BitConstants, 
1998, 85, SetGraphicsRoot32BitConstants, 
1999, 85, IASetVertexBuffers, 
2000, 85, IASetPrimitiveTopology, 
2001, 85, IASetIndexBuffer, 
2002, 85, DrawIndexedInstanced, 235
2003, 85, SetGraphicsRootConstantBufferView, 
2004, 85, SetGraphicsRoot32BitConstants, 
2005, 85, SetGraphicsRoot32BitConstants, 
2006, 85, SetGraphicsRootShaderResourceView, 
2007, 85, SetGraphicsRoot32BitConstants, 
2008, 85, SetGraphicsRoot32BitConstants, 
2009, 85, IASetVertexBuffers, 
2010, 85, IASetPrimitiveTopology, 
2011, 85, IASetIndexBuffer, 
2012, 85, DrawIndexedInstanced, 236
2013, 85, SetGraphicsRootConstantBufferView, 
2014, 85, SetGraphicsRoot32BitConstants, 
2015, 85, SetGraphicsRoot32BitConstants, 
2016, 85, SetGraphicsRootShaderResourceView, 
2017, 85, SetGraphicsRoot32BitConstants, 
2018, 85, SetGraphicsRoot32BitConstants, 
2019, 85, IASetVertexBuffers, 
2020, 85, IASetPrimitiveTopology, 
2021, 85, IASetIndexBuffer, 
2022, 85, DrawIndexedInstanced, 237
2023, 85, SetGraphicsRootConstantBufferView, 
2024, 85, SetGraphicsRoot32BitConstants, 
2025, 85, SetGraphicsRoot32BitConstants, 
2026, 85, SetGraphicsRootShaderResourceView, 
2027, 85, SetGraphicsRoot32BitConstants, 
2028, 85, SetGraphicsRoot32BitConstants, 
2029, 85, IASetVertexBuffers, 
2030, 85, IASetPrimitiveTopology, 
2031, 85, IASetIndexBuffer, 
2032, 85, DrawIndexedInstanced, 238
2033, 85, SetGraphicsRootConstantBufferView, 
2034, 85, SetGraphicsRoot32BitConstants, 
2035, 85, SetGraphicsRoot32BitConstants, 
2036, 85, SetGraphicsRootShaderResourceView, 
2037, 85, SetGraphicsRoot32BitConstants, 
2038, 85, SetGraphicsRoot32BitConstants, 
2039, 85, IASetVertexBuffers, 
2040, 85, IASetPrimitiveTopology, 
2041, 85, IASetIndexBuffer, 
2042, 85, DrawIndexedInstanced, 239
2043, 85, SetGraphicsRootConstantBufferView, 
2044, 85, SetGraphicsRoot32BitConstants, 
2045, 85, SetGraphicsRoot32BitConstants, 
2046, 85, SetGraphicsRootShaderResourceView, 
2047, 85, SetGraphicsRoot32BitConstants, 
2048, 85, SetGraphicsRoot32BitConstants, 
2049, 85, IASetVertexBuffers, 
2050, 85, IASetPrimitiveTopology, 
2051, 85, IASetIndexBuffer, 
2052, 85, DrawIndexedInstanced, 240
2053, 85, SetGraphicsRootConstantBufferView, 
2054, 85, SetGraphicsRoot32BitConstants, 
2055, 85, SetGraphicsRoot32BitConstants, 
2056, 85, SetGraphicsRootShaderResourceView, 
2057, 85, SetGraphicsRootConstantBufferView, 
2058, 85, SetGraphicsRoot32BitConstants, 
2059, 85, SetGraphicsRoot32BitConstants, 
2060, 85, SetGraphicsRootShaderResourceView, 
2061, 85, SetGraphicsRootConstantBufferView, 
2062, 85, SetGraphicsRoot32BitConstants, 
2063, 85, SetGraphicsRoot32BitConstants, 
2064, 85, SetGraphicsRootShaderResourceView, 
2065, 85, SetGraphicsRoot32BitConstants, 
2066, 85, SetGraphicsRoot32BitConstants, 
2067, 85, IASetVertexBuffers, 
2068, 85, IASetPrimitiveTopology, 
2069, 85, IASetIndexBuffer, 
2070, 85, DrawIndexedInstanced, 241
2071, 85, SetGraphicsRootConstantBufferView, 
2072, 85, SetGraphicsRoot32BitConstants, 
2073, 85, SetGraphicsRoot32BitConstants, 
2074, 85, SetGraphicsRootShaderResourceView, 
2075, 85, SetGraphicsRoot32BitConstants, 
2076, 85, SetGraphicsRoot32BitConstants, 
2077, 85, IASetVertexBuffers, 
2078, 85, IASetPrimitiveTopology, 
2079, 85, IASetIndexBuffer, 
2080, 85, DrawIndexedInstanced, 242
2081, 85, SetGraphicsRootConstantBufferView, 
2082, 85, SetGraphicsRoot32BitConstants, 
2083, 85, SetGraphicsRoot32BitConstants, 
2084, 85, SetGraphicsRootShaderResourceView, 
2085, 85, SetGraphicsRoot32BitConstants, 
2086, 85, SetGraphicsRoot32BitConstants, 
2087, 85, IASetVertexBuffers, 
2088, 85, IASetPrimitiveTopology, 
2089, 85, IASetIndexBuffer, 
2090, 85, DrawIndexedInstanced, 243
2091, 85, SetGraphicsRootConstantBufferView, 
2092, 85, SetGraphicsRoot32BitConstants, 
2093, 85, SetGraphicsRoot32BitConstants, 
2094, 85, SetGraphicsRootShaderResourceView, 
2095, 85, SetGraphicsRoot32BitConstants, 
2096, 85, SetGraphicsRoot32BitConstants, 
2097, 85, IASetVertexBuffers, 
2098, 85, IASetPrimitiveTopology, 
2099, 85, IASetIndexBuffer, 
2100, 85, DrawIndexedInstanced, 244
2101, 85, SetGraphicsRootConstantBufferView, 
2102, 85, SetGraphicsRoot32BitConstants, 
2103, 85, SetGraphicsRoot32BitConstants, 
2104, 85, SetGraphicsRootShaderResourceView, 
2105, 85, SetGraphicsRoot32BitConstants, 
2106, 85, SetGraphicsRoot32BitConstants, 
2107, 85, IASetVertexBuffers, 
2108, 85, IASetPrimitiveTopology, 
2109, 85, IASetIndexBuffer, 
2110, 85, DrawIndexedInstanced, 245
2111, 85, SetGraphicsRootConstantBufferView, 
2112, 85, SetGraphicsRoot32BitConstants, 
2113, 85, SetGraphicsRoot32BitConstants, 
2114, 85, SetGraphicsRootShaderResourceView, 
2115, 85, SetGraphicsRoot32BitConstants, 
2116, 85, SetGraphicsRoot32BitConstants, 
2117, 85, IASetVertexBuffers, 
2118, 85, IASetPrimitiveTopology, 
2119, 85, IASetIndexBuffer, 
2120, 85, DrawIndexedInstanced, 246
2121, 85, SetGraphicsRootConstantBufferView, 
2122, 85, SetGraphicsRoot32BitConstants, 
2123, 85, SetGraphicsRoot32BitConstants, 
2124, 85, SetGraphicsRootShaderResourceView, 
2125, 85, SetGraphicsRoot32BitConstants, 
2126, 85, SetGraphicsRoot32BitConstants, 
2127, 85, IASetVertexBuffers, 
2128, 85, IASetPrimitiveTopology, 
2129, 85, IASetIndexBuffer, 
2130, 85, DrawIndexedInstanced, 247
2131, 85, SetGraphicsRootConstantBufferView, 
2132, 85, SetGraphicsRoot32BitConstants, 
2133, 85, SetGraphicsRoot32BitConstants, 
2134, 85, SetGraphicsRootShaderResourceView, 
2135, 85, SetGraphicsRoot32BitConstants, 
2136, 85, SetGraphicsRoot32BitConstants, 
2137, 85, IASetVertexBuffers, 
2138, 85, IASetPrimitiveTopology, 
2139, 85, IASetIndexBuffer, 
2140, 85, DrawIndexedInstanced, 248
2141, 85, SetGraphicsRootConstantBufferView, 
2142, 85, SetGraphicsRoot32BitConstants, 
2143, 85, SetGraphicsRoot32BitConstants, 
2144, 85, SetGraphicsRootShaderResourceView, 
2145, 85, SetGraphicsRoot32BitConstants, 
2146, 85, SetGraphicsRoot32BitConstants, 
2147, 85, IASetVertexBuffers, 
2148, 85, IASetPrimitiveTopology, 
2149, 85, IASetIndexBuffer, 
2150, 85, DrawIndexedInstanced, 249
2151, 85, SetGraphicsRootConstantBufferView, 
2152, 85, SetGraphicsRoot32BitConstants, 
2153, 85, SetGraphicsRoot32BitConstants, 
2154, 85, SetGraphicsRootShaderResourceView, 
2155, 85, SetGraphicsRoot32BitConstants, 
2156, 85, SetGraphicsRoot32BitConstants, 
2157, 85, IASetVertexBuffers, 
2158, 85, IASetPrimitiveTopology, 
2159, 85, IASetIndexBuffer, 
2160, 85, DrawIndexedInstanced, 250
2161, 85, SetGraphicsRootConstantBufferView, 
2162, 85, SetGraphicsRoot32BitConstants, 
2163, 85, SetGraphicsRoot32BitConstants, 
2164, 85, SetGraphicsRootShaderResourceView, 
2165, 85, SetGraphicsRoot32BitConstants, 
2166, 85, SetGraphicsRoot32BitConstants, 
2167, 85, IASetVertexBuffers, 
2168, 85, IASetPrimitiveTopology, 
2169, 85, IASetIndexBuffer, 
2170, 85, DrawIndexedInstanced, 251
2171, 85, SetGraphicsRootConstantBufferView, 
2172, 85, SetGraphicsRoot32BitConstants, 
2173, 85, SetGraphicsRoot32BitConstants, 
2174, 85, SetGraphicsRootShaderResourceView, 
2175, 85, SetGraphicsRoot32BitConstants, 
2176, 85, SetGraphicsRoot32BitConstants, 
2177, 85, IASetVertexBuffers, 
2178, 85, IASetPrimitiveTopology, 
2179, 85, IASetIndexBuffer, 
2180, 85, DrawIndexedInstanced, 252
2181, 85, SetGraphicsRootConstantBufferView, 
2182, 85, SetGraphicsRoot32BitConstants, 
2183, 85, SetGraphicsRoot32BitConstants, 
2184, 85, SetGraphicsRootShaderResourceView, 
2185, 85, SetGraphicsRoot32BitConstants, 
2186, 85, SetGraphicsRoot32BitConstants, 
2187, 85, IASetVertexBuffers, 
2188, 85, IASetPrimitiveTopology, 
2189, 85, IASetIndexBuffer, 
2190, 85, DrawIndexedInstanced, 253
2191, 85, SetGraphicsRootConstantBufferView, 
2192, 85, SetGraphicsRoot32BitConstants, 
2193, 85, SetGraphicsRoot32BitConstants, 
2194, 85, SetGraphicsRootShaderResourceView, 
2195, 85, SetGraphicsRoot32BitConstants, 
2196, 85, SetGraphicsRoot32BitConstants, 
2197, 85, IASetVertexBuffers, 
2198, 85, IASetPrimitiveTopology, 
2199, 85, IASetIndexBuffer, 
2200, 85, DrawIndexedInstanced, 254
2201, 85, SetGraphicsRootConstantBufferView, 
2202, 85, SetGraphicsRoot32BitConstants, 
2203, 85, SetGraphicsRoot32BitConstants, 
2204, 85, SetGraphicsRootShaderResourceView, 
2205, 85, SetGraphicsRoot32BitConstants, 
2206, 85, SetGraphicsRoot32BitConstants, 
2207, 85, SetGraphicsRootShaderResourceView, 
2208, 85, SetGraphicsRootShaderResourceView, 
2209, 85, IASetVertexBuffers, 
2210, 85, IASetPrimitiveTopology, 
2211, 85, IASetIndexBuffer, 
2212, 85, DrawIndexedInstanced, 255
2213, 85, SetGraphicsRoot32BitConstants, 
2214, 85, SetGraphicsRoot32BitConstants, 
2215, 85, SetGraphicsRootShaderResourceView, 
2216, 85, SetGraphicsRootShaderResourceView, 
2217, 85, IASetVertexBuffers, 
2218, 85, IASetPrimitiveTopology, 
2219, 85, IASetIndexBuffer, 
2220, 85, DrawIndexedInstanced, 256
2221, 85, SetGraphicsRoot32BitConstants, 
2222, 85, SetGraphicsRoot32BitConstants, 
2223, 85, SetGraphicsRootShaderResourceView, 
2224, 85, SetGraphicsRootShaderResourceView, 
2225, 85, IASetVertexBuffers, 
2226, 85, IASetPrimitiveTopology, 
2227, 85, IASetIndexBuffer, 
2228, 85, DrawIndexedInstanced, 257
2229, 85, SetGraphicsRoot32BitConstants, 
2230, 85, SetGraphicsRoot32BitConstants, 
2231, 85, SetGraphicsRootShaderResourceView, 
2232, 85, SetGraphicsRootShaderResourceView, 
2233, 85, IASetVertexBuffers, 
2234, 85, IASetPrimitiveTopology, 
2235, 85, IASetIndexBuffer, 
2236, 85, DrawIndexedInstanced, 258
2237, 85, SetGraphicsRoot32BitConstants, 
2238, 85, SetGraphicsRoot32BitConstants, 
2239, 85, SetGraphicsRootShaderResourceView, 
2240, 85, SetGraphicsRootShaderResourceView, 
2241, 85, IASetVertexBuffers, 
2242, 85, IASetPrimitiveTopology, 
2243, 85, IASetIndexBuffer, 
2244, 85, DrawIndexedInstanced, 259
2245, 85, SetGraphicsRoot32BitConstants, 
2246, 85, SetGraphicsRoot32BitConstants, 
2247, 85, SetGraphicsRootShaderResourceView, 
2248, 85, SetGraphicsRootShaderResourceView, 
2249, 85, IASetVertexBuffers, 
2250, 85, IASetPrimitiveTopology, 
2251, 85, IASetIndexBuffer, 
2252, 85, DrawIndexedInstanced, 260
2253, 85, SetGraphicsRoot32BitConstants, 
2254, 85, SetGraphicsRoot32BitConstants, 
2255, 85, SetGraphicsRootShaderResourceView, 
2256, 85, SetGraphicsRootShaderResourceView, 
2257, 85, IASetVertexBuffers, 
2258, 85, IASetPrimitiveTopology, 
2259, 85, IASetIndexBuffer, 
2260, 85, DrawIndexedInstanced, 261
2261, 85, SetGraphicsRoot32BitConstants, 
2262, 85, SetGraphicsRoot32BitConstants, 
2263, 85, SetGraphicsRootShaderResourceView, 
2264, 85, SetGraphicsRootShaderResourceView, 
2265, 85, IASetVertexBuffers, 
2266, 85, IASetPrimitiveTopology, 
2267, 85, IASetIndexBuffer, 
2268, 85, DrawIndexedInstanced, 262
2269, 85, SetGraphicsRoot32BitConstants, 
2270, 85, SetGraphicsRoot32BitConstants, 
2271, 85, SetGraphicsRootShaderResourceView, 
2272, 85, SetGraphicsRootShaderResourceView, 
2273, 85, IASetVertexBuffers, 
2274, 85, IASetPrimitiveTopology, 
2275, 85, IASetIndexBuffer, 
2276, 85, DrawIndexedInstanced, 263
2277, 85, SetGraphicsRoot32BitConstants, 
2278, 85, SetGraphicsRoot32BitConstants, 
2279, 85, SetGraphicsRootShaderResourceView, 
2280, 85, SetGraphicsRootShaderResourceView, 
2281, 85, IASetVertexBuffers, 
2282, 85, IASetPrimitiveTopology, 
2283, 85, IASetIndexBuffer, 
2284, 85, DrawIndexedInstanced, 264
2285, 85, SetGraphicsRoot32BitConstants, 
2286, 85, SetGraphicsRoot32BitConstants, 
2287, 85, SetGraphicsRootShaderResourceView, 
2288, 85, SetGraphicsRootShaderResourceView, 
2289, 85, IASetVertexBuffers, 
2290, 85, IASetPrimitiveTopology, 
2291, 85, IASetIndexBuffer, 
2292, 85, DrawIndexedInstanced, 265
2293, 85, SetGraphicsRoot32BitConstants, 
2294, 85, SetGraphicsRoot32BitConstants, 
2295, 85, SetGraphicsRootShaderResourceView, 
2296, 85, SetGraphicsRootShaderResourceView, 
2297, 85, IASetVertexBuffers, 
2298, 85, IASetPrimitiveTopology, 
2299, 85, IASetIndexBuffer, 
2300, 85, DrawIndexedInstanced, 266
2301, 85, SetGraphicsRoot32BitConstants, 
2302, 85, SetGraphicsRoot32BitConstants, 
2303, 85, SetGraphicsRootShaderResourceView, 
2304, 85, SetGraphicsRootShaderResourceView, 
2305, 85, IASetVertexBuffers, 
2306, 85, IASetPrimitiveTopology, 
2307, 85, IASetIndexBuffer, 
2308, 85, DrawIndexedInstanced, 267
2309, 85, SetGraphicsRoot32BitConstants, 
2310, 85, SetGraphicsRoot32BitConstants, 
2311, 85, SetGraphicsRootShaderResourceView, 
2312, 85, SetGraphicsRootShaderResourceView, 
2313, 85, IASetVertexBuffers, 
2314, 85, IASetPrimitiveTopology, 
2315, 85, IASetIndexBuffer, 
2316, 85, DrawIndexedInstanced, 268
2317, 85, SetGraphicsRoot32BitConstants, 
2318, 85, SetGraphicsRoot32BitConstants, 
2319, 85, SetGraphicsRootShaderResourceView, 
2320, 85, SetGraphicsRootShaderResourceView, 
2321, 85, IASetVertexBuffers, 
2322, 85, IASetPrimitiveTopology, 
2323, 85, IASetIndexBuffer, 
2324, 85, DrawIndexedInstanced, 269
2325, 85, SetGraphicsRootConstantBufferView, 
2326, 85, SetGraphicsRoot32BitConstants, 
2327, 85, SetGraphicsRoot32BitConstants, 
2328, 85, SetGraphicsRootShaderResourceView, 
2329, 85, SetGraphicsRoot32BitConstants, 
2330, 85, SetGraphicsRootShaderResourceView, 
2331, 85, IASetVertexBuffers, 
2332, 85, IASetPrimitiveTopology, 
2333, 85, IASetIndexBuffer, 
2334, 85, DrawIndexedInstanced, 270
2335, 85, SetGraphicsRootConstantBufferView, 
2336, 85, SetGraphicsRoot32BitConstants, 
2337, 85, SetGraphicsRoot32BitConstants, 
2338, 85, SetGraphicsRootShaderResourceView, 
2339, 85, SetGraphicsRoot32BitConstants, 
2340, 85, SetGraphicsRoot32BitConstants, 
2341, 85, IASetVertexBuffers, 
2342, 85, IASetPrimitiveTopology, 
2343, 85, IASetIndexBuffer, 
2344, 85, DrawIndexedInstanced, 271
2345, 85, SetGraphicsRootConstantBufferView, 
2346, 85, SetGraphicsRoot32BitConstants, 
2347, 85, SetGraphicsRoot32BitConstants, 
2348, 85, SetGraphicsRootShaderResourceView, 
2349, 85, SetGraphicsRoot32BitConstants, 
2350, 85, SetGraphicsRoot32BitConstants, 
2351, 85, IASetVertexBuffers, 
2352, 85, IASetPrimitiveTopology, 
2353, 85, IASetIndexBuffer, 
2354, 85, DrawIndexedInstanced, 272
2355, 85, SetGraphicsRootConstantBufferView, 
2356, 85, SetGraphicsRoot32BitConstants, 
2357, 85, SetGraphicsRoot32BitConstants, 
2358, 85, SetGraphicsRootShaderResourceView, 
2359, 85, SetGraphicsRoot32BitConstants, 
2360, 85, SetGraphicsRoot32BitConstants, 
2361, 85, IASetVertexBuffers, 
2362, 85, IASetPrimitiveTopology, 
2363, 85, IASetIndexBuffer, 
2364, 85, DrawIndexedInstanced, 273
2365, 85, SetGraphicsRootConstantBufferView, 
2366, 85, SetGraphicsRoot32BitConstants, 
2367, 85, SetGraphicsRoot32BitConstants, 
2368, 85, SetGraphicsRootShaderResourceView, 
2369, 85, SetGraphicsRoot32BitConstants, 
2370, 85, SetGraphicsRoot32BitConstants, 
2371, 85, IASetVertexBuffers, 
2372, 85, IASetPrimitiveTopology, 
2373, 85, IASetIndexBuffer, 
2374, 85, DrawIndexedInstanced, 274
2375, 85, SetGraphicsRootConstantBufferView, 
2376, 85, SetGraphicsRoot32BitConstants, 
2377, 85, SetGraphicsRoot32BitConstants, 
2378, 85, SetGraphicsRootShaderResourceView, 
2379, 85, SetGraphicsRoot32BitConstants, 
2380, 85, SetGraphicsRoot32BitConstants, 
2381, 85, IASetVertexBuffers, 
2382, 85, IASetPrimitiveTopology, 
2383, 85, IASetIndexBuffer, 
2384, 85, DrawIndexedInstanced, 275
2385, 85, SetGraphicsRootConstantBufferView, 
2386, 85, SetGraphicsRoot32BitConstants, 
2387, 85, SetGraphicsRoot32BitConstants, 
2388, 85, SetGraphicsRootShaderResourceView, 
2389, 85, SetGraphicsRoot32BitConstants, 
2390, 85, SetGraphicsRoot32BitConstants, 
2391, 85, IASetVertexBuffers, 
2392, 85, IASetPrimitiveTopology, 
2393, 85, IASetIndexBuffer, 
2394, 85, DrawIndexedInstanced, 276
2395, 85, SetGraphicsRootConstantBufferView, 
2396, 85, SetGraphicsRoot32BitConstants, 
2397, 85, SetGraphicsRoot32BitConstants, 
2398, 85, SetGraphicsRootShaderResourceView, 
2399, 85, SetGraphicsRoot32BitConstants, 
2400, 85, SetGraphicsRoot32BitConstants, 
2401, 85, IASetVertexBuffers, 
2402, 85, IASetPrimitiveTopology, 
2403, 85, IASetIndexBuffer, 
2404, 85, DrawIndexedInstanced, 277
2405, 85, SetGraphicsRootConstantBufferView, 
2406, 85, SetGraphicsRoot32BitConstants, 
2407, 85, SetGraphicsRoot32BitConstants, 
2408, 85, SetGraphicsRootShaderResourceView, 
2409, 85, SetGraphicsRoot32BitConstants, 
2410, 85, SetGraphicsRoot32BitConstants, 
2411, 85, IASetVertexBuffers, 
2412, 85, IASetPrimitiveTopology, 
2413, 85, IASetIndexBuffer, 
2414, 85, DrawIndexedInstanced, 278
2415, 85, SetGraphicsRootConstantBufferView, 
2416, 85, SetGraphicsRoot32BitConstants, 
2417, 85, SetGraphicsRoot32BitConstants, 
2418, 85, SetGraphicsRootShaderResourceView, 
2419, 85, SetGraphicsRoot32BitConstants, 
2420, 85, SetGraphicsRoot32BitConstants, 
2421, 85, IASetVertexBuffers, 
2422, 85, IASetPrimitiveTopology, 
2423, 85, IASetIndexBuffer, 
2424, 85, DrawIndexedInstanced, 279
2425, 85, SetGraphicsRootConstantBufferView, 
2426, 85, SetGraphicsRoot32BitConstants, 
2427, 85, SetGraphicsRoot32BitConstants, 
2428, 85, SetGraphicsRootShaderResourceView, 
2429, 85, SetGraphicsRoot32BitConstants, 
2430, 85, SetGraphicsRoot32BitConstants, 
2431, 85, IASetVertexBuffers, 
2432, 85, IASetPrimitiveTopology, 
2433, 85, IASetIndexBuffer, 
2434, 85, DrawIndexedInstanced, 280
2435, 85, SetGraphicsRootConstantBufferView, 
2436, 85, SetGraphicsRoot32BitConstants, 
2437, 85, SetGraphicsRoot32BitConstants, 
2438, 85, SetGraphicsRootShaderResourceView, 
2439, 85, SetGraphicsRoot32BitConstants, 
2440, 85, SetGraphicsRoot32BitConstants, 
2441, 85, IASetVertexBuffers, 
2442, 85, IASetPrimitiveTopology, 
2443, 85, IASetIndexBuffer, 
2444, 85, DrawIndexedInstanced, 281
2445, 85, SetGraphicsRootConstantBufferView, 
2446, 85, SetGraphicsRoot32BitConstants, 
2447, 85, SetGraphicsRoot32BitConstants, 
2448, 85, SetGraphicsRootShaderResourceView, 
2449, 85, SetGraphicsRoot32BitConstants, 
2450, 85, SetGraphicsRoot32BitConstants, 
2451, 85, IASetVertexBuffers, 
2452, 85, IASetPrimitiveTopology, 
2453, 85, IASetIndexBuffer, 
2454, 85, DrawIndexedInstanced, 282
2455, 85, SetGraphicsRootSignature, 
2456, 85, SetPipelineState, 
2457, 85, SetGraphicsRootConstantBufferView, 
2458, 85, SetGraphicsRoot32BitConstants, 
2459, 85, SetGraphicsRoot32BitConstants, 
2460, 85, SetGraphicsRootShaderResourceView, 
2461, 85, IASetVertexBuffers, 
2462, 85, IASetPrimitiveTopology, 
2463, 85, IASetIndexBuffer, 
2464, 85, DrawIndexedInstanced, 283
2465, 85, SetGraphicsRootSignature, 
2466, 85, SetPipelineState, 
2467, 85, SetGraphicsRootConstantBufferView, 
2468, 85, SetGraphicsRoot32BitConstants, 
2469, 85, SetGraphicsRoot32BitConstants, 
2470, 85, SetGraphicsRootShaderResourceView, 
2471, 85, IASetVertexBuffers, 
2472, 85, IASetPrimitiveTopology, 
2473, 85, IASetIndexBuffer, 
2474, 85, DrawIndexedInstanced, 284
2475, 85, SetGraphicsRootSignature, 
2476, 85, SetPipelineState, 
2477, 85, SetGraphicsRootConstantBufferView, 
2478, 85, SetGraphicsRoot32BitConstants, 
2479, 85, SetGraphicsRoot32BitConstants, 
2480, 85, SetGraphicsRootShaderResourceView, 
2481, 85, IASetVertexBuffers, 
2482, 85, IASetPrimitiveTopology, 
2483, 85, IASetIndexBuffer, 
2484, 85, DrawIndexedInstanced, 285
2485, 85, SetGraphicsRootSignature, 
2486, 85, SetPipelineState, 
2487, 85, SetGraphicsRootConstantBufferView, 
2488, 85, SetGraphicsRoot32BitConstants, 
2489, 85, SetGraphicsRoot32BitConstants, 
2490, 85, SetGraphicsRootShaderResourceView, 
2491, 85, IASetVertexBuffers, 
2492, 85, IASetPrimitiveTopology, 
2493, 85, IASetIndexBuffer, 
2494, 85, DrawIndexedInstanced, 286
2495, 85, SetGraphicsRootSignature, 
2496, 85, SetPipelineState, 
2497, 85, SetGraphicsRootConstantBufferView, 
2498, 85, SetGraphicsRoot32BitConstants, 
2499, 85, SetGraphicsRoot32BitConstants, 
2500, 85, SetGraphicsRootShaderResourceView, 
2501, 85, IASetVertexBuffers, 
2502, 85, IASetPrimitiveTopology, 
2503, 85, IASetIndexBuffer, 
2504, 85, DrawIndexedInstanced, 287
2505, 85, SetGraphicsRootSignature, 
2506, 85, SetPipelineState, 
2507, 85, SetGraphicsRootConstantBufferView, 
2508, 85, SetGraphicsRoot32BitConstants, 
2509, 85, SetGraphicsRoot32BitConstants, 
2510, 85, SetGraphicsRootShaderResourceView, 
2511, 85, IASetVertexBuffers, 
2512, 85, IASetPrimitiveTopology, 
2513, 85, IASetIndexBuffer, 
2514, 85, DrawIndexedInstanced, 288
2515, 85, SetGraphicsRootSignature, 
2516, 85, SetPipelineState, 
2517, 85, SetGraphicsRootConstantBufferView, 
2518, 85, SetGraphicsRoot32BitConstants, 
2519, 85, SetGraphicsRoot32BitConstants, 
2520, 85, SetGraphicsRootShaderResourceView, 
2521, 85, IASetVertexBuffers, 
2522, 85, IASetPrimitiveTopology, 
2523, 85, IASetIndexBuffer, 
2524, 85, DrawIndexedInstanced, 289
2525, 85, SetGraphicsRootSignature, 
2526, 85, SetPipelineState, 
2527, 85, SetGraphicsRootConstantBufferView, 
2528, 85, SetGraphicsRoot32BitConstants, 
2529, 85, SetGraphicsRoot32BitConstants, 
2530, 85, SetGraphicsRootShaderResourceView, 
2531, 85, IASetVertexBuffers, 
2532, 85, IASetPrimitiveTopology, 
2533, 85, IASetIndexBuffer, 
2534, 85, DrawIndexedInstanced, 290
2535, 85, SetGraphicsRootSignature, 
2536, 85, SetPipelineState, 
2537, 85, SetGraphicsRootConstantBufferView, 
2538, 85, SetGraphicsRoot32BitConstants, 
2539, 85, SetGraphicsRoot32BitConstants, 
2540, 85, SetGraphicsRootShaderResourceView, 
2541, 85, IASetVertexBuffers, 
2542, 85, IASetPrimitiveTopology, 
2543, 85, IASetIndexBuffer, 
2544, 85, DrawIndexedInstanced, 291
2545, 85, SetGraphicsRootSignature, 
2546, 85, SetPipelineState, 
2547, 85, SetGraphicsRootConstantBufferView, 
2548, 85, SetGraphicsRoot32BitConstants, 
2549, 85, SetGraphicsRoot32BitConstants, 
2550, 85, SetGraphicsRootShaderResourceView, 
2551, 85, IASetVertexBuffers, 
2552, 85, IASetPrimitiveTopology, 
2553, 85, IASetIndexBuffer, 
2554, 85, DrawIndexedInstanced, 292
2555, 85, SetGraphicsRootSignature, 
2556, 85, SetPipelineState, 
2557, 85, SetGraphicsRootConstantBufferView, 
2558, 85, SetGraphicsRoot32BitConstants, 
2559, 85, SetGraphicsRoot32BitConstants, 
2560, 85, SetGraphicsRootShaderResourceView, 
2561, 85, IASetVertexBuffers, 
2562, 85, IASetPrimitiveTopology, 
2563, 85, IASetIndexBuffer, 
2564, 85, DrawIndexedInstanced, 293
2565, 85, SetGraphicsRootSignature, 
2566, 85, SetPipelineState, 
2567, 85, SetGraphicsRootConstantBufferView, 
2568, 85, SetGraphicsRoot32BitConstants, 
2569, 85, SetGraphicsRoot32BitConstants, 
2570, 85, SetGraphicsRootShaderResourceView, 
2571, 85, IASetVertexBuffers, 
2572, 85, IASetPrimitiveTopology, 
2573, 85, IASetIndexBuffer, 
2574, 85, DrawIndexedInstanced, 294
2575, 85, SetGraphicsRootSignature, 
2576, 85, SetPipelineState, 
2577, 85, SetGraphicsRootConstantBufferView, 
2578, 85, SetGraphicsRoot32BitConstants, 
2579, 85, SetGraphicsRoot32BitConstants, 
2580, 85, SetGraphicsRootShaderResourceView, 
2581, 85, IASetVertexBuffers, 
2582, 85, IASetPrimitiveTopology, 
2583, 85, IASetIndexBuffer, 
2584, 85, DrawIndexedInstanced, 295
2585, 85, SetGraphicsRootSignature, 
2586, 85, SetPipelineState, 
2587, 85, SetGraphicsRootConstantBufferView, 
2588, 85, SetGraphicsRoot32BitConstants, 
2589, 85, SetGraphicsRoot32BitConstants, 
2590, 85, SetGraphicsRootShaderResourceView, 
2591, 85, IASetVertexBuffers, 
2592, 85, IASetPrimitiveTopology, 
2593, 85, IASetIndexBuffer, 
2594, 85, DrawIndexedInstanced, 296
2595, 85, SetGraphicsRootSignature, 
2596, 85, SetPipelineState, 
2597, 85, SetGraphicsRootConstantBufferView, 
2598, 85, SetGraphicsRoot32BitConstants, 
2599, 85, SetGraphicsRoot32BitConstants, 
2600, 85, SetGraphicsRootShaderResourceView, 
2601, 85, IASetVertexBuffers, 
2602, 85, IASetPrimitiveTopology, 
2603, 85, IASetIndexBuffer, 
2604, 85, DrawIndexedInstanced, 297
2605, 85, SetGraphicsRootSignature, 
2606, 85, SetPipelineState, 
2607, 85, SetGraphicsRootConstantBufferView, 
2608, 85, SetGraphicsRoot32BitConstants, 
2609, 85, SetGraphicsRoot32BitConstants, 
2610, 85, SetGraphicsRootShaderResourceView, 
2611, 85, IASetVertexBuffers, 
2612, 85, IASetPrimitiveTopology, 
2613, 85, IASetIndexBuffer, 
2614, 85, DrawIndexedInstanced, 298
2615, 85, SetGraphicsRootSignature, 
2616, 85, SetPipelineState, 
2617, 85, SetGraphicsRootConstantBufferView, 
2618, 85, SetGraphicsRoot32BitConstants, 
2619, 85, SetGraphicsRoot32BitConstants, 
2620, 85, SetGraphicsRootShaderResourceView, 
2621, 85, IASetVertexBuffers, 
2622, 85, IASetPrimitiveTopology, 
2623, 85, IASetIndexBuffer, 
2624, 85, DrawIndexedInstanced, 299
2625, 85, SetGraphicsRootSignature, 
2626, 85, SetPipelineState, 
2627, 85, SetGraphicsRootConstantBufferView, 
2628, 85, SetGraphicsRoot32BitConstants, 
2629, 85, SetGraphicsRoot32BitConstants, 
2630, 85, SetGraphicsRootShaderResourceView, 
2631, 85, IASetVertexBuffers, 
2632, 85, IASetPrimitiveTopology, 
2633, 85, DrawInstanced, 300
2634, 85, SetGraphicsRootSignature, 
2635, 85, SetPipelineState, 
2636, 85, SetDescriptorHeaps, 
2637, 85, SetGraphicsRootDescriptorTable, 
2638, 85, SetGraphicsRootConstantBufferView, 
2639, 85, SetGraphicsRoot32BitConstants, 
2640, 85, SetGraphicsRoot32BitConstants, 
2641, 85, SetGraphicsRootShaderResourceView, 
2642, 85, IASetVertexBuffers, 
2643, 85, IASetPrimitiveTopology, 
2644, 85, IASetIndexBuffer, 
2645, 85, DrawIndexedInstanced, 301
2646, 85, SetGraphicsRootSignature, 
2647, 85, SetPipelineState, 
2648, 85, SetGraphicsRootConstantBufferView, 
2649, 85, SetGraphicsRoot32BitConstants, 
2650, 85, SetGraphicsRoot32BitConstants, 
2651, 85, SetGraphicsRootShaderResourceView, 
2652, 85, IASetVertexBuffers, 
2653, 85, IASetPrimitiveTopology, 
2654, 85, IASetIndexBuffer, 
2655, 85, DrawIndexedInstanced, 302
2656, 85, SetGraphicsRootSignature, 
2657, 85, SetPipelineState, 
2658, 85, SetGraphicsRootConstantBufferView, 
2659, 85, SetGraphicsRoot32BitConstants, 
2660, 85, SetGraphicsRoot32BitConstants, 
2661, 85, SetGraphicsRootShaderResourceView, 
2662, 85, IASetVertexBuffers, 
2663, 85, IASetPrimitiveTopology, 
2664, 85, IASetIndexBuffer, 
2665, 85, DrawIndexedInstanced, 303
2666, 85, SetGraphicsRootSignature, 
2667, 85, SetPipelineState, 
2668, 85, SetGraphicsRootConstantBufferView, 
2669, 85, SetGraphicsRoot32BitConstants, 
2670, 85, SetGraphicsRoot32BitConstants, 
2671, 85, SetGraphicsRootShaderResourceView, 
2672, 85, IASetVertexBuffers, 
2673, 85, IASetPrimitiveTopology, 
2674, 85, IASetIndexBuffer, 
2675, 85, DrawIndexedInstanced, 304
2676, 85, SetGraphicsRootSignature, 
2677, 85, SetPipelineState, 
2678, 85, SetGraphicsRootConstantBufferView, 
2679, 85, SetGraphicsRoot32BitConstants, 
2680, 85, SetGraphicsRoot32BitConstants, 
2681, 85, SetGraphicsRootShaderResourceView, 
2682, 85, IASetVertexBuffers, 
2683, 85, IASetPrimitiveTopology, 
2684, 85, IASetIndexBuffer, 
2685, 85, DrawIndexedInstanced, 305
2686, 85, SetGraphicsRootSignature, 
2687, 85, SetPipelineState, 
2688, 85, SetGraphicsRootConstantBufferView, 
2689, 85, SetGraphicsRoot32BitConstants, 
2690, 85, SetGraphicsRoot32BitConstants, 
2691, 85, SetGraphicsRootShaderResourceView, 
2692, 85, IASetVertexBuffers, 
2693, 85, IASetPrimitiveTopology, 
2694, 85, IASetIndexBuffer, 
2695, 85, DrawIndexedInstanced, 306
2696, 85, SetGraphicsRootSignature, 
2697, 85, SetPipelineState, 
2698, 85, SetGraphicsRootConstantBufferView, 
2699, 85, SetGraphicsRoot32BitConstants, 
2700, 85, SetGraphicsRoot32BitConstants, 
2701, 85, SetGraphicsRootShaderResourceView, 
2702, 85, IASetVertexBuffers, 
2703, 85, IASetPrimitiveTopology, 
2704, 85, IASetIndexBuffer, 
2705, 85, DrawIndexedInstanced, 307
2706, 85, SetGraphicsRootSignature, 
2707, 85, SetPipelineState, 
2708, 85, SetGraphicsRootConstantBufferView, 
2709, 85, SetGraphicsRoot32BitConstants, 
2710, 85, SetGraphicsRoot32BitConstants, 
2711, 85, SetGraphicsRootShaderResourceView, 
2712, 85, IASetVertexBuffers, 
2713, 85, IASetPrimitiveTopology, 
2714, 85, IASetIndexBuffer, 
2715, 85, DrawIndexedInstanced, 308
2716, 85, SetGraphicsRootSignature, 
2717, 85, SetPipelineState, 
2718, 85, SetGraphicsRootConstantBufferView, 
2719, 85, SetGraphicsRoot32BitConstants, 
2720, 85, SetGraphicsRoot32BitConstants, 
2721, 85, SetGraphicsRootShaderResourceView, 
2722, 85, IASetVertexBuffers, 
2723, 85, IASetPrimitiveTopology, 
2724, 85, IASetIndexBuffer, 
2725, 85, DrawIndexedInstanced, 309
2726, 85, SetGraphicsRootSignature, 
2727, 85, SetPipelineState, 
2728, 85, SetGraphicsRootConstantBufferView, 
2729, 85, SetGraphicsRoot32BitConstants, 
2730, 85, SetGraphicsRoot32BitConstants, 
2731, 85, SetGraphicsRootShaderResourceView, 
2732, 85, IASetVertexBuffers, 
2733, 85, IASetPrimitiveTopology, 
2734, 85, IASetIndexBuffer, 
2735, 85, DrawIndexedInstanced, 310
2736, 85, SetGraphicsRootSignature, 
2737, 85, SetPipelineState, 
2738, 85, SetGraphicsRootConstantBufferView, 
2739, 85, SetGraphicsRoot32BitConstants, 
2740, 85, SetGraphicsRoot32BitConstants, 
2741, 85, SetGraphicsRootShaderResourceView, 
2742, 85, IASetVertexBuffers, 
2743, 85, IASetPrimitiveTopology, 
2744, 85, IASetIndexBuffer, 
2745, 85, DrawIndexedInstanced, 311
2746, 85, SetGraphicsRootSignature, 
2747, 85, SetPipelineState, 
2748, 85, SetGraphicsRootConstantBufferView, 
2749, 85, SetGraphicsRoot32BitConstants, 
2750, 85, SetGraphicsRoot32BitConstants, 
2751, 85, SetGraphicsRootShaderResourceView, 
2752, 85, IASetVertexBuffers, 
2753, 85, IASetPrimitiveTopology, 
2754, 85, IASetIndexBuffer, 
2755, 85, DrawIndexedInstanced, 312
2756, 85, SetGraphicsRootSignature, 
2757, 85, SetPipelineState, 
2758, 85, SetGraphicsRootConstantBufferView, 
2759, 85, SetGraphicsRoot32BitConstants, 
2760, 85, SetGraphicsRoot32BitConstants, 
2761, 85, SetGraphicsRootShaderResourceView, 
2762, 85, IASetVertexBuffers, 
2763, 85, IASetPrimitiveTopology, 
2764, 85, IASetIndexBuffer, 
2765, 85, DrawIndexedInstanced, 313
2766, 85, SetGraphicsRootSignature, 
2767, 85, SetPipelineState, 
2768, 85, SetGraphicsRootConstantBufferView, 
2769, 85, SetGraphicsRoot32BitConstants, 
2770, 85, SetGraphicsRoot32BitConstants, 
2771, 85, SetGraphicsRootShaderResourceView, 
2772, 85, IASetVertexBuffers, 
2773, 85, IASetPrimitiveTopology, 
2774, 85, IASetIndexBuffer, 
2775, 85, DrawIndexedInstanced, 314
2776, 85, SetGraphicsRootSignature, 
2777, 85, SetPipelineState, 
2778, 85, SetGraphicsRootConstantBufferView, 
2779, 85, SetGraphicsRoot32BitConstants, 
2780, 85, SetGraphicsRoot32BitConstants, 
2781, 85, SetGraphicsRootShaderResourceView, 
2782, 85, IASetVertexBuffers, 
2783, 85, IASetPrimitiveTopology, 
2784, 85, IASetIndexBuffer, 
2785, 85, DrawIndexedInstanced, 315
2786, 85, SetGraphicsRootSignature, 
2787, 85, SetPipelineState, 
2788, 85, SetGraphicsRootConstantBufferView, 
2789, 85, SetGraphicsRoot32BitConstants, 
2790, 85, SetGraphicsRoot32BitConstants, 
2791, 85, SetGraphicsRootShaderResourceView, 
2792, 85, IASetVertexBuffers, 
2793, 85, IASetPrimitiveTopology, 
2794, 85, IASetIndexBuffer, 
2795, 85, DrawIndexedInstanced, 316
2796, 85, SetGraphicsRootSignature, 
2797, 85, SetPipelineState, 
2798, 85, SetGraphicsRootConstantBufferView, 
2799, 85, SetGraphicsRoot32BitConstants, 
2800, 85, SetGraphicsRoot32BitConstants, 
2801, 85, SetGraphicsRootShaderResourceView, 
2802, 85, IASetVertexBuffers, 
2803, 85, IASetPrimitiveTopology, 
2804, 85, IASetIndexBuffer, 
2805, 85, DrawIndexedInstanced, 317
2806, 85, SetGraphicsRootSignature, 
2807, 85, SetPipelineState, 
2808, 85, SetGraphicsRootConstantBufferView, 
2809, 85, SetGraphicsRoot32BitConstants, 
2810, 85, SetGraphicsRoot32BitConstants, 
2811, 85, SetGraphicsRootShaderResourceView, 
2812, 85, IASetVertexBuffers, 
2813, 85, IASetPrimitiveTopology, 
2814, 85, IASetIndexBuffer, 
2815, 85, DrawIndexedInstanced, 318
2816, 85, SetGraphicsRootSignature, 
2817, 85, SetPipelineState, 
2818, 85, SetGraphicsRootConstantBufferView, 
2819, 85, SetGraphicsRoot32BitConstants, 
2820, 85, SetGraphicsRoot32BitConstants, 
2821, 85, SetGraphicsRootShaderResourceView, 
2822, 85, IASetVertexBuffers, 
2823, 85, IASetPrimitiveTopology, 
2824, 85, DrawInstanced, 319
2825, 85, SetGraphicsRootSignature, 
2826, 85, SetPipelineState, 
2827, 85, SetDescriptorHeaps, 
2828, 85, SetGraphicsRootDescriptorTable, 
2829, 85, SetGraphicsRootConstantBufferView, 
2830, 85, SetGraphicsRoot32BitConstants, 
2831, 85, SetGraphicsRoot32BitConstants, 
2832, 85, SetGraphicsRootShaderResourceView, 
2833, 85, IASetVertexBuffers, 
2834, 85, IASetPrimitiveTopology, 
2835, 85, IASetIndexBuffer, 
2836, 85, DrawIndexedInstanced, 320
2837, 85, SetGraphicsRootSignature, 
2838, 85, SetPipelineState, 
2839, 85, SetGraphicsRootConstantBufferView, 
2840, 85, SetGraphicsRoot32BitConstants, 
2841, 85, SetGraphicsRoot32BitConstants, 
2842, 85, SetGraphicsRootShaderResourceView, 
2843, 85, IASetVertexBuffers, 
2844, 85, IASetPrimitiveTopology, 
2845, 85, IASetIndexBuffer, 
2846, 85, DrawIndexedInstanced, 321
2847, 85, SetGraphicsRootSignature, 
2848, 85, SetPipelineState, 
2849, 85, SetGraphicsRootConstantBufferView, 
2850, 85, SetGraphicsRoot32BitConstants, 
2851, 85, SetGraphicsRoot32BitConstants, 
2852, 85, SetGraphicsRootShaderResourceView, 
2853, 85, IASetVertexBuffers, 
2854, 85, IASetPrimitiveTopology, 
2855, 85, IASetIndexBuffer, 
2856, 85, DrawIndexedInstanced, 322
2857, 85, SetGraphicsRootSignature, 
2858, 85, SetPipelineState, 
2859, 85, SetGraphicsRootConstantBufferView, 
2860, 85, SetGraphicsRoot32BitConstants, 
2861, 85, SetGraphicsRoot32BitConstants, 
2862, 85, SetGraphicsRootShaderResourceView, 
2863, 85, IASetVertexBuffers, 
2864, 85, IASetPrimitiveTopology, 
2865, 85, IASetIndexBuffer, 
2866, 85, DrawIndexedInstanced, 323
2867, 85, SetGraphicsRootSignature, 
2868, 85, SetPipelineState, 
2869, 85, SetGraphicsRootConstantBufferView, 
2870, 85, SetGraphicsRoot32BitConstants, 
2871, 85, SetGraphicsRoot32BitConstants, 
2872, 85, SetGraphicsRootShaderResourceView, 
2873, 85, IASetVertexBuffers, 
2874, 85, IASetPrimitiveTopology, 
2875, 85, IASetIndexBuffer, 
2876, 85, DrawIndexedInstanced, 324
2877, 85, SetGraphicsRootSignature, 
2878, 85, SetPipelineState, 
2879, 85, SetGraphicsRootConstantBufferView, 
2880, 85, SetGraphicsRoot32BitConstants, 
2881, 85, SetGraphicsRoot32BitConstants, 
2882, 85, SetGraphicsRootShaderResourceView, 
2883, 85, IASetVertexBuffers, 
2884, 85, IASetPrimitiveTopology, 
2885, 85, IASetIndexBuffer, 
2886, 85, DrawIndexedInstanced, 325
2887, 85, SetGraphicsRootSignature, 
2888, 85, SetPipelineState, 
2889, 85, SetGraphicsRootConstantBufferView, 
2890, 85, SetGraphicsRoot32BitConstants, 
2891, 85, SetGraphicsRoot32BitConstants, 
2892, 85, SetGraphicsRootShaderResourceView, 
2893, 85, IASetVertexBuffers, 
2894, 85, IASetPrimitiveTopology, 
2895, 85, IASetIndexBuffer, 
2896, 85, DrawIndexedInstanced, 326
2897, 85, SetGraphicsRootSignature, 
2898, 85, SetPipelineState, 
2899, 85, SetGraphicsRootConstantBufferView, 
2900, 85, SetGraphicsRoot32BitConstants, 
2901, 85, SetGraphicsRoot32BitConstants, 
2902, 85, SetGraphicsRootShaderResourceView, 
2903, 85, IASetVertexBuffers, 
2904, 85, IASetPrimitiveTopology, 
2905, 85, IASetIndexBuffer, 
2906, 85, DrawIndexedInstanced, 327
2907, 85, SetGraphicsRootSignature, 
2908, 85, SetPipelineState, 
2909, 85, SetGraphicsRootConstantBufferView, 
2910, 85, SetGraphicsRoot32BitConstants, 
2911, 85, SetGraphicsRoot32BitConstants, 
2912, 85, SetGraphicsRootShaderResourceView, 
2913, 85, IASetVertexBuffers, 
2914, 85, IASetPrimitiveTopology, 
2915, 85, IASetIndexBuffer, 
2916, 85, DrawIndexedInstanced, 328
2917, 85, SetGraphicsRootSignature, 
2918, 85, SetPipelineState, 
2919, 85, SetGraphicsRootConstantBufferView, 
2920, 85, SetGraphicsRoot32BitConstants, 
2921, 85, SetGraphicsRoot32BitConstants, 
2922, 85, SetGraphicsRootShaderResourceView, 
2923, 85, IASetVertexBuffers, 
2924, 85, IASetPrimitiveTopology, 
2925, 85, IASetIndexBuffer, 
2926, 85, DrawIndexedInstanced, 329
2927, 85, SetGraphicsRootSignature, 
2928, 85, SetPipelineState, 
2929, 85, SetGraphicsRootConstantBufferView, 
2930, 85, SetGraphicsRoot32BitConstants, 
2931, 85, SetGraphicsRoot32BitConstants, 
2932, 85, SetGraphicsRootShaderResourceView, 
2933, 85, IASetVertexBuffers, 
2934, 85, IASetPrimitiveTopology, 
2935, 85, IASetIndexBuffer, 
2936, 85, DrawIndexedInstanced, 330
2937, 85, SetGraphicsRootSignature, 
2938, 85, SetPipelineState, 
2939, 85, SetGraphicsRootConstantBufferView, 
2940, 85, SetGraphicsRoot32BitConstants, 
2941, 85, SetGraphicsRoot32BitConstants, 
2942, 85, SetGraphicsRootShaderResourceView, 
2943, 85, IASetVertexBuffers, 
2944, 85, IASetPrimitiveTopology, 
2945, 85, IASetIndexBuffer, 
2946, 85, DrawIndexedInstanced, 331
2947, 85, SetGraphicsRootSignature, 
2948, 85, SetPipelineState, 
2949, 85, SetGraphicsRootConstantBufferView, 
2950, 85, SetGraphicsRoot32BitConstants, 
2951, 85, SetGraphicsRoot32BitConstants, 
2952, 85, SetGraphicsRootShaderResourceView, 
2953, 85, IASetVertexBuffers, 
2954, 85, IASetPrimitiveTopology, 
2955, 85, IASetIndexBuffer, 
2956, 85, DrawIndexedInstanced, 332
2957, 85, SetGraphicsRootSignature, 
2958, 85, SetPipelineState, 
2959, 85, SetGraphicsRootConstantBufferView, 
2960, 85, SetGraphicsRoot32BitConstants, 
2961, 85, SetGraphicsRoot32BitConstants, 
2962, 85, SetGraphicsRootShaderResourceView, 
2963, 85, IASetVertexBuffers, 
2964, 85, IASetPrimitiveTopology, 
2965, 85, IASetIndexBuffer, 
2966, 85, DrawIndexedInstanced, 333
2967, 85, SetGraphicsRootSignature, 
2968, 85, SetPipelineState, 
2969, 85, SetGraphicsRootConstantBufferView, 
2970, 85, SetGraphicsRoot32BitConstants, 
2971, 85, SetGraphicsRoot32BitConstants, 
2972, 85, SetGraphicsRootShaderResourceView, 
2973, 85, IASetVertexBuffers, 
2974, 85, IASetPrimitiveTopology, 
2975, 85, IASetIndexBuffer, 
2976, 85, DrawIndexedInstanced, 334
2977, 85, SetGraphicsRootSignature, 
2978, 85, SetPipelineState, 
2979, 85, SetGraphicsRootConstantBufferView, 
2980, 85, SetGraphicsRoot32BitConstants, 
2981, 85, SetGraphicsRoot32BitConstants, 
2982, 85, SetGraphicsRootShaderResourceView, 
2983, 85, IASetVertexBuffers, 
2984, 85, IASetPrimitiveTopology, 
2985, 85, IASetIndexBuffer, 
2986, 85, DrawIndexedInstanced, 335
2987, 85, SetGraphicsRootSignature, 
2988, 85, SetPipelineState, 
2989, 85, SetGraphicsRootConstantBufferView, 
2990, 85, SetGraphicsRoot32BitConstants, 
2991, 85, SetGraphicsRoot32BitConstants, 
2992, 85, SetGraphicsRootShaderResourceView, 
2993, 85, IASetVertexBuffers, 
2994, 85, IASetPrimitiveTopology, 
2995, 85, IASetIndexBuffer, 
2996, 85, DrawIndexedInstanced, 336
2997, 85, SetGraphicsRootSignature, 
2998, 85, SetPipelineState, 
2999, 85, SetGraphicsRootConstantBufferView, 
3000, 85, SetGraphicsRoot32BitConstants, 
3001, 85, SetGraphicsRoot32BitConstants, 
3002, 85, SetGraphicsRootShaderResourceView, 
3003, 85, IASetVertexBuffers, 
3004, 85, IASetPrimitiveTopology, 
3005, 85, IASetIndexBuffer, 
3006, 85, DrawIndexedInstanced, 337
3007, 85, SetGraphicsRootSignature, 
3008, 85, SetPipelineState, 
3009, 85, SetGraphicsRootConstantBufferView, 
3010, 85, SetGraphicsRoot32BitConstants, 
3011, 85, SetGraphicsRoot32BitConstants, 
3012, 85, SetGraphicsRootShaderResourceView, 
3013, 85, IASetVertexBuffers, 
3014, 85, IASetPrimitiveTopology, 
3015, 85, IASetIndexBuffer, 
3016, 85, DrawIndexedInstanced, 338
3017, 85, SetGraphicsRootSignature, 
3018, 85, SetPipelineState, 
3019, 85, SetGraphicsRootConstantBufferView, 
3020, 85, SetGraphicsRoot32BitConstants, 
3021, 85, SetGraphicsRoot32BitConstants, 
3022, 85, SetGraphicsRootShaderResourceView, 
3023, 85, IASetVertexBuffers, 
3024, 85, IASetPrimitiveTopology, 
3025, 85, IASetIndexBuffer, 
3026, 85, DrawIndexedInstanced, 339
3027, 85, SetGraphicsRootSignature, 
3028, 85, SetPipelineState, 
3029, 85, SetGraphicsRootConstantBufferView, 
3030, 85, SetGraphicsRoot32BitConstants, 
3031, 85, SetGraphicsRoot32BitConstants, 
3032, 85, SetGraphicsRootShaderResourceView, 
3033, 85, IASetVertexBuffers, 
3034, 85, IASetPrimitiveTopology, 
3035, 85, DrawInstanced, 340
3036, 85, SetGraphicsRootSignature, 
3037, 85, SetPipelineState, 
3038, 85, SetDescriptorHeaps, 
3039, 85, SetGraphicsRootDescriptorTable, 
3040, 85, SetGraphicsRootConstantBufferView, 
3041, 85, SetGraphicsRoot32BitConstants, 
3042, 85, SetGraphicsRoot32BitConstants, 
3043, 85, SetGraphicsRootShaderResourceView, 
3044, 85, IASetVertexBuffers, 
3045, 85, IASetPrimitiveTopology, 
3046, 85, IASetIndexBuffer, 
3047, 85, DrawIndexedInstanced, 341
3048, 85, SetGraphicsRootSignature, 
3049, 85, SetPipelineState, 
3050, 85, SetGraphicsRootConstantBufferView, 
3051, 85, SetGraphicsRoot32BitConstants, 
3052, 85, SetGraphicsRoot32BitConstants, 
3053, 85, SetGraphicsRootShaderResourceView, 
3054, 85, IASetVertexBuffers, 
3055, 85, IASetPrimitiveTopology, 
3056, 85, IASetIndexBuffer, 
3057, 85, DrawIndexedInstanced, 342
3058, 85, SetGraphicsRootSignature, 
3059, 85, SetPipelineState, 
3060, 85, SetGraphicsRootConstantBufferView, 
3061, 85, SetGraphicsRoot32BitConstants, 
3062, 85, SetGraphicsRoot32BitConstants, 
3063, 85, SetGraphicsRootShaderResourceView, 
3064, 85, IASetVertexBuffers, 
3065, 85, IASetPrimitiveTopology, 
3066, 85, IASetIndexBuffer, 
3067, 85, DrawIndexedInstanced, 343
3068, 85, SetGraphicsRootSignature, 
3069, 85, SetPipelineState, 
3070, 85, SetGraphicsRootConstantBufferView, 
3071, 85, SetGraphicsRoot32BitConstants, 
3072, 85, SetGraphicsRoot32BitConstants, 
3073, 85, SetGraphicsRootShaderResourceView, 
3074, 85, IASetVertexBuffers, 
3075, 85, IASetPrimitiveTopology, 
3076, 85, IASetIndexBuffer, 
3077, 85, DrawIndexedInstanced, 344
3078, 85, SetGraphicsRootSignature, 
3079, 85, SetPipelineState, 
3080, 85, SetGraphicsRootConstantBufferView, 
3081, 85, SetGraphicsRoot32BitConstants, 
3082, 85, SetGraphicsRoot32BitConstants, 
3083, 85, SetGraphicsRootShaderResourceView, 
3084, 85, IASetVertexBuffers, 
3085, 85, IASetPrimitiveTopology, 
3086, 85, IASetIndexBuffer, 
3087, 85, DrawIndexedInstanced, 345
3088, 85, SetGraphicsRootSignature, 
3089, 85, SetPipelineState, 
3090, 85, SetGraphicsRootConstantBufferView, 
3091, 85, SetGraphicsRoot32BitConstants, 
3092, 85, SetGraphicsRoot32BitConstants, 
3093, 85, SetGraphicsRootShaderResourceView, 
3094, 85, IASetVertexBuffers, 
3095, 85, IASetPrimitiveTopology, 
3096, 85, IASetIndexBuffer, 
3097, 85, DrawIndexedInstanced, 346
3098, 85, SetGraphicsRootSignature, 
3099, 85, SetPipelineState, 
3100, 85, SetGraphicsRootConstantBufferView, 
3101, 85, SetGraphicsRoot32BitConstants, 
3102, 85, SetGraphicsRoot32BitConstants, 
3103, 85, SetGraphicsRootShaderResourceView, 
3104, 85, IASetVertexBuffers, 
3105, 85, IASetPrimitiveTopology, 
3106, 85, IASetIndexBuffer, 
3107, 85, DrawIndexedInstanced, 347
3108, 85, SetGraphicsRootSignature, 
3109, 85, SetPipelineState, 
3110, 85, SetGraphicsRootConstantBufferView, 
3111, 85, SetGraphicsRoot32BitConstants, 
3112, 85, SetGraphicsRoot32BitConstants, 
3113, 85, SetGraphicsRootShaderResourceView, 
3114, 85, IASetVertexBuffers, 
3115, 85, IASetPrimitiveTopology, 
3116, 85, IASetIndexBuffer, 
3117, 85, DrawIndexedInstanced, 348
3118, 85, SetGraphicsRootSignature, 
3119, 85, SetPipelineState, 
3120, 85, SetGraphicsRootConstantBufferView, 
3121, 85, SetGraphicsRoot32BitConstants, 
3122, 85, SetGraphicsRoot32BitConstants, 
3123, 85, SetGraphicsRootShaderResourceView, 
3124, 85, IASetVertexBuffers, 
3125, 85, IASetPrimitiveTopology, 
3126, 85, IASetIndexBuffer, 
3127, 85, DrawIndexedInstanced, 349
3128, 85, SetGraphicsRootSignature, 
3129, 85, SetPipelineState, 
3130, 85, SetGraphicsRootConstantBufferView, 
3131, 85, SetGraphicsRoot32BitConstants, 
3132, 85, SetGraphicsRoot32BitConstants, 
3133, 85, SetGraphicsRootShaderResourceView, 
3134, 85, IASetVertexBuffers, 
3135, 85, IASetPrimitiveTopology, 
3136, 85, IASetIndexBuffer, 
3137, 85, DrawIndexedInstanced, 350
3138, 85, SetGraphicsRootSignature, 
3139, 85, SetPipelineState, 
3140, 85, SetGraphicsRootConstantBufferView, 
3141, 85, SetGraphicsRoot32BitConstants, 
3142, 85, SetGraphicsRoot32BitConstants, 
3143, 85, SetGraphicsRootShaderResourceView, 
3144, 85, IASetVertexBuffers, 
3145, 85, IASetPrimitiveTopology, 
3146, 85, IASetIndexBuffer, 
3147, 85, DrawIndexedInstanced, 351
3148, 85, SetGraphicsRootSignature, 
3149, 85, SetPipelineState, 
3150, 85, SetGraphicsRootConstantBufferView, 
3151, 85, SetGraphicsRoot32BitConstants, 
3152, 85, SetGraphicsRoot32BitConstants, 
3153, 85, SetGraphicsRootShaderResourceView, 
3154, 85, IASetVertexBuffers, 
3155, 85, IASetPrimitiveTopology, 
3156, 85, IASetIndexBuffer, 
3157, 85, DrawIndexedInstanced, 352
3158, 85, SetGraphicsRootSignature, 
3159, 85, SetPipelineState, 
3160, 85, SetGraphicsRootConstantBufferView, 
3161, 85, SetGraphicsRoot32BitConstants, 
3162, 85, SetGraphicsRoot32BitConstants, 
3163, 85, SetGraphicsRootShaderResourceView, 
3164, 85, IASetVertexBuffers, 
3165, 85, IASetPrimitiveTopology, 
3166, 85, IASetIndexBuffer, 
3167, 85, DrawIndexedInstanced, 353
3168, 85, SetGraphicsRootSignature, 
3169, 85, SetPipelineState, 
3170, 85, SetGraphicsRootConstantBufferView, 
3171, 85, SetGraphicsRoot32BitConstants, 
3172, 85, SetGraphicsRoot32BitConstants, 
3173, 85, SetGraphicsRootShaderResourceView, 
3174, 85, IASetVertexBuffers, 
3175, 85, IASetPrimitiveTopology, 
3176, 85, IASetIndexBuffer, 
3177, 85, DrawIndexedInstanced, 354
3178, 85, SetGraphicsRootSignature, 
3179, 85, SetPipelineState, 
3180, 85, SetGraphicsRootConstantBufferView, 
3181, 85, SetGraphicsRoot32BitConstants, 
3182, 85, SetGraphicsRoot32BitConstants, 
3183, 85, SetGraphicsRootShaderResourceView, 
3184, 85, IASetVertexBuffers, 
3185, 85, IASetPrimitiveTopology, 
3186, 85, IASetIndexBuffer, 
3187, 85, DrawIndexedInstanced, 355
3188, 85, SetGraphicsRootSignature, 
3189, 85, SetPipelineState, 
3190, 85, SetGraphicsRootConstantBufferView, 
3191, 85, SetGraphicsRoot32BitConstants, 
3192, 85, SetGraphicsRoot32BitConstants, 
3193, 85, SetGraphicsRootShaderResourceView, 
3194, 85, IASetVertexBuffers, 
3195, 85, IASetPrimitiveTopology, 
3196, 85, IASetIndexBuffer, 
3197, 85, DrawIndexedInstanced, 356
3198, 85, SetGraphicsRootSignature, 
3199, 85, SetPipelineState, 
3200, 85, SetGraphicsRootConstantBufferView, 
3201, 85, SetGraphicsRoot32BitConstants, 
3202, 85, SetGraphicsRoot32BitConstants, 
3203, 85, SetGraphicsRootShaderResourceView, 
3204, 85, IASetVertexBuffers, 
3205, 85, IASetPrimitiveTopology, 
3206, 85, IASetIndexBuffer, 
3207, 85, DrawIndexedInstanced, 357
3208, 85, SetGraphicsRootSignature, 
3209, 85, SetPipelineState, 
3210, 85, SetGraphicsRootConstantBufferView, 
3211, 85, SetGraphicsRoot32BitConstants, 
3212, 85, SetGraphicsRoot32BitConstants, 
3213, 85, SetGraphicsRootShaderResourceView, 
3214, 85, IASetVertexBuffers, 
3215, 85, IASetPrimitiveTopology, 
3216, 85, IASetIndexBuffer, 
3217, 85, DrawIndexedInstanced, 358
3218, 85, SetGraphicsRootSignature, 
3219, 85, SetPipelineState, 
3220, 85, SetGraphicsRootConstantBufferView, 
3221, 85, SetGraphicsRoot32BitConstants, 
3222, 85, SetGraphicsRoot32BitConstants, 
3223, 85, SetGraphicsRootShaderResourceView, 
3224, 85, IASetVertexBuffers, 
3225, 85, IASetPrimitiveTopology, 
3226, 85, DrawInstanced, 359
3227, 85, SetGraphicsRootSignature, 
3228, 85, SetPipelineState, 
3229, 85, SetDescriptorHeaps, 
3230, 85, SetGraphicsRootDescriptorTable, 
3231, 85, SetGraphicsRootConstantBufferView, 
3232, 85, SetGraphicsRoot32BitConstants, 
3233, 85, SetGraphicsRoot32BitConstants, 
3234, 85, SetGraphicsRootShaderResourceView, 
3235, 85, IASetVertexBuffers, 
3236, 85, IASetPrimitiveTopology, 
3237, 85, IASetIndexBuffer, 
3238, 85, DrawIndexedInstanced, 360
3239, 85, SetGraphicsRootSignature, 
3240, 85, SetPipelineState, 
3241, 85, SetGraphicsRootConstantBufferView, 
3242, 85, SetGraphicsRoot32BitConstants, 
3243, 85, SetGraphicsRoot32BitConstants, 
3244, 85, SetGraphicsRootShaderResourceView, 
3245, 85, IASetVertexBuffers, 
3246, 85, IASetPrimitiveTopology, 
3247, 85, IASetIndexBuffer, 
3248, 85, DrawIndexedInstanced, 361
3249, 85, SetGraphicsRootSignature, 
3250, 85, SetPipelineState, 
3251, 85, SetGraphicsRootConstantBufferView, 
3252, 85, SetGraphicsRoot32BitConstants, 
3253, 85, SetGraphicsRoot32BitConstants, 
3254, 85, SetGraphicsRootShaderResourceView, 
3255, 85, IASetVertexBuffers, 
3256, 85, IASetPrimitiveTopology, 
3257, 85, IASetIndexBuffer, 
3258, 85, DrawIndexedInstanced, 362
3259, 85, SetGraphicsRootSignature, 
3260, 85, SetPipelineState, 
3261, 85, SetGraphicsRootConstantBufferView, 
3262, 85, SetGraphicsRoot32BitConstants, 
3263, 85, SetGraphicsRoot32BitConstants, 
3264, 85, SetGraphicsRootShaderResourceView, 
3265, 85, IASetVertexBuffers, 
3266, 85, IASetPrimitiveTopology, 
3267, 85, IASetIndexBuffer, 
3268, 85, DrawIndexedInstanced, 363
3269, 85, SetGraphicsRootSignature, 
3270, 85, SetPipelineState, 
3271, 85, SetGraphicsRootConstantBufferView, 
3272, 85, SetGraphicsRoot32BitConstants, 
3273, 85, SetGraphicsRoot32BitConstants, 
3274, 85, SetGraphicsRootShaderResourceView, 
3275, 85, IASetVertexBuffers, 
3276, 85, IASetPrimitiveTopology, 
3277, 85, IASetIndexBuffer, 
3278, 85, DrawIndexedInstanced, 364
3279, 85, SetGraphicsRootSignature, 
3280, 85, SetPipelineState, 
3281, 85, SetGraphicsRootConstantBufferView, 
3282, 85, SetGraphicsRoot32BitConstants, 
3283, 85, SetGraphicsRoot32BitConstants, 
3284, 85, SetGraphicsRootShaderResourceView, 
3285, 85, IASetVertexBuffers, 
3286, 85, IASetPrimitiveTopology, 
3287, 85, IASetIndexBuffer, 
3288, 85, DrawIndexedInstanced, 365
3289, 85, SetGraphicsRootSignature, 
3290, 85, SetPipelineState, 
3291, 85, SetGraphicsRootConstantBufferView, 
3292, 85, SetGraphicsRoot32BitConstants, 
3293, 85, SetGraphicsRoot32BitConstants, 
3294, 85, SetGraphicsRootShaderResourceView, 
3295, 85, IASetVertexBuffers, 
3296, 85, IASetPrimitiveTopology, 
3297, 85, IASetIndexBuffer, 
3298, 85, DrawIndexedInstanced, 366
3299, 85, SetGraphicsRootSignature, 
3300, 85, SetPipelineState, 
3301, 85, SetGraphicsRootConstantBufferView, 
3302, 85, SetGraphicsRoot32BitConstants, 
3303, 85, SetGraphicsRoot32BitConstants, 
3304, 85, SetGraphicsRootShaderResourceView, 
3305, 85, IASetVertexBuffers, 
3306, 85, IASetPrimitiveTopology, 
3307, 85, IASetIndexBuffer, 
3308, 85, DrawIndexedInstanced, 367
3309, 85, SetGraphicsRootSignature, 
3310, 85, SetPipelineState, 
3311, 85, SetGraphicsRootConstantBufferView, 
3312, 85, SetGraphicsRoot32BitConstants, 
3313, 85, SetGraphicsRoot32BitConstants, 
3314, 85, SetGraphicsRootShaderResourceView, 
3315, 85, IASetVertexBuffers, 
3316, 85, IASetPrimitiveTopology, 
3317, 85, IASetIndexBuffer, 
3318, 85, DrawIndexedInstanced, 368
3319, 85, SetGraphicsRootSignature, 
3320, 85, SetPipelineState, 
3321, 85, SetGraphicsRootConstantBufferView, 
3322, 85, SetGraphicsRoot32BitConstants, 
3323, 85, SetGraphicsRoot32BitConstants, 
3324, 85, SetGraphicsRootShaderResourceView, 
3325, 85, IASetVertexBuffers, 
3326, 85, IASetPrimitiveTopology, 
3327, 85, IASetIndexBuffer, 
3328, 85, DrawIndexedInstanced, 369
3329, 85, SetGraphicsRootSignature, 
3330, 85, SetPipelineState, 
3331, 85, SetGraphicsRootConstantBufferView, 
3332, 85, SetGraphicsRoot32BitConstants, 
3333, 85, SetGraphicsRoot32BitConstants, 
3334, 85, SetGraphicsRootShaderResourceView, 
3335, 85, IASetVertexBuffers, 
3336, 85, IASetPrimitiveTopology, 
3337, 85, IASetIndexBuffer, 
3338, 85, DrawIndexedInstanced, 370
3339, 85, SetGraphicsRootSignature, 
3340, 85, SetPipelineState, 
3341, 85, SetGraphicsRootConstantBufferView, 
3342, 85, SetGraphicsRoot32BitConstants, 
3343, 85, SetGraphicsRoot32BitConstants, 
3344, 85, SetGraphicsRootShaderResourceView, 
3345, 85, IASetVertexBuffers, 
3346, 85, IASetPrimitiveTopology, 
3347, 85, IASetIndexBuffer, 
3348, 85, DrawIndexedInstanced, 371
3349, 85, SetGraphicsRootSignature, 
3350, 85, SetPipelineState, 
3351, 85, SetGraphicsRootConstantBufferView, 
3352, 85, SetGraphicsRoot32BitConstants, 
3353, 85, SetGraphicsRoot32BitConstants, 
3354, 85, SetGraphicsRootShaderResourceView, 
3355, 85, IASetVertexBuffers, 
3356, 85, IASetPrimitiveTopology, 
3357, 85, IASetIndexBuffer, 
3358, 85, DrawIndexedInstanced, 372
3359, 85, SetGraphicsRootSignature, 
3360, 85, SetPipelineState, 
3361, 85, SetGraphicsRootConstantBufferView, 
3362, 85, SetGraphicsRoot32BitConstants, 
3363, 85, SetGraphicsRoot32BitConstants, 
3364, 85, SetGraphicsRootShaderResourceView, 
3365, 85, IASetVertexBuffers, 
3366, 85, IASetPrimitiveTopology, 
3367, 85, IASetIndexBuffer, 
3368, 85, DrawIndexedInstanced, 373
3369, 85, SetGraphicsRootSignature, 
3370, 85, SetPipelineState, 
3371, 85, SetGraphicsRootConstantBufferView, 
3372, 85, SetGraphicsRoot32BitConstants, 
3373, 85, SetGraphicsRoot32BitConstants, 
3374, 85, SetGraphicsRootShaderResourceView, 
3375, 85, IASetVertexBuffers, 
3376, 85, IASetPrimitiveTopology, 
3377, 85, IASetIndexBuffer, 
3378, 85, DrawIndexedInstanced, 374
3379, 85, SetGraphicsRootSignature, 
3380, 85, SetPipelineState, 
3381, 85, SetGraphicsRootConstantBufferView, 
3382, 85, SetGraphicsRoot32BitConstants, 
3383, 85, SetGraphicsRoot32BitConstants, 
3384, 85, SetGraphicsRootShaderResourceView, 
3385, 85, IASetVertexBuffers, 
3386, 85, IASetPrimitiveTopology, 
3387, 85, IASetIndexBuffer, 
3388, 85, DrawIndexedInstanced, 375
3389, 85, SetGraphicsRootSignature, 
3390, 85, SetPipelineState, 
3391, 85, SetGraphicsRootConstantBufferView, 
3392, 85, SetGraphicsRoot32BitConstants, 
3393, 85, SetGraphicsRoot32BitConstants, 
3394, 85, SetGraphicsRootShaderResourceView, 
3395, 85, IASetVertexBuffers, 
3396, 85, IASetPrimitiveTopology, 
3397, 85, IASetIndexBuffer, 
3398, 85, DrawIndexedInstanced, 376
3399, 85, SetGraphicsRootSignature, 
3400, 85, SetPipelineState, 
3401, 85, SetGraphicsRootConstantBufferView, 
3402, 85, SetGraphicsRoot32BitConstants, 
3403, 85, SetGraphicsRoot32BitConstants, 
3404, 85, SetGraphicsRootShaderResourceView, 
3405, 85, IASetVertexBuffers, 
3406, 85, IASetPrimitiveTopology, 
3407, 85, IASetIndexBuffer, 
3408, 85, DrawIndexedInstanced, 377
3409, 85, SetGraphicsRootSignature, 
3410, 85, SetPipelineState, 
3411, 85, SetGraphicsRootConstantBufferView, 
3412, 85, SetGraphicsRoot32BitConstants, 
3413, 85, SetGraphicsRoot32BitConstants, 
3414, 85, SetGraphicsRootShaderResourceView, 
3415, 85, IASetVertexBuffers, 
3416, 85, IASetPrimitiveTopology, 
3417, 85, DrawInstanced, 378
3418, 85, SetGraphicsRootSignature, 
3419, 85, SetPipelineState, 
3420, 85, SetDescriptorHeaps, 
3421, 85, SetGraphicsRootDescriptorTable, 
3422, 85, SetGraphicsRootConstantBufferView, 
3423, 85, SetGraphicsRoot32BitConstants, 
3424, 85, SetGraphicsRoot32BitConstants, 
3425, 85, SetGraphicsRootShaderResourceView, 
3426, 85, IASetVertexBuffers, 
3427, 85, IASetPrimitiveTopology, 
3428, 85, IASetIndexBuffer, 
3429, 85, DrawIndexedInstanced, 379
3430, 85, SetGraphicsRootSignature, 
3431, 85, SetPipelineState, 
3432, 85, SetGraphicsRootConstantBufferView, 
3433, 85, SetGraphicsRoot32BitConstants, 
3434, 85, SetGraphicsRoot32BitConstants, 
3435, 85, SetGraphicsRootShaderResourceView, 
3436, 85, IASetVertexBuffers, 
3437, 85, IASetPrimitiveTopology, 
3438, 85, IASetIndexBuffer, 
3439, 85, DrawIndexedInstanced, 380
3440, 85, SetGraphicsRootSignature, 
3441, 85, SetPipelineState, 
3442, 85, SetGraphicsRootConstantBufferView, 
3443, 85, SetGraphicsRoot32BitConstants, 
3444, 85, SetGraphicsRoot32BitConstants, 
3445, 85, SetGraphicsRootShaderResourceView, 
3446, 85, IASetVertexBuffers, 
3447, 85, IASetPrimitiveTopology, 
3448, 85, IASetIndexBuffer, 
3449, 85, DrawIndexedInstanced, 381
3450, 85, SetGraphicsRootSignature, 
3451, 85, SetPipelineState, 
3452, 85, SetGraphicsRootConstantBufferView, 
3453, 85, SetGraphicsRoot32BitConstants, 
3454, 85, SetGraphicsRoot32BitConstants, 
3455, 85, SetGraphicsRootShaderResourceView, 
3456, 85, IASetVertexBuffers, 
3457, 85, IASetPrimitiveTopology, 
3458, 85, IASetIndexBuffer, 
3459, 85, DrawIndexedInstanced, 382
3460, 85, SetGraphicsRootSignature, 
3461, 85, SetPipelineState, 
3462, 85, SetGraphicsRootConstantBufferView, 
3463, 85, SetGraphicsRoot32BitConstants, 
3464, 85, SetGraphicsRoot32BitConstants, 
3465, 85, SetGraphicsRootShaderResourceView, 
3466, 85, IASetVertexBuffers, 
3467, 85, IASetPrimitiveTopology, 
3468, 85, IASetIndexBuffer, 
3469, 85, DrawIndexedInstanced, 383
3470, 85, SetGraphicsRootSignature, 
3471, 85, SetPipelineState, 
3472, 85, SetGraphicsRootConstantBufferView, 
3473, 85, SetGraphicsRoot32BitConstants, 
3474, 85, SetGraphicsRoot32BitConstants, 
3475, 85, SetGraphicsRootShaderResourceView, 
3476, 85, IASetVertexBuffers, 
3477, 85, IASetPrimitiveTopology, 
3478, 85, IASetIndexBuffer, 
3479, 85, DrawIndexedInstanced, 384
3480, 85, SetGraphicsRootSignature, 
3481, 85, SetPipelineState, 
3482, 85, SetGraphicsRootConstantBufferView, 
3483, 85, SetGraphicsRoot32BitConstants, 
3484, 85, SetGraphicsRoot32BitConstants, 
3485, 85, SetGraphicsRootShaderResourceView, 
3486, 85, IASetVertexBuffers, 
3487, 85, IASetPrimitiveTopology, 
3488, 85, IASetIndexBuffer, 
3489, 85, DrawIndexedInstanced, 385
3490, 85, SetGraphicsRootSignature, 
3491, 85, SetPipelineState, 
3492, 85, SetGraphicsRootConstantBufferView, 
3493, 85, SetGraphicsRoot32BitConstants, 
3494, 85, SetGraphicsRoot32BitConstants, 
3495, 85, SetGraphicsRootShaderResourceView, 
3496, 85, IASetVertexBuffers, 
3497, 85, IASetPrimitiveTopology, 
3498, 85, IASetIndexBuffer, 
3499, 85, DrawIndexedInstanced, 386
3500, 85, SetGraphicsRootSignature, 
3501, 85, SetPipelineState, 
3502, 85, SetGraphicsRootConstantBufferView, 
3503, 85, SetGraphicsRoot32BitConstants, 
3504, 85, SetGraphicsRoot32BitConstants, 
3505, 85, SetGraphicsRootShaderResourceView, 
3506, 85, IASetVertexBuffers, 
3507, 85, IASetPrimitiveTopology, 
3508, 85, IASetIndexBuffer, 
3509, 85, DrawIndexedInstanced, 387
3510, 85, SetGraphicsRootSignature, 
3511, 85, SetPipelineState, 
3512, 85, SetGraphicsRootConstantBufferView, 
3513, 85, SetGraphicsRoot32BitConstants, 
3514, 85, SetGraphicsRoot32BitConstants, 
3515, 85, SetGraphicsRootShaderResourceView, 
3516, 85, IASetVertexBuffers, 
3517, 85, IASetPrimitiveTopology, 
3518, 85, IASetIndexBuffer, 
3519, 85, DrawIndexedInstanced, 388
3520, 85, SetGraphicsRootSignature, 
3521, 85, SetPipelineState, 
3522, 85, SetGraphicsRootConstantBufferView, 
3523, 85, SetGraphicsRoot32BitConstants, 
3524, 85, SetGraphicsRoot32BitConstants, 
3525, 85, SetGraphicsRootShaderResourceView, 
3526, 85, IASetVertexBuffers, 
3527, 85, IASetPrimitiveTopology, 
3528, 85, IASetIndexBuffer, 
3529, 85, DrawIndexedInstanced, 389
3530, 85, SetGraphicsRootSignature, 
3531, 85, SetPipelineState, 
3532, 85, SetGraphicsRootConstantBufferView, 
3533, 85, SetGraphicsRoot32BitConstants, 
3534, 85, SetGraphicsRoot32BitConstants, 
3535, 85, SetGraphicsRootShaderResourceView, 
3536, 85, IASetVertexBuffers, 
3537, 85, IASetPrimitiveTopology, 
3538, 85, IASetIndexBuffer, 
3539, 85, DrawIndexedInstanced, 390
3540, 85, SetGraphicsRootSignature, 
3541, 85, SetPipelineState, 
3542, 85, SetGraphicsRootConstantBufferView, 
3543, 85, SetGraphicsRoot32BitConstants, 
3544, 85, SetGraphicsRoot32BitConstants, 
3545, 85, SetGraphicsRootShaderResourceView, 
3546, 85, IASetVertexBuffers, 
3547, 85, IASetPrimitiveTopology, 
3548, 85, IASetIndexBuffer, 
3549, 85, DrawIndexedInstanced, 391
3550, 85, SetGraphicsRootSignature, 
3551, 85, SetPipelineState, 
3552, 85, SetGraphicsRootConstantBufferView, 
3553, 85, SetGraphicsRoot32BitConstants, 
3554, 85, SetGraphicsRoot32BitConstants, 
3555, 85, SetGraphicsRootShaderResourceView, 
3556, 85, IASetVertexBuffers, 
3557, 85, IASetPrimitiveTopology, 
3558, 85, IASetIndexBuffer, 
3559, 85, DrawIndexedInstanced, 392
3560, 85, SetGraphicsRootSignature, 
3561, 85, SetPipelineState, 
3562, 85, SetGraphicsRootConstantBufferView, 
3563, 85, SetGraphicsRoot32BitConstants, 
3564, 85, SetGraphicsRoot32BitConstants, 
3565, 85, SetGraphicsRootShaderResourceView, 
3566, 85, IASetVertexBuffers, 
3567, 85, IASetPrimitiveTopology, 
3568, 85, IASetIndexBuffer, 
3569, 85, DrawIndexedInstanced, 393
3570, 85, SetGraphicsRootSignature, 
3571, 85, SetPipelineState, 
3572, 85, SetGraphicsRootConstantBufferView, 
3573, 85, SetGraphicsRoot32BitConstants, 
3574, 85, SetGraphicsRoot32BitConstants, 
3575, 85, SetGraphicsRootShaderResourceView, 
3576, 85, IASetVertexBuffers, 
3577, 85, IASetPrimitiveTopology, 
3578, 85, IASetIndexBuffer, 
3579, 85, DrawIndexedInstanced, 394
3580, 85, SetGraphicsRootSignature, 
3581, 85, SetPipelineState, 
3582, 85, SetGraphicsRootConstantBufferView, 
3583, 85, SetGraphicsRoot32BitConstants, 
3584, 85, SetGraphicsRoot32BitConstants, 
3585, 85, SetGraphicsRootShaderResourceView, 
3586, 85, IASetVertexBuffers, 
3587, 85, IASetPrimitiveTopology, 
3588, 85, IASetIndexBuffer, 
3589, 85, DrawIndexedInstanced, 395
3590, 85, SetGraphicsRootSignature, 
3591, 85, SetPipelineState, 
3592, 85, SetGraphicsRootConstantBufferView, 
3593, 85, SetGraphicsRoot32BitConstants, 
3594, 85, SetGraphicsRoot32BitConstants, 
3595, 85, SetGraphicsRootShaderResourceView, 
3596, 85, IASetVertexBuffers, 
3597, 85, IASetPrimitiveTopology, 
3598, 85, IASetIndexBuffer, 
3599, 85, DrawIndexedInstanced, 396
3600, 85, SetGraphicsRootSignature, 
3601, 85, SetPipelineState, 
3602, 85, SetGraphicsRootConstantBufferView, 
3603, 85, SetGraphicsRoot32BitConstants, 
3604, 85, SetGraphicsRoot32BitConstants, 
3605, 85, SetGraphicsRootShaderResourceView, 
3606, 85, IASetVertexBuffers, 
3607, 85, IASetPrimitiveTopology, 
3608, 85, DrawInstanced, 397
3609, 85, SetGraphicsRootSignature, 
3610, 85, SetPipelineState, 
3611, 85, SetDescriptorHeaps, 
3612, 85, SetGraphicsRootDescriptorTable, 
3613, 85, SetGraphicsRootConstantBufferView, 
3614, 85, SetGraphicsRoot32BitConstants, 
3615, 85, SetGraphicsRoot32BitConstants, 
3616, 85, SetGraphicsRootShaderResourceView, 
3617, 85, IASetVertexBuffers, 
3618, 85, IASetPrimitiveTopology, 
3619, 85, IASetIndexBuffer, 
3620, 85, DrawIndexedInstanced, 398
3621, 85, SetGraphicsRootSignature, 
3622, 85, SetPipelineState, 
3623, 85, SetGraphicsRootConstantBufferView, 
3624, 85, SetGraphicsRoot32BitConstants, 
3625, 85, SetGraphicsRoot32BitConstants, 
3626, 85, SetGraphicsRootShaderResourceView, 
3627, 85, IASetVertexBuffers, 
3628, 85, IASetPrimitiveTopology, 
3629, 85, IASetIndexBuffer, 
3630, 85, DrawIndexedInstanced, 399
3631, 85, SetGraphicsRootSignature, 
3632, 85, SetPipelineState, 
3633, 85, SetGraphicsRootConstantBufferView, 
3634, 85, SetGraphicsRoot32BitConstants, 
3635, 85, SetGraphicsRoot32BitConstants, 
3636, 85, SetGraphicsRootShaderResourceView, 
3637, 85, IASetVertexBuffers, 
3638, 85, IASetPrimitiveTopology, 
3639, 85, IASetIndexBuffer, 
3640, 85, DrawIndexedInstanced, 400
3641, 85, SetGraphicsRootSignature, 
3642, 85, SetPipelineState, 
3643, 85, SetGraphicsRootConstantBufferView, 
3644, 85, SetGraphicsRoot32BitConstants, 
3645, 85, SetGraphicsRoot32BitConstants, 
3646, 85, SetGraphicsRootShaderResourceView, 
3647, 85, IASetVertexBuffers, 
3648, 85, IASetPrimitiveTopology, 
3649, 85, IASetIndexBuffer, 
3650, 85, DrawIndexedInstanced, 401
3651, 85, SetGraphicsRootSignature, 
3652, 85, SetPipelineState, 
3653, 85, SetGraphicsRootConstantBufferView, 
3654, 85, SetGraphicsRoot32BitConstants, 
3655, 85, SetGraphicsRoot32BitConstants, 
3656, 85, SetGraphicsRootShaderResourceView, 
3657, 85, IASetVertexBuffers, 
3658, 85, IASetPrimitiveTopology, 
3659, 85, IASetIndexBuffer, 
3660, 85, DrawIndexedInstanced, 402
3661, 85, SetGraphicsRootSignature, 
3662, 85, SetPipelineState, 
3663, 85, SetGraphicsRootConstantBufferView, 
3664, 85, SetGraphicsRoot32BitConstants, 
3665, 85, SetGraphicsRoot32BitConstants, 
3666, 85, SetGraphicsRootShaderResourceView, 
3667, 85, IASetVertexBuffers, 
3668, 85, IASetPrimitiveTopology, 
3669, 85, IASetIndexBuffer, 
3670, 85, DrawIndexedInstanced, 403
3671, 85, SetGraphicsRootSignature, 
3672, 85, SetPipelineState, 
3673, 85, SetGraphicsRootConstantBufferView, 
3674, 85, SetGraphicsRoot32BitConstants, 
3675, 85, SetGraphicsRoot32BitConstants, 
3676, 85, SetGraphicsRootShaderResourceView, 
3677, 85, IASetVertexBuffers, 
3678, 85, IASetPrimitiveTopology, 
3679, 85, IASetIndexBuffer, 
3680, 85, DrawIndexedInstanced, 404
3681, 85, SetGraphicsRootSignature, 
3682, 85, SetPipelineState, 
3683, 85, SetGraphicsRootConstantBufferView, 
3684, 85, SetGraphicsRoot32BitConstants, 
3685, 85, SetGraphicsRoot32BitConstants, 
3686, 85, SetGraphicsRootShaderResourceView, 
3687, 85, IASetVertexBuffers, 
3688, 85, IASetPrimitiveTopology, 
3689, 85, IASetIndexBuffer, 
3690, 85, DrawIndexedInstanced, 405
3691, 85, SetGraphicsRootSignature, 
3692, 85, SetPipelineState, 
3693, 85, SetGraphicsRootConstantBufferView, 
3694, 85, SetGraphicsRoot32BitConstants, 
3695, 85, SetGraphicsRoot32BitConstants, 
3696, 85, SetGraphicsRootShaderResourceView, 
3697, 85, IASetVertexBuffers, 
3698, 85, IASetPrimitiveTopology, 
3699, 85, IASetIndexBuffer, 
3700, 85, DrawIndexedInstanced, 406
3701, 85, SetGraphicsRootSignature, 
3702, 85, SetPipelineState, 
3703, 85, SetGraphicsRootConstantBufferView, 
3704, 85, SetGraphicsRoot32BitConstants, 
3705, 85, SetGraphicsRoot32BitConstants, 
3706, 85, SetGraphicsRootShaderResourceView, 
3707, 85, IASetVertexBuffers, 
3708, 85, IASetPrimitiveTopology, 
3709, 85, IASetIndexBuffer, 
3710, 85, DrawIndexedInstanced, 407
3711, 85, SetGraphicsRootSignature, 
3712, 85, SetPipelineState, 
3713, 85, SetGraphicsRootConstantBufferView, 
3714, 85, SetGraphicsRoot32BitConstants, 
3715, 85, SetGraphicsRoot32BitConstants, 
3716, 85, SetGraphicsRootShaderResourceView, 
3717, 85, IASetVertexBuffers, 
3718, 85, IASetPrimitiveTopology, 
3719, 85, IASetIndexBuffer, 
3720, 85, DrawIndexedInstanced, 408
3721, 85, SetGraphicsRootSignature, 
3722, 85, SetPipelineState, 
3723, 85, SetGraphicsRootConstantBufferView, 
3724, 85, SetGraphicsRoot32BitConstants, 
3725, 85, SetGraphicsRoot32BitConstants, 
3726, 85, SetGraphicsRootShaderResourceView, 
3727, 85, IASetVertexBuffers, 
3728, 85, IASetPrimitiveTopology, 
3729, 85, IASetIndexBuffer, 
3730, 85, DrawIndexedInstanced, 409
3731, 85, SetGraphicsRootSignature, 
3732, 85, SetPipelineState, 
3733, 85, SetGraphicsRootConstantBufferView, 
3734, 85, SetGraphicsRoot32BitConstants, 
3735, 85, SetGraphicsRoot32BitConstants, 
3736, 85, SetGraphicsRootShaderResourceView, 
3737, 85, IASetVertexBuffers, 
3738, 85, IASetPrimitiveTopology, 
3739, 85, IASetIndexBuffer, 
3740, 85, DrawIndexedInstanced, 410
3741, 85, SetGraphicsRootSignature, 
3742, 85, SetPipelineState, 
3743, 85, SetGraphicsRootConstantBufferView, 
3744, 85, SetGraphicsRoot32BitConstants, 
3745, 85, SetGraphicsRoot32BitConstants, 
3746, 85, SetGraphicsRootShaderResourceView, 
3747, 85, IASetVertexBuffers, 
3748, 85, IASetPrimitiveTopology, 
3749, 85, IASetIndexBuffer, 
3750, 85, DrawIndexedInstanced, 411
3751, 85, SetGraphicsRootSignature, 
3752, 85, SetPipelineState, 
3753, 85, SetGraphicsRootConstantBufferView, 
3754, 85, SetGraphicsRoot32BitConstants, 
3755, 85, SetGraphicsRoot32BitConstants, 
3756, 85, SetGraphicsRootShaderResourceView, 
3757, 85, IASetVertexBuffers, 
3758, 85, IASetPrimitiveTopology, 
3759, 85, IASetIndexBuffer, 
3760, 85, DrawIndexedInstanced, 412
3761, 85, SetGraphicsRootSignature, 
3762, 85, SetPipelineState, 
3763, 85, SetGraphicsRootConstantBufferView, 
3764, 85, SetGraphicsRoot32BitConstants, 
3765, 85, SetGraphicsRoot32BitConstants, 
3766, 85, SetGraphicsRootShaderResourceView, 
3767, 85, IASetVertexBuffers, 
3768, 85, IASetPrimitiveTopology, 
3769, 85, IASetIndexBuffer, 
3770, 85, DrawIndexedInstanced, 413
3771, 85, SetGraphicsRootSignature, 
3772, 85, SetPipelineState, 
3773, 85, SetGraphicsRootConstantBufferView, 
3774, 85, SetGraphicsRoot32BitConstants, 
3775, 85, SetGraphicsRoot32BitConstants, 
3776, 85, SetGraphicsRootShaderResourceView, 
3777, 85, IASetVertexBuffers, 
3778, 85, IASetPrimitiveTopology, 
3779, 85, IASetIndexBuffer, 
3780, 85, DrawIndexedInstanced, 414
3781, 85, SetGraphicsRootSignature, 
3782, 85, SetPipelineState, 
3783, 85, SetGraphicsRootConstantBufferView, 
3784, 85, SetGraphicsRoot32BitConstants, 
3785, 85, SetGraphicsRoot32BitConstants, 
3786, 85, SetGraphicsRootShaderResourceView, 
3787, 85, IASetVertexBuffers, 
3788, 85, IASetPrimitiveTopology, 
3789, 85, IASetIndexBuffer, 
3790, 85, DrawIndexedInstanced, 415
3791, 85, SetGraphicsRootSignature, 
3792, 85, SetPipelineState, 
3793, 85, SetGraphicsRootConstantBufferView, 
3794, 85, SetGraphicsRoot32BitConstants, 
3795, 85, SetGraphicsRoot32BitConstants, 
3796, 85, SetGraphicsRootShaderResourceView, 
3797, 85, IASetVertexBuffers, 
3798, 85, IASetPrimitiveTopology, 
3799, 85, DrawInstanced, 416
3800, 85, SetGraphicsRootSignature, 
3801, 85, SetPipelineState, 
3802, 85, SetDescriptorHeaps, 
3803, 85, SetGraphicsRootDescriptorTable, 
3804, 85, SetGraphicsRootConstantBufferView, 
3805, 85, SetGraphicsRoot32BitConstants, 
3806, 85, SetGraphicsRoot32BitConstants, 
3807, 85, SetGraphicsRootShaderResourceView, 
3808, 85, IASetVertexBuffers, 
3809, 85, IASetPrimitiveTopology, 
3810, 85, IASetIndexBuffer, 
3811, 85, DrawIndexedInstanced, 417
3812, 85, SetGraphicsRootSignature, 
3813, 85, SetPipelineState, 
3814, 85, SetGraphicsRootConstantBufferView, 
3815, 85, SetGraphicsRoot32BitConstants, 
3816, 85, SetGraphicsRoot32BitConstants, 
3817, 85, SetGraphicsRootShaderResourceView, 
3818, 85, IASetVertexBuffers, 
3819, 85, IASetPrimitiveTopology, 
3820, 85, IASetIndexBuffer, 
3821, 85, DrawIndexedInstanced, 418
3822, 85, SetGraphicsRootSignature, 
3823, 85, SetPipelineState, 
3824, 85, SetGraphicsRootConstantBufferView, 
3825, 85, SetGraphicsRoot32BitConstants, 
3826, 85, SetGraphicsRoot32BitConstants, 
3827, 85, SetGraphicsRootShaderResourceView, 
3828, 85, IASetVertexBuffers, 
3829, 85, IASetPrimitiveTopology, 
3830, 85, IASetIndexBuffer, 
3831, 85, DrawIndexedInstanced, 419
3832, 85, SetGraphicsRootSignature, 
3833, 85, SetPipelineState, 
3834, 85, SetGraphicsRootConstantBufferView, 
3835, 85, SetGraphicsRoot32BitConstants, 
3836, 85, SetGraphicsRoot32BitConstants, 
3837, 85, SetGraphicsRootShaderResourceView, 
3838, 85, IASetVertexBuffers, 
3839, 85, IASetPrimitiveTopology, 
3840, 85, IASetIndexBuffer, 
3841, 85, DrawIndexedInstanced, 420
3842, 85, SetGraphicsRootSignature, 
3843, 85, SetPipelineState, 
3844, 85, SetGraphicsRootConstantBufferView, 
3845, 85, SetGraphicsRoot32BitConstants, 
3846, 85, SetGraphicsRoot32BitConstants, 
3847, 85, SetGraphicsRootShaderResourceView, 
3848, 85, IASetVertexBuffers, 
3849, 85, IASetPrimitiveTopology, 
3850, 85, IASetIndexBuffer, 
3851, 85, DrawIndexedInstanced, 421
3852, 85, SetGraphicsRootSignature, 
3853, 85, SetPipelineState, 
3854, 85, SetGraphicsRootConstantBufferView, 
3855, 85, SetGraphicsRoot32BitConstants, 
3856, 85, SetGraphicsRoot32BitConstants, 
3857, 85, SetGraphicsRootShaderResourceView, 
3858, 85, IASetVertexBuffers, 
3859, 85, IASetPrimitiveTopology, 
3860, 85, IASetIndexBuffer, 
3861, 85, DrawIndexedInstanced, 422
3862, 85, SetGraphicsRootSignature, 
3863, 85, SetPipelineState, 
3864, 85, SetGraphicsRootConstantBufferView, 
3865, 85, SetGraphicsRoot32BitConstants, 
3866, 85, SetGraphicsRoot32BitConstants, 
3867, 85, SetGraphicsRootShaderResourceView, 
3868, 85, IASetVertexBuffers, 
3869, 85, IASetPrimitiveTopology, 
3870, 85, IASetIndexBuffer, 
3871, 85, DrawIndexedInstanced, 423
3872, 85, SetGraphicsRootSignature, 
3873, 85, SetPipelineState, 
3874, 85, SetGraphicsRootConstantBufferView, 
3875, 85, SetGraphicsRoot32BitConstants, 
3876, 85, SetGraphicsRoot32BitConstants, 
3877, 85, SetGraphicsRootShaderResourceView, 
3878, 85, IASetVertexBuffers, 
3879, 85, IASetPrimitiveTopology, 
3880, 85, IASetIndexBuffer, 
3881, 85, DrawIndexedInstanced, 424
3882, 85, SetGraphicsRootSignature, 
3883, 85, SetPipelineState, 
3884, 85, SetGraphicsRootConstantBufferView, 
3885, 85, SetGraphicsRoot32BitConstants, 
3886, 85, SetGraphicsRoot32BitConstants, 
3887, 85, SetGraphicsRootShaderResourceView, 
3888, 85, IASetVertexBuffers, 
3889, 85, IASetPrimitiveTopology, 
3890, 85, IASetIndexBuffer, 
3891, 85, DrawIndexedInstanced, 425
3892, 85, SetGraphicsRootSignature, 
3893, 85, SetPipelineState, 
3894, 85, SetGraphicsRootConstantBufferView, 
3895, 85, SetGraphicsRoot32BitConstants, 
3896, 85, SetGraphicsRoot32BitConstants, 
3897, 85, SetGraphicsRootShaderResourceView, 
3898, 85, IASetVertexBuffers, 
3899, 85, IASetPrimitiveTopology, 
3900, 85, IASetIndexBuffer, 
3901, 85, DrawIndexedInstanced, 426
3902, 85, SetGraphicsRootSignature, 
3903, 85, SetPipelineState, 
3904, 85, SetGraphicsRootConstantBufferView, 
3905, 85, SetGraphicsRoot32BitConstants, 
3906, 85, SetGraphicsRoot32BitConstants, 
3907, 85, SetGraphicsRootShaderResourceView, 
3908, 85, IASetVertexBuffers, 
3909, 85, IASetPrimitiveTopology, 
3910, 85, IASetIndexBuffer, 
3911, 85, DrawIndexedInstanced, 427
3912, 85, SetGraphicsRootSignature, 
3913, 85, SetPipelineState, 
3914, 85, SetGraphicsRootConstantBufferView, 
3915, 85, SetGraphicsRoot32BitConstants, 
3916, 85, SetGraphicsRoot32BitConstants, 
3917, 85, SetGraphicsRootShaderResourceView, 
3918, 85, IASetVertexBuffers, 
3919, 85, IASetPrimitiveTopology, 
3920, 85, IASetIndexBuffer, 
3921, 85, DrawIndexedInstanced, 428
3922, 85, SetGraphicsRootSignature, 
3923, 85, SetPipelineState, 
3924, 85, SetGraphicsRootConstantBufferView, 
3925, 85, SetGraphicsRoot32BitConstants, 
3926, 85, SetGraphicsRoot32BitConstants, 
3927, 85, SetGraphicsRootShaderResourceView, 
3928, 85, IASetVertexBuffers, 
3929, 85, IASetPrimitiveTopology, 
3930, 85, IASetIndexBuffer, 
3931, 85, DrawIndexedInstanced, 429
3932, 85, SetGraphicsRootSignature, 
3933, 85, SetPipelineState, 
3934, 85, SetGraphicsRootConstantBufferView, 
3935, 85, SetGraphicsRoot32BitConstants, 
3936, 85, SetGraphicsRoot32BitConstants, 
3937, 85, SetGraphicsRootShaderResourceView, 
3938, 85, IASetVertexBuffers, 
3939, 85, IASetPrimitiveTopology, 
3940, 85, IASetIndexBuffer, 
3941, 85, DrawIndexedInstanced, 430
3942, 85, SetGraphicsRootSignature, 
3943, 85, SetPipelineState, 
3944, 85, SetGraphicsRootConstantBufferView, 
3945, 85, SetGraphicsRoot32BitConstants, 
3946, 85, SetGraphicsRoot32BitConstants, 
3947, 85, SetGraphicsRootShaderResourceView, 
3948, 85, IASetVertexBuffers, 
3949, 85, IASetPrimitiveTopology, 
3950, 85, IASetIndexBuffer, 
3951, 85, DrawIndexedInstanced, 431
3952, 85, SetGraphicsRootSignature, 
3953, 85, SetPipelineState, 
3954, 85, SetGraphicsRootConstantBufferView, 
3955, 85, SetGraphicsRoot32BitConstants, 
3956, 85, SetGraphicsRoot32BitConstants, 
3957, 85, SetGraphicsRootShaderResourceView, 
3958, 85, IASetVertexBuffers, 
3959, 85, IASetPrimitiveTopology, 
3960, 85, IASetIndexBuffer, 
3961, 85, DrawIndexedInstanced, 432
3962, 85, SetGraphicsRootSignature, 
3963, 85, SetPipelineState, 
3964, 85, SetGraphicsRootConstantBufferView, 
3965, 85, SetGraphicsRoot32BitConstants, 
3966, 85, SetGraphicsRoot32BitConstants, 
3967, 85, SetGraphicsRootShaderResourceView, 
3968, 85, IASetVertexBuffers, 
3969, 85, IASetPrimitiveTopology, 
3970, 85, IASetIndexBuffer, 
3971, 85, DrawIndexedInstanced, 433
3972, 85, SetGraphicsRootSignature, 
3973, 85, SetPipelineState, 
3974, 85, SetGraphicsRootConstantBufferView, 
3975, 85, SetGraphicsRoot32BitConstants, 
3976, 85, SetGraphicsRoot32BitConstants, 
3977, 85, SetGraphicsRootShaderResourceView, 
3978, 85, IASetVertexBuffers, 
3979, 85, IASetPrimitiveTopology, 
3980, 85, IASetIndexBuffer, 
3981, 85, DrawIndexedInstanced, 434
3982, 85, SetGraphicsRootSignature, 
3983, 85, SetPipelineState, 
3984, 85, SetGraphicsRootConstantBufferView, 
3985, 85, SetGraphicsRoot32BitConstants, 
3986, 85, SetGraphicsRoot32BitConstants, 
3987, 85, SetGraphicsRootShaderResourceView, 
3988, 85, IASetVertexBuffers, 
3989, 85, IASetPrimitiveTopology, 
3990, 85, DrawInstanced, 435
3991, 85, SetGraphicsRootSignature, 
3992, 85, SetPipelineState, 
3993, 85, SetDescriptorHeaps, 
3994, 85, SetGraphicsRootDescriptorTable, 
3995, 85, SetGraphicsRootConstantBufferView, 
3996, 85, SetGraphicsRoot32BitConstants, 
3997, 85, SetGraphicsRoot32BitConstants, 
3998, 85, SetGraphicsRootShaderResourceView, 
3999, 85, IASetVertexBuffers, 
4000, 85, IASetPrimitiveTopology, 
4001, 85, IASetIndexBuffer, 
4002, 85, DrawIndexedInstanced, 436
4003, 85, SetGraphicsRootSignature, 
4004, 85, SetPipelineState, 
4005, 85, SetGraphicsRootConstantBufferView, 
4006, 85, SetGraphicsRoot32BitConstants, 
4007, 85, SetGraphicsRoot32BitConstants, 
4008, 85, SetGraphicsRootShaderResourceView, 
4009, 85, IASetVertexBuffers, 
4010, 85, IASetPrimitiveTopology, 
4011, 85, IASetIndexBuffer, 
4012, 85, DrawIndexedInstanced, 437
4013, 85, SetGraphicsRootSignature, 
4014, 85, SetPipelineState, 
4015, 85, SetGraphicsRootConstantBufferView, 
4016, 85, SetGraphicsRoot32BitConstants, 
4017, 85, SetGraphicsRoot32BitConstants, 
4018, 85, SetGraphicsRootShaderResourceView, 
4019, 85, IASetVertexBuffers, 
4020, 85, IASetPrimitiveTopology, 
4021, 85, IASetIndexBuffer, 
4022, 85, DrawIndexedInstanced, 438
4023, 85, SetGraphicsRootSignature, 
4024, 85, SetPipelineState, 
4025, 85, SetGraphicsRootConstantBufferView, 
4026, 85, SetGraphicsRoot32BitConstants, 
4027, 85, SetGraphicsRoot32BitConstants, 
4028, 85, SetGraphicsRootShaderResourceView, 
4029, 85, IASetVertexBuffers, 
4030, 85, IASetPrimitiveTopology, 
4031, 85, IASetIndexBuffer, 
4032, 85, DrawIndexedInstanced, 439
4033, 85, SetGraphicsRootSignature, 
4034, 85, SetPipelineState, 
4035, 85, SetGraphicsRootConstantBufferView, 
4036, 85, SetGraphicsRoot32BitConstants, 
4037, 85, SetGraphicsRoot32BitConstants, 
4038, 85, SetGraphicsRootShaderResourceView, 
4039, 85, IASetVertexBuffers, 
4040, 85, IASetPrimitiveTopology, 
4041, 85, IASetIndexBuffer, 
4042, 85, DrawIndexedInstanced, 440
4043, 85, SetGraphicsRootSignature, 
4044, 85, SetPipelineState, 
4045, 85, SetGraphicsRootConstantBufferView, 
4046, 85, SetGraphicsRoot32BitConstants, 
4047, 85, SetGraphicsRoot32BitConstants, 
4048, 85, SetGraphicsRootShaderResourceView, 
4049, 85, IASetVertexBuffers, 
4050, 85, IASetPrimitiveTopology, 
4051, 85, IASetIndexBuffer, 
4052, 85, DrawIndexedInstanced, 441
4053, 85, SetGraphicsRootSignature, 
4054, 85, SetPipelineState, 
4055, 85, SetGraphicsRootConstantBufferView, 
4056, 85, SetGraphicsRoot32BitConstants, 
4057, 85, SetGraphicsRoot32BitConstants, 
4058, 85, SetGraphicsRootShaderResourceView, 
4059, 85, IASetVertexBuffers, 
4060, 85, IASetPrimitiveTopology, 
4061, 85, IASetIndexBuffer, 
4062, 85, DrawIndexedInstanced, 442
4063, 85, SetGraphicsRootSignature, 
4064, 85, SetPipelineState, 
4065, 85, SetGraphicsRootConstantBufferView, 
4066, 85, SetGraphicsRoot32BitConstants, 
4067, 85, SetGraphicsRoot32BitConstants, 
4068, 85, SetGraphicsRootShaderResourceView, 
4069, 85, IASetVertexBuffers, 
4070, 85, IASetPrimitiveTopology, 
4071, 85, IASetIndexBuffer, 
4072, 85, DrawIndexedInstanced, 443
4073, 85, SetGraphicsRootSignature, 
4074, 85, SetPipelineState, 
4075, 85, SetGraphicsRootConstantBufferView, 
4076, 85, SetGraphicsRoot32BitConstants, 
4077, 85, SetGraphicsRoot32BitConstants, 
4078, 85, SetGraphicsRootShaderResourceView, 
4079, 85, IASetVertexBuffers, 
4080, 85, IASetPrimitiveTopology, 
4081, 85, IASetIndexBuffer, 
4082, 85, DrawIndexedInstanced, 444
4083, 85, SetGraphicsRootSignature, 
4084, 85, SetPipelineState, 
4085, 85, SetGraphicsRootConstantBufferView, 
4086, 85, SetGraphicsRoot32BitConstants, 
4087, 85, SetGraphicsRoot32BitConstants, 
4088, 85, SetGraphicsRootShaderResourceView, 
4089, 85, IASetVertexBuffers, 
4090, 85, IASetPrimitiveTopology, 
4091, 85, IASetIndexBuffer, 
4092, 85, DrawIndexedInstanced, 445
4093, 85, SetGraphicsRootSignature, 
4094, 85, SetPipelineState, 
4095, 85, SetGraphicsRootConstantBufferView, 
4096, 85, SetGraphicsRoot32BitConstants, 
4097, 85, SetGraphicsRoot32BitConstants, 
4098, 85, SetGraphicsRootShaderResourceView, 
4099, 85, IASetVertexBuffers, 
4100, 85, IASetPrimitiveTopology, 
4101, 85, IASetIndexBuffer, 
4102, 85, DrawIndexedInstanced, 446
4103, 85, SetGraphicsRootSignature, 
4104, 85, SetPipelineState, 
4105, 85, SetGraphicsRootConstantBufferView, 
4106, 85, SetGraphicsRoot32BitConstants, 
4107, 85, SetGraphicsRoot32BitConstants, 
4108, 85, SetGraphicsRootShaderResourceView, 
4109, 85, IASetVertexBuffers, 
4110, 85, IASetPrimitiveTopology, 
4111, 85, IASetIndexBuffer, 
4112, 85, DrawIndexedInstanced, 447
4113, 85, SetGraphicsRootSignature, 
4114, 85, SetPipelineState, 
4115, 85, SetGraphicsRootConstantBufferView, 
4116, 85, SetGraphicsRoot32BitConstants, 
4117, 85, SetGraphicsRoot32BitConstants, 
4118, 85, SetGraphicsRootShaderResourceView, 
4119, 85, IASetVertexBuffers, 
4120, 85, IASetPrimitiveTopology, 
4121, 85, IASetIndexBuffer, 
4122, 85, DrawIndexedInstanced, 448
4123, 85, SetGraphicsRootSignature, 
4124, 85, SetPipelineState, 
4125, 85, SetGraphicsRootConstantBufferView, 
4126, 85, SetGraphicsRoot32BitConstants, 
4127, 85, SetGraphicsRoot32BitConstants, 
4128, 85, SetGraphicsRootShaderResourceView, 
4129, 85, IASetVertexBuffers, 
4130, 85, IASetPrimitiveTopology, 
4131, 85, IASetIndexBuffer, 
4132, 85, DrawIndexedInstanced, 449
4133, 85, SetGraphicsRootSignature, 
4134, 85, SetPipelineState, 
4135, 85, SetGraphicsRootConstantBufferView, 
4136, 85, SetGraphicsRoot32BitConstants, 
4137, 85, SetGraphicsRoot32BitConstants, 
4138, 85, SetGraphicsRootShaderResourceView, 
4139, 85, IASetVertexBuffers, 
4140, 85, IASetPrimitiveTopology, 
4141, 85, IASetIndexBuffer, 
4142, 85, DrawIndexedInstanced, 450
4143, 85, SetGraphicsRootSignature, 
4144, 85, SetPipelineState, 
4145, 85, SetGraphicsRootConstantBufferView, 
4146, 85, SetGraphicsRoot32BitConstants, 
4147, 85, SetGraphicsRoot32BitConstants, 
4148, 85, SetGraphicsRootShaderResourceView, 
4149, 85, IASetVertexBuffers, 
4150, 85, IASetPrimitiveTopology, 
4151, 85, IASetIndexBuffer, 
4152, 85, DrawIndexedInstanced, 451
4153, 85, SetGraphicsRootSignature, 
4154, 85, SetPipelineState, 
4155, 85, SetGraphicsRootConstantBufferView, 
4156, 85, SetGraphicsRoot32BitConstants, 
4157, 85, SetGraphicsRoot32BitConstants, 
4158, 85, SetGraphicsRootShaderResourceView, 
4159, 85, IASetVertexBuffers, 
4160, 85, IASetPrimitiveTopology, 
4161, 85, IASetIndexBuffer, 
4162, 85, DrawIndexedInstanced, 452
4163, 85, SetGraphicsRootSignature, 
4164, 85, SetPipelineState, 
4165, 85, SetGraphicsRootConstantBufferView, 
4166, 85, SetGraphicsRoot32BitConstants, 
4167, 85, SetGraphicsRoot32BitConstants, 
4168, 85, SetGraphicsRootShaderResourceView, 
4169, 85, IASetVertexBuffers, 
4170, 85, IASetPrimitiveTopology, 
4171, 85, IASetIndexBuffer, 
4172, 85, DrawIndexedInstanced, 453
4173, 85, SetGraphicsRootSignature, 
4174, 85, SetPipelineState, 
4175, 85, SetGraphicsRootConstantBufferView, 
4176, 85, SetGraphicsRoot32BitConstants, 
4177, 85, SetGraphicsRoot32BitConstants, 
4178, 85, SetGraphicsRootShaderResourceView, 
4179, 85, IASetVertexBuffers, 
4180, 85, IASetPrimitiveTopology, 
4181, 85, DrawInstanced, 454
4182, 85, SetGraphicsRootSignature, 
4183, 85, SetPipelineState, 
4184, 85, SetDescriptorHeaps, 
4185, 85, SetGraphicsRootDescriptorTable, 
4186, 85, SetGraphicsRootConstantBufferView, 
4187, 85, SetGraphicsRoot32BitConstants, 
4188, 85, SetGraphicsRoot32BitConstants, 
4189, 85, SetGraphicsRootShaderResourceView, 
4190, 85, IASetVertexBuffers, 
4191, 85, IASetPrimitiveTopology, 
4192, 85, IASetIndexBuffer, 
4193, 85, DrawIndexedInstanced, 455
4194, 85, SetGraphicsRootSignature, 
4195, 85, SetPipelineState, 
4196, 85, SetGraphicsRootConstantBufferView, 
4197, 85, SetGraphicsRoot32BitConstants, 
4198, 85, SetGraphicsRoot32BitConstants, 
4199, 85, SetGraphicsRootShaderResourceView, 
4200, 85, IASetVertexBuffers, 
4201, 85, IASetPrimitiveTopology, 
4202, 85, IASetIndexBuffer, 
4203, 85, DrawIndexedInstanced, 456
4204, 85, SetGraphicsRootSignature, 
4205, 85, SetPipelineState, 
4206, 85, SetGraphicsRootConstantBufferView, 
4207, 85, SetGraphicsRoot32BitConstants, 
4208, 85, SetGraphicsRoot32BitConstants, 
4209, 85, SetGraphicsRootShaderResourceView, 
4210, 85, IASetVertexBuffers, 
4211, 85, IASetPrimitiveTopology, 
4212, 85, IASetIndexBuffer, 
4213, 85, DrawIndexedInstanced, 457
4214, 85, SetGraphicsRootSignature, 
4215, 85, SetPipelineState, 
4216, 85, SetGraphicsRootConstantBufferView, 
4217, 85, SetGraphicsRoot32BitConstants, 
4218, 85, SetGraphicsRoot32BitConstants, 
4219, 85, SetGraphicsRootShaderResourceView, 
4220, 85, IASetVertexBuffers, 
4221, 85, IASetPrimitiveTopology, 
4222, 85, IASetIndexBuffer, 
4223, 85, DrawIndexedInstanced, 458
4224, 85, SetGraphicsRootSignature, 
4225, 85, SetPipelineState, 
4226, 85, SetGraphicsRootConstantBufferView, 
4227, 85, SetGraphicsRoot32BitConstants, 
4228, 85, SetGraphicsRoot32BitConstants, 
4229, 85, SetGraphicsRootShaderResourceView, 
4230, 85, IASetVertexBuffers, 
4231, 85, IASetPrimitiveTopology, 
4232, 85, IASetIndexBuffer, 
4233, 85, DrawIndexedInstanced, 459
4234, 85, SetGraphicsRootSignature, 
4235, 85, SetPipelineState, 
4236, 85, SetGraphicsRootConstantBufferView, 
4237, 85, SetGraphicsRoot32BitConstants, 
4238, 85, SetGraphicsRoot32BitConstants, 
4239, 85, SetGraphicsRootShaderResourceView, 
4240, 85, IASetVertexBuffers, 
4241, 85, IASetPrimitiveTopology, 
4242, 85, IASetIndexBuffer, 
4243, 85, DrawIndexedInstanced, 460
4244, 85, SetGraphicsRootSignature, 
4245, 85, SetPipelineState, 
4246, 85, SetDescriptorHeaps, 
4247, 85, SetGraphicsRootDescriptorTable, 
4248, 85, SetGraphicsRootConstantBufferView, 
4249, 85, SetGraphicsRoot32BitConstants, 
4250, 85, SetGraphicsRoot32BitConstants, 
4251, 85, SetGraphicsRootShaderResourceView, 
4252, 85, IASetVertexBuffers, 
4253, 85, IASetPrimitiveTopology, 
4254, 85, IASetIndexBuffer, 
4255, 85, DrawIndexedInstanced, 461
4256, 85, SetGraphicsRootSignature, 
4257, 85, SetPipelineState, 
4258, 85, SetGraphicsRootConstantBufferView, 
4259, 85, SetGraphicsRoot32BitConstants, 
4260, 85, SetGraphicsRoot32BitConstants, 
4261, 85, SetGraphicsRootShaderResourceView, 
4262, 85, SetGraphicsRoot32BitConstants, 
4263, 85, SetGraphicsRootShaderResourceView, 
4264, 85, IASetVertexBuffers, 
4265, 85, IASetPrimitiveTopology, 
4266, 85, IASetIndexBuffer, 
4267, 85, DrawIndexedInstanced, 462
4268, 85, SetGraphicsRootConstantBufferView, 
4269, 85, SetGraphicsRoot32BitConstants, 
4270, 85, SetGraphicsRoot32BitConstants, 
4271, 85, SetGraphicsRootShaderResourceView, 
4272, 85, SetGraphicsRoot32BitConstants, 
4273, 85, SetGraphicsRoot32BitConstants, 
4274, 85, SetGraphicsRootShaderResourceView, 
4275, 85, SetGraphicsRootShaderResourceView, 
4276, 85, IASetVertexBuffers, 
4277, 85, IASetPrimitiveTopology, 
4278, 85, IASetIndexBuffer, 
4279, 85, DrawIndexedInstanced, 463
4280, 85, SetGraphicsRootConstantBufferView, 
4281, 85, SetGraphicsRoot32BitConstants, 
4282, 85, SetGraphicsRoot32BitConstants, 
4283, 85, SetGraphicsRootShaderResourceView, 
4284, 85, SetGraphicsRoot32BitConstants, 
4285, 85, SetGraphicsRoot32BitConstants, 
4286, 85, SetGraphicsRootShaderResourceView, 
4287, 85, SetGraphicsRootShaderResourceView, 
4288, 85, IASetVertexBuffers, 
4289, 85, IASetPrimitiveTopology, 
4290, 85, IASetIndexBuffer, 
4291, 85, DrawIndexedInstanced, 464
4292, 85, SetGraphicsRootConstantBufferView, 
4293, 85, SetGraphicsRoot32BitConstants, 
4294, 85, SetGraphicsRoot32BitConstants, 
4295, 85, SetGraphicsRootShaderResourceView, 
4296, 85, SetGraphicsRoot32BitConstants, 
4297, 85, SetGraphicsRoot32BitConstants, 
4298, 85, SetGraphicsRootShaderResourceView, 
4299, 85, SetGraphicsRootShaderResourceView, 
4300, 85, IASetVertexBuffers, 
4301, 85, IASetPrimitiveTopology, 
4302, 85, IASetIndexBuffer, 
4303, 85, DrawIndexedInstanced, 465
4304, 85, SetGraphicsRootConstantBufferView, 
4305, 85, SetGraphicsRoot32BitConstants, 
4306, 85, SetGraphicsRoot32BitConstants, 
4307, 85, SetGraphicsRootShaderResourceView, 
4308, 85, SetGraphicsRoot32BitConstants, 
4309, 85, SetGraphicsRoot32BitConstants, 
4310, 85, SetGraphicsRootShaderResourceView, 
4311, 85, SetGraphicsRootShaderResourceView, 
4312, 85, IASetVertexBuffers, 
4313, 85, IASetPrimitiveTopology, 
4314, 85, IASetIndexBuffer, 
4315, 85, DrawIndexedInstanced, 466
4316, 85, SetGraphicsRootConstantBufferView, 
4317, 85, SetGraphicsRoot32BitConstants, 
4318, 85, SetGraphicsRoot32BitConstants, 
4319, 85, SetGraphicsRootShaderResourceView, 
4320, 85, SetGraphicsRoot32BitConstants, 
4321, 85, SetGraphicsRoot32BitConstants, 
4322, 85, SetGraphicsRootShaderResourceView, 
4323, 85, SetGraphicsRootShaderResourceView, 
4324, 85, IASetVertexBuffers, 
4325, 85, IASetPrimitiveTopology, 
4326, 85, IASetIndexBuffer, 
4327, 85, DrawIndexedInstanced, 467
4328, 85, SetGraphicsRootConstantBufferView, 
4329, 85, SetGraphicsRoot32BitConstants, 
4330, 85, SetGraphicsRoot32BitConstants, 
4331, 85, SetGraphicsRootShaderResourceView, 
4332, 85, SetGraphicsRoot32BitConstants, 
4333, 85, SetGraphicsRoot32BitConstants, 
4334, 85, SetGraphicsRootShaderResourceView, 
4335, 85, SetGraphicsRootShaderResourceView, 
4336, 85, IASetVertexBuffers, 
4337, 85, IASetPrimitiveTopology, 
4338, 85, IASetIndexBuffer, 
4339, 85, DrawIndexedInstanced, 468
4340, 85, SetGraphicsRootConstantBufferView, 
4341, 85, SetGraphicsRoot32BitConstants, 
4342, 85, SetGraphicsRoot32BitConstants, 
4343, 85, SetGraphicsRootShaderResourceView, 
4344, 85, SetGraphicsRoot32BitConstants, 
4345, 85, SetGraphicsRoot32BitConstants, 
4346, 85, SetGraphicsRootShaderResourceView, 
4347, 85, SetGraphicsRootShaderResourceView, 
4348, 85, IASetVertexBuffers, 
4349, 85, IASetPrimitiveTopology, 
4350, 85, IASetIndexBuffer, 
4351, 85, DrawIndexedInstanced, 469
4352, 85, SetGraphicsRootConstantBufferView, 
4353, 85, SetGraphicsRoot32BitConstants, 
4354, 85, SetGraphicsRoot32BitConstants, 
4355, 85, SetGraphicsRootShaderResourceView, 
4356, 85, SetGraphicsRoot32BitConstants, 
4357, 85, SetGraphicsRoot32BitConstants, 
4358, 85, SetGraphicsRootShaderResourceView, 
4359, 85, SetGraphicsRootShaderResourceView, 
4360, 85, IASetVertexBuffers, 
4361, 85, IASetPrimitiveTopology, 
4362, 85, IASetIndexBuffer, 
4363, 85, DrawIndexedInstanced, 470
4364, 85, SetGraphicsRootConstantBufferView, 
4365, 85, SetGraphicsRoot32BitConstants, 
4366, 85, SetGraphicsRoot32BitConstants, 
4367, 85, SetGraphicsRootShaderResourceView, 
4368, 85, SetGraphicsRoot32BitConstants, 
4369, 85, SetGraphicsRoot32BitConstants, 
4370, 85, SetGraphicsRootShaderResourceView, 
4371, 85, SetGraphicsRootShaderResourceView, 
4372, 85, IASetVertexBuffers, 
4373, 85, IASetPrimitiveTopology, 
4374, 85, IASetIndexBuffer, 
4375, 85, DrawIndexedInstanced, 471
4376, 85, SetGraphicsRootConstantBufferView, 
4377, 85, SetGraphicsRoot32BitConstants, 
4378, 85, SetGraphicsRoot32BitConstants, 
4379, 85, SetGraphicsRootShaderResourceView, 
4380, 85, SetGraphicsRoot32BitConstants, 
4381, 85, SetGraphicsRoot32BitConstants, 
4382, 85, SetGraphicsRootShaderResourceView, 
4383, 85, SetGraphicsRootShaderResourceView, 
4384, 85, IASetVertexBuffers, 
4385, 85, IASetPrimitiveTopology, 
4386, 85, IASetIndexBuffer, 
4387, 85, DrawIndexedInstanced, 472
4388, 85, SetGraphicsRootConstantBufferView, 
4389, 85, SetGraphicsRoot32BitConstants, 
4390, 85, SetGraphicsRoot32BitConstants, 
4391, 85, SetGraphicsRootShaderResourceView, 
4392, 85, SetGraphicsRoot32BitConstants, 
4393, 85, SetGraphicsRoot32BitConstants, 
4394, 85, SetGraphicsRootShaderResourceView, 
4395, 85, SetGraphicsRootShaderResourceView, 
4396, 85, IASetVertexBuffers, 
4397, 85, IASetPrimitiveTopology, 
4398, 85, IASetIndexBuffer, 
4399, 85, DrawIndexedInstanced, 473
4400, 85, SetGraphicsRootConstantBufferView, 
4401, 85, SetGraphicsRoot32BitConstants, 
4402, 85, SetGraphicsRoot32BitConstants, 
4403, 85, SetGraphicsRootShaderResourceView, 
4404, 85, SetGraphicsRoot32BitConstants, 
4405, 85, SetGraphicsRoot32BitConstants, 
4406, 85, SetGraphicsRootShaderResourceView, 
4407, 85, SetGraphicsRootShaderResourceView, 
4408, 85, IASetVertexBuffers, 
4409, 85, IASetPrimitiveTopology, 
4410, 85, IASetIndexBuffer, 
4411, 85, DrawIndexedInstanced, 474
4412, 85, SetGraphicsRootConstantBufferView, 
4413, 85, SetGraphicsRoot32BitConstants, 
4414, 85, SetGraphicsRoot32BitConstants, 
4415, 85, SetGraphicsRootShaderResourceView, 
4416, 85, SetGraphicsRoot32BitConstants, 
4417, 85, SetGraphicsRoot32BitConstants, 
4418, 85, SetGraphicsRootShaderResourceView, 
4419, 85, SetGraphicsRootShaderResourceView, 
4420, 85, IASetVertexBuffers, 
4421, 85, IASetPrimitiveTopology, 
4422, 85, IASetIndexBuffer, 
4423, 85, DrawIndexedInstanced, 475
4424, 85, SetGraphicsRootConstantBufferView, 
4425, 85, SetGraphicsRoot32BitConstants, 
4426, 85, SetGraphicsRoot32BitConstants, 
4427, 85, SetGraphicsRootShaderResourceView, 
4428, 85, SetGraphicsRoot32BitConstants, 
4429, 85, SetGraphicsRoot32BitConstants, 
4430, 85, SetGraphicsRootShaderResourceView, 
4431, 85, SetGraphicsRootShaderResourceView, 
4432, 85, IASetVertexBuffers, 
4433, 85, IASetPrimitiveTopology, 
4434, 85, IASetIndexBuffer, 
4435, 85, DrawIndexedInstanced, 476
4436, 85, SetGraphicsRootConstantBufferView, 
4437, 85, SetGraphicsRoot32BitConstants, 
4438, 85, SetGraphicsRoot32BitConstants, 
4439, 85, SetGraphicsRootShaderResourceView, 
4440, 85, SetGraphicsRoot32BitConstants, 
4441, 85, SetGraphicsRoot32BitConstants, 
4442, 85, SetGraphicsRootShaderResourceView, 
4443, 85, SetGraphicsRootShaderResourceView, 
4444, 85, IASetVertexBuffers, 
4445, 85, IASetPrimitiveTopology, 
4446, 85, IASetIndexBuffer, 
4447, 85, DrawIndexedInstanced, 477
4448, 85, SetGraphicsRootConstantBufferView, 
4449, 85, SetGraphicsRoot32BitConstants, 
4450, 85, SetGraphicsRoot32BitConstants, 
4451, 85, SetGraphicsRootShaderResourceView, 
4452, 85, SetGraphicsRoot32BitConstants, 
4453, 85, SetGraphicsRoot32BitConstants, 
4454, 85, SetGraphicsRootShaderResourceView, 
4455, 85, SetGraphicsRootShaderResourceView, 
4456, 85, IASetVertexBuffers, 
4457, 85, IASetPrimitiveTopology, 
4458, 85, IASetIndexBuffer, 
4459, 85, DrawIndexedInstanced, 478
4460, 85, SetGraphicsRootConstantBufferView, 
4461, 85, SetGraphicsRoot32BitConstants, 
4462, 85, SetGraphicsRoot32BitConstants, 
4463, 85, SetGraphicsRootShaderResourceView, 
4464, 85, SetGraphicsRoot32BitConstants, 
4465, 85, SetGraphicsRoot32BitConstants, 
4466, 85, SetGraphicsRootShaderResourceView, 
4467, 85, SetGraphicsRootShaderResourceView, 
4468, 85, IASetVertexBuffers, 
4469, 85, IASetPrimitiveTopology, 
4470, 85, IASetIndexBuffer, 
4471, 85, DrawIndexedInstanced, 479
4472, 85, SetGraphicsRootConstantBufferView, 
4473, 85, SetGraphicsRoot32BitConstants, 
4474, 85, SetGraphicsRoot32BitConstants, 
4475, 85, SetGraphicsRootShaderResourceView, 
4476, 85, SetGraphicsRoot32BitConstants, 
4477, 85, SetGraphicsRoot32BitConstants, 
4478, 85, SetGraphicsRootShaderResourceView, 
4479, 85, SetGraphicsRootShaderResourceView, 
4480, 85, IASetVertexBuffers, 
4481, 85, IASetPrimitiveTopology, 
4482, 85, IASetIndexBuffer, 
4483, 85, DrawIndexedInstanced, 480
4484, 85, SetGraphicsRootConstantBufferView, 
4485, 85, SetGraphicsRoot32BitConstants, 
4486, 85, SetGraphicsRoot32BitConstants, 
4487, 85, SetGraphicsRootShaderResourceView, 
4488, 85, IASetVertexBuffers, 
4489, 85, IASetPrimitiveTopology, 
4490, 85, DrawInstanced, 481
4491, 85, ClearDepthStencilView, 482
4492, 85, OMSetRenderTargets, 
4493, 85, SetGraphicsRootSignature, 
4494, 85, SetPipelineState, 
4495, 85, SetGraphicsRootConstantBufferView, 
4496, 85, SetGraphicsRoot32BitConstants, 
4497, 85, SetGraphicsRoot32BitConstants, 
4498, 85, SetGraphicsRootShaderResourceView, 
4499, 85, SetGraphicsRoot32BitConstants, 
4500, 85, SetGraphicsRoot32BitConstants, 
4501, 85, IASetVertexBuffers, 
4502, 85, IASetPrimitiveTopology, 
4503, 85, IASetIndexBuffer, 
4504, 85, DrawIndexedInstanced, 483
4505, 85, SetGraphicsRootConstantBufferView, 
4506, 85, SetGraphicsRoot32BitConstants, 
4507, 85, SetGraphicsRoot32BitConstants, 
4508, 85, SetGraphicsRootShaderResourceView, 
4509, 85, SetGraphicsRoot32BitConstants, 
4510, 85, SetGraphicsRoot32BitConstants, 
4511, 85, IASetVertexBuffers, 
4512, 85, IASetPrimitiveTopology, 
4513, 85, IASetIndexBuffer, 
4514, 85, DrawIndexedInstanced, 484
4515, 85, SetGraphicsRootConstantBufferView, 
4516, 85, SetGraphicsRoot32BitConstants, 
4517, 85, SetGraphicsRoot32BitConstants, 
4518, 85, SetGraphicsRootShaderResourceView, 
4519, 85, SetGraphicsRoot32BitConstants, 
4520, 85, SetGraphicsRoot32BitConstants, 
4521, 85, IASetVertexBuffers, 
4522, 85, IASetPrimitiveTopology, 
4523, 85, IASetIndexBuffer, 
4524, 85, DrawIndexedInstanced, 485
4525, 85, SetGraphicsRootConstantBufferView, 
4526, 85, SetGraphicsRoot32BitConstants, 
4527, 85, SetGraphicsRoot32BitConstants, 
4528, 85, SetGraphicsRootShaderResourceView, 
4529, 85, SetGraphicsRoot32BitConstants, 
4530, 85, SetGraphicsRoot32BitConstants, 
4531, 85, IASetVertexBuffers, 
4532, 85, IASetPrimitiveTopology, 
4533, 85, IASetIndexBuffer, 
4534, 85, DrawIndexedInstanced, 486
4535, 85, SetGraphicsRootConstantBufferView, 
4536, 85, SetGraphicsRoot32BitConstants, 
4537, 85, SetGraphicsRoot32BitConstants, 
4538, 85, SetGraphicsRootShaderResourceView, 
4539, 85, SetGraphicsRoot32BitConstants, 
4540, 85, SetGraphicsRoot32BitConstants, 
4541, 85, IASetVertexBuffers, 
4542, 85, IASetPrimitiveTopology, 
4543, 85, IASetIndexBuffer, 
4544, 85, DrawIndexedInstanced, 487
4545, 85, SetGraphicsRootConstantBufferView, 
4546, 85, SetGraphicsRoot32BitConstants, 
4547, 85, SetGraphicsRoot32BitConstants, 
4548, 85, SetGraphicsRootShaderResourceView, 
4549, 85, SetGraphicsRoot32BitConstants, 
4550, 85, SetGraphicsRoot32BitConstants, 
4551, 85, IASetVertexBuffers, 
4552, 85, IASetPrimitiveTopology, 
4553, 85, IASetIndexBuffer, 
4554, 85, DrawIndexedInstanced, 488
4555, 85, SetGraphicsRootConstantBufferView, 
4556, 85, SetGraphicsRoot32BitConstants, 
4557, 85, SetGraphicsRoot32BitConstants, 
4558, 85, SetGraphicsRootShaderResourceView, 
4559, 85, SetGraphicsRoot32BitConstants, 
4560, 85, SetGraphicsRoot32BitConstants, 
4561, 85, IASetVertexBuffers, 
4562, 85, IASetPrimitiveTopology, 
4563, 85, IASetIndexBuffer, 
4564, 85, DrawIndexedInstanced, 489
4565, 85, SetGraphicsRootConstantBufferView, 
4566, 85, SetGraphicsRoot32BitConstants, 
4567, 85, SetGraphicsRoot32BitConstants, 
4568, 85, SetGraphicsRootShaderResourceView, 
4569, 85, SetGraphicsRoot32BitConstants, 
4570, 85, SetGraphicsRoot32BitConstants, 
4571, 85, IASetVertexBuffers, 
4572, 85, IASetPrimitiveTopology, 
4573, 85, IASetIndexBuffer, 
4574, 85, DrawIndexedInstanced, 490
4575, 85, SetGraphicsRootConstantBufferView, 
4576, 85, SetGraphicsRoot32BitConstants, 
4577, 85, SetGraphicsRoot32BitConstants, 
4578, 85, SetGraphicsRootShaderResourceView, 
4579, 85, SetGraphicsRoot32BitConstants, 
4580, 85, SetGraphicsRoot32BitConstants, 
4581, 85, IASetVertexBuffers, 
4582, 85, IASetPrimitiveTopology, 
4583, 85, IASetIndexBuffer, 
4584, 85, DrawIndexedInstanced, 491
4585, 85, SetGraphicsRootConstantBufferView, 
4586, 85, SetGraphicsRoot32BitConstants, 
4587, 85, SetGraphicsRoot32BitConstants, 
4588, 85, SetGraphicsRootShaderResourceView, 
4589, 85, SetGraphicsRoot32BitConstants, 
4590, 85, SetGraphicsRoot32BitConstants, 
4591, 85, IASetVertexBuffers, 
4592, 85, IASetPrimitiveTopology, 
4593, 85, IASetIndexBuffer, 
4594, 85, DrawIndexedInstanced, 492
4595, 85, SetGraphicsRootConstantBufferView, 
4596, 85, SetGraphicsRoot32BitConstants, 
4597, 85, SetGraphicsRoot32BitConstants, 
4598, 85, SetGraphicsRootShaderResourceView, 
4599, 85, SetGraphicsRoot32BitConstants, 
4600, 85, SetGraphicsRoot32BitConstants, 
4601, 85, IASetVertexBuffers, 
4602, 85, IASetPrimitiveTopology, 
4603, 85, IASetIndexBuffer, 
4604, 85, DrawIndexedInstanced, 493
4605, 85, SetGraphicsRootConstantBufferView, 
4606, 85, SetGraphicsRoot32BitConstants, 
4607, 85, SetGraphicsRoot32BitConstants, 
4608, 85, SetGraphicsRootShaderResourceView, 
4609, 85, SetGraphicsRoot32BitConstants, 
4610, 85, SetGraphicsRoot32BitConstants, 
4611, 85, IASetVertexBuffers, 
4612, 85, IASetPrimitiveTopology, 
4613, 85, IASetIndexBuffer, 
4614, 85, DrawIndexedInstanced, 494
4615, 85, SetGraphicsRootConstantBufferView, 
4616, 85, SetGraphicsRoot32BitConstants, 
4617, 85, SetGraphicsRoot32BitConstants, 
4618, 85, SetGraphicsRootShaderResourceView, 
4619, 85, SetGraphicsRoot32BitConstants, 
4620, 85, SetGraphicsRoot32BitConstants, 
4621, 85, IASetVertexBuffers, 
4622, 85, IASetPrimitiveTopology, 
4623, 85, IASetIndexBuffer, 
4624, 85, DrawIndexedInstanced, 495
4625, 85, SetGraphicsRootConstantBufferView, 
4626, 85, SetGraphicsRoot32BitConstants, 
4627, 85, SetGraphicsRoot32BitConstants, 
4628, 85, SetGraphicsRootShaderResourceView, 
4629, 85, SetGraphicsRoot32BitConstants, 
4630, 85, SetGraphicsRoot32BitConstants, 
4631, 85, IASetVertexBuffers, 
4632, 85, IASetPrimitiveTopology, 
4633, 85, IASetIndexBuffer, 
4634, 85, DrawIndexedInstanced, 496
4635, 85, SetGraphicsRootConstantBufferView, 
4636, 85, SetGraphicsRoot32BitConstants, 
4637, 85, SetGraphicsRoot32BitConstants, 
4638, 85, SetGraphicsRootShaderResourceView, 
4639, 85, SetGraphicsRoot32BitConstants, 
4640, 85, SetGraphicsRoot32BitConstants, 
4641, 85, IASetVertexBuffers, 
4642, 85, IASetPrimitiveTopology, 
4643, 85, IASetIndexBuffer, 
4644, 85, DrawIndexedInstanced, 497
4645, 85, SetGraphicsRootConstantBufferView, 
4646, 85, SetGraphicsRoot32BitConstants, 
4647, 85, SetGraphicsRoot32BitConstants, 
4648, 85, SetGraphicsRootShaderResourceView, 
4649, 85, SetGraphicsRoot32BitConstants, 
4650, 85, SetGraphicsRoot32BitConstants, 
4651, 85, IASetVertexBuffers, 
4652, 85, IASetPrimitiveTopology, 
4653, 85, IASetIndexBuffer, 
4654, 85, DrawIndexedInstanced, 498
4655, 85, SetGraphicsRootConstantBufferView, 
4656, 85, SetGraphicsRoot32BitConstants, 
4657, 85, SetGraphicsRoot32BitConstants, 
4658, 85, SetGraphicsRootShaderResourceView, 
4659, 85, SetGraphicsRoot32BitConstants, 
4660, 85, SetGraphicsRoot32BitConstants, 
4661, 85, IASetVertexBuffers, 
4662, 85, IASetPrimitiveTopology, 
4663, 85, IASetIndexBuffer, 
4664, 85, DrawIndexedInstanced, 499
4665, 85, SetGraphicsRootConstantBufferView, 
4666, 85, SetGraphicsRoot32BitConstants, 
4667, 85, SetGraphicsRoot32BitConstants, 
4668, 85, SetGraphicsRootShaderResourceView, 
4669, 85, SetGraphicsRoot32BitConstants, 
4670, 85, SetGraphicsRoot32BitConstants, 
4671, 85, IASetVertexBuffers, 
4672, 85, IASetPrimitiveTopology, 
4673, 85, IASetIndexBuffer, 
4674, 85, DrawIndexedInstanced, 500
4675, 85, SetGraphicsRootConstantBufferView, 
4676, 85, SetGraphicsRoot32BitConstants, 
4677, 85, SetGraphicsRoot32BitConstants, 
4678, 85, SetGraphicsRootShaderResourceView, 
4679, 85, SetGraphicsRoot32BitConstants, 
4680, 85, SetGraphicsRoot32BitConstants, 
4681, 85, IASetVertexBuffers, 
4682, 85, IASetPrimitiveTopology, 
4683, 85, IASetIndexBuffer, 
4684, 85, DrawIndexedInstanced, 501
4685, 85, SetGraphicsRootConstantBufferView, 
4686, 85, SetGraphicsRoot32BitConstants, 
4687, 85, SetGraphicsRoot32BitConstants, 
4688, 85, SetGraphicsRootShaderResourceView, 
4689, 85, SetGraphicsRoot32BitConstants, 
4690, 85, SetGraphicsRoot32BitConstants, 
4691, 85, IASetVertexBuffers, 
4692, 85, IASetPrimitiveTopology, 
4693, 85, IASetIndexBuffer, 
4694, 85, DrawIndexedInstanced, 502
4695, 85, SetGraphicsRootConstantBufferView, 
4696, 85, SetGraphicsRoot32BitConstants, 
4697, 85, SetGraphicsRoot32BitConstants, 
4698, 85, SetGraphicsRootShaderResourceView, 
4699, 85, SetGraphicsRoot32BitConstants, 
4700, 85, SetGraphicsRoot32BitConstants, 
4701, 85, IASetVertexBuffers, 
4702, 85, IASetPrimitiveTopology, 
4703, 85, IASetIndexBuffer, 
4704, 85, DrawIndexedInstanced, 503
4705, 85, SetGraphicsRootConstantBufferView, 
4706, 85, SetGraphicsRoot32BitConstants, 
4707, 85, SetGraphicsRoot32BitConstants, 
4708, 85, SetGraphicsRootShaderResourceView, 
4709, 85, SetGraphicsRoot32BitConstants, 
4710, 85, SetGraphicsRoot32BitConstants, 
4711, 85, IASetVertexBuffers, 
4712, 85, IASetPrimitiveTopology, 
4713, 85, IASetIndexBuffer, 
4714, 85, DrawIndexedInstanced, 504
4715, 85, SetGraphicsRootConstantBufferView, 
4716, 85, SetGraphicsRoot32BitConstants, 
4717, 85, SetGraphicsRoot32BitConstants, 
4718, 85, SetGraphicsRootShaderResourceView, 
4719, 85, SetGraphicsRoot32BitConstants, 
4720, 85, SetGraphicsRoot32BitConstants, 
4721, 85, IASetVertexBuffers, 
4722, 85, IASetPrimitiveTopology, 
4723, 85, IASetIndexBuffer, 
4724, 85, DrawIndexedInstanced, 505
4725, 85, SetGraphicsRootConstantBufferView, 
4726, 85, SetGraphicsRoot32BitConstants, 
4727, 85, SetGraphicsRoot32BitConstants, 
4728, 85, SetGraphicsRootShaderResourceView, 
4729, 85, SetGraphicsRoot32BitConstants, 
4730, 85, SetGraphicsRoot32BitConstants, 
4731, 85, IASetVertexBuffers, 
4732, 85, IASetPrimitiveTopology, 
4733, 85, IASetIndexBuffer, 
4734, 85, DrawIndexedInstanced, 506
4735, 85, SetGraphicsRootConstantBufferView, 
4736, 85, SetGraphicsRoot32BitConstants, 
4737, 85, SetGraphicsRoot32BitConstants, 
4738, 85, SetGraphicsRootShaderResourceView, 
4739, 85, SetGraphicsRoot32BitConstants, 
4740, 85, SetGraphicsRoot32BitConstants, 
4741, 85, IASetVertexBuffers, 
4742, 85, IASetPrimitiveTopology, 
4743, 85, IASetIndexBuffer, 
4744, 85, DrawIndexedInstanced, 507
4745, 85, SetGraphicsRootConstantBufferView, 
4746, 85, SetGraphicsRoot32BitConstants, 
4747, 85, SetGraphicsRoot32BitConstants, 
4748, 85, SetGraphicsRootShaderResourceView, 
4749, 85, SetGraphicsRoot32BitConstants, 
4750, 85, SetGraphicsRoot32BitConstants, 
4751, 85, IASetVertexBuffers, 
4752, 85, IASetPrimitiveTopology, 
4753, 85, IASetIndexBuffer, 
4754, 85, DrawIndexedInstanced, 508
4755, 85, SetGraphicsRootConstantBufferView, 
4756, 85, SetGraphicsRoot32BitConstants, 
4757, 85, SetGraphicsRoot32BitConstants, 
4758, 85, SetGraphicsRootShaderResourceView, 
4759, 85, SetGraphicsRoot32BitConstants, 
4760, 85, SetGraphicsRoot32BitConstants, 
4761, 85, IASetVertexBuffers, 
4762, 85, IASetPrimitiveTopology, 
4763, 85, IASetIndexBuffer, 
4764, 85, DrawIndexedInstanced, 509
4765, 85, SetGraphicsRootConstantBufferView, 
4766, 85, SetGraphicsRoot32BitConstants, 
4767, 85, SetGraphicsRoot32BitConstants, 
4768, 85, SetGraphicsRootShaderResourceView, 
4769, 85, SetGraphicsRoot32BitConstants, 
4770, 85, SetGraphicsRoot32BitConstants, 
4771, 85, IASetVertexBuffers, 
4772, 85, IASetPrimitiveTopology, 
4773, 85, IASetIndexBuffer, 
4774, 85, DrawIndexedInstanced, 510
4775, 85, SetGraphicsRootConstantBufferView, 
4776, 85, SetGraphicsRoot32BitConstants, 
4777, 85, SetGraphicsRoot32BitConstants, 
4778, 85, SetGraphicsRootShaderResourceView, 
4779, 85, SetGraphicsRoot32BitConstants, 
4780, 85, SetGraphicsRoot32BitConstants, 
4781, 85, IASetVertexBuffers, 
4782, 85, IASetPrimitiveTopology, 
4783, 85, IASetIndexBuffer, 
4784, 85, DrawIndexedInstanced, 511
4785, 85, SetGraphicsRootConstantBufferView, 
4786, 85, SetGraphicsRoot32BitConstants, 
4787, 85, SetGraphicsRoot32BitConstants, 
4788, 85, SetGraphicsRootShaderResourceView, 
4789, 85, SetGraphicsRoot32BitConstants, 
4790, 85, SetGraphicsRoot32BitConstants, 
4791, 85, IASetVertexBuffers, 
4792, 85, IASetPrimitiveTopology, 
4793, 85, IASetIndexBuffer, 
4794, 85, DrawIndexedInstanced, 512
4795, 85, SetGraphicsRootConstantBufferView, 
4796, 85, SetGraphicsRoot32BitConstants, 
4797, 85, SetGraphicsRoot32BitConstants, 
4798, 85, SetGraphicsRootShaderResourceView, 
4799, 85, SetGraphicsRoot32BitConstants, 
4800, 85, SetGraphicsRoot32BitConstants, 
4801, 85, IASetVertexBuffers, 
4802, 85, IASetPrimitiveTopology, 
4803, 85, IASetIndexBuffer, 
4804, 85, DrawIndexedInstanced, 513
4805, 85, SetGraphicsRootConstantBufferView, 
4806, 85, SetGraphicsRoot32BitConstants, 
4807, 85, SetGraphicsRoot32BitConstants, 
4808, 85, SetGraphicsRootShaderResourceView, 
4809, 85, SetGraphicsRoot32BitConstants, 
4810, 85, SetGraphicsRoot32BitConstants, 
4811, 85, IASetVertexBuffers, 
4812, 85, IASetPrimitiveTopology, 
4813, 85, IASetIndexBuffer, 
4814, 85, DrawIndexedInstanced, 514
4815, 85, SetGraphicsRootConstantBufferView, 
4816, 85, SetGraphicsRoot32BitConstants, 
4817, 85, SetGraphicsRoot32BitConstants, 
4818, 85, SetGraphicsRootShaderResourceView, 
4819, 85, SetGraphicsRoot32BitConstants, 
4820, 85, SetGraphicsRoot32BitConstants, 
4821, 85, IASetVertexBuffers, 
4822, 85, IASetPrimitiveTopology, 
4823, 85, IASetIndexBuffer, 
4824, 85, DrawIndexedInstanced, 515
4825, 85, SetGraphicsRootConstantBufferView, 
4826, 85, SetGraphicsRoot32BitConstants, 
4827, 85, SetGraphicsRoot32BitConstants, 
4828, 85, SetGraphicsRootShaderResourceView, 
4829, 85, SetGraphicsRoot32BitConstants, 
4830, 85, SetGraphicsRoot32BitConstants, 
4831, 85, IASetVertexBuffers, 
4832, 85, IASetPrimitiveTopology, 
4833, 85, IASetIndexBuffer, 
4834, 85, DrawIndexedInstanced, 516
4835, 85, SetGraphicsRootConstantBufferView, 
4836, 85, SetGraphicsRoot32BitConstants, 
4837, 85, SetGraphicsRoot32BitConstants, 
4838, 85, SetGraphicsRootShaderResourceView, 
4839, 85, SetGraphicsRoot32BitConstants, 
4840, 85, SetGraphicsRoot32BitConstants, 
4841, 85, IASetVertexBuffers, 
4842, 85, IASetPrimitiveTopology, 
4843, 85, IASetIndexBuffer, 
4844, 85, DrawIndexedInstanced, 517
4845, 85, SetGraphicsRootConstantBufferView, 
4846, 85, SetGraphicsRoot32BitConstants, 
4847, 85, SetGraphicsRoot32BitConstants, 
4848, 85, SetGraphicsRootShaderResourceView, 
4849, 85, SetGraphicsRoot32BitConstants, 
4850, 85, SetGraphicsRoot32BitConstants, 
4851, 85, IASetVertexBuffers, 
4852, 85, IASetPrimitiveTopology, 
4853, 85, IASetIndexBuffer, 
4854, 85, DrawIndexedInstanced, 518
4855, 85, SetGraphicsRootConstantBufferView, 
4856, 85, SetGraphicsRoot32BitConstants, 
4857, 85, SetGraphicsRoot32BitConstants, 
4858, 85, SetGraphicsRootShaderResourceView, 
4859, 85, SetGraphicsRoot32BitConstants, 
4860, 85, SetGraphicsRoot32BitConstants, 
4861, 85, IASetVertexBuffers, 
4862, 85, IASetPrimitiveTopology, 
4863, 85, IASetIndexBuffer, 
4864, 85, DrawIndexedInstanced, 519
4865, 85, SetGraphicsRootConstantBufferView, 
4866, 85, SetGraphicsRoot32BitConstants, 
4867, 85, SetGraphicsRoot32BitConstants, 
4868, 85, SetGraphicsRootShaderResourceView, 
4869, 85, SetGraphicsRoot32BitConstants, 
4870, 85, SetGraphicsRoot32BitConstants, 
4871, 85, IASetVertexBuffers, 
4872, 85, IASetPrimitiveTopology, 
4873, 85, IASetIndexBuffer, 
4874, 85, DrawIndexedInstanced, 520
4875, 85, SetGraphicsRootConstantBufferView, 
4876, 85, SetGraphicsRoot32BitConstants, 
4877, 85, SetGraphicsRoot32BitConstants, 
4878, 85, SetGraphicsRootShaderResourceView, 
4879, 85, SetGraphicsRoot32BitConstants, 
4880, 85, SetGraphicsRoot32BitConstants, 
4881, 85, IASetVertexBuffers, 
4882, 85, IASetPrimitiveTopology, 
4883, 85, IASetIndexBuffer, 
4884, 85, DrawIndexedInstanced, 521
4885, 85, SetGraphicsRootConstantBufferView, 
4886, 85, SetGraphicsRoot32BitConstants, 
4887, 85, SetGraphicsRoot32BitConstants, 
4888, 85, SetGraphicsRootShaderResourceView, 
4889, 85, SetGraphicsRoot32BitConstants, 
4890, 85, SetGraphicsRoot32BitConstants, 
4891, 85, IASetVertexBuffers, 
4892, 85, IASetPrimitiveTopology, 
4893, 85, IASetIndexBuffer, 
4894, 85, DrawIndexedInstanced, 522
4895, 85, SetGraphicsRootConstantBufferView, 
4896, 85, SetGraphicsRoot32BitConstants, 
4897, 85, SetGraphicsRoot32BitConstants, 
4898, 85, SetGraphicsRootShaderResourceView, 
4899, 85, SetGraphicsRoot32BitConstants, 
4900, 85, SetGraphicsRoot32BitConstants, 
4901, 85, IASetVertexBuffers, 
4902, 85, IASetPrimitiveTopology, 
4903, 85, IASetIndexBuffer, 
4904, 85, DrawIndexedInstanced, 523
4905, 85, SetGraphicsRootConstantBufferView, 
4906, 85, SetGraphicsRoot32BitConstants, 
4907, 85, SetGraphicsRoot32BitConstants, 
4908, 85, SetGraphicsRootShaderResourceView, 
4909, 85, SetGraphicsRoot32BitConstants, 
4910, 85, SetGraphicsRoot32BitConstants, 
4911, 85, IASetVertexBuffers, 
4912, 85, IASetPrimitiveTopology, 
4913, 85, IASetIndexBuffer, 
4914, 85, DrawIndexedInstanced, 524
4915, 85, SetGraphicsRootConstantBufferView, 
4916, 85, SetGraphicsRoot32BitConstants, 
4917, 85, SetGraphicsRoot32BitConstants, 
4918, 85, SetGraphicsRootShaderResourceView, 
4919, 85, SetGraphicsRoot32BitConstants, 
4920, 85, SetGraphicsRoot32BitConstants, 
4921, 85, IASetVertexBuffers, 
4922, 85, IASetPrimitiveTopology, 
4923, 85, IASetIndexBuffer, 
4924, 85, DrawIndexedInstanced, 525
4925, 85, SetGraphicsRootConstantBufferView, 
4926, 85, SetGraphicsRoot32BitConstants, 
4927, 85, SetGraphicsRoot32BitConstants, 
4928, 85, SetGraphicsRootShaderResourceView, 
4929, 85, SetGraphicsRoot32BitConstants, 
4930, 85, SetGraphicsRoot32BitConstants, 
4931, 85, IASetVertexBuffers, 
4932, 85, IASetPrimitiveTopology, 
4933, 85, IASetIndexBuffer, 
4934, 85, DrawIndexedInstanced, 526
4935, 85, SetGraphicsRootConstantBufferView, 
4936, 85, SetGraphicsRoot32BitConstants, 
4937, 85, SetGraphicsRoot32BitConstants, 
4938, 85, SetGraphicsRootShaderResourceView, 
4939, 85, SetGraphicsRoot32BitConstants, 
4940, 85, SetGraphicsRoot32BitConstants, 
4941, 85, IASetVertexBuffers, 
4942, 85, IASetPrimitiveTopology, 
4943, 85, IASetIndexBuffer, 
4944, 85, DrawIndexedInstanced, 527
4945, 85, SetGraphicsRootConstantBufferView, 
4946, 85, SetGraphicsRoot32BitConstants, 
4947, 85, SetGraphicsRoot32BitConstants, 
4948, 85, SetGraphicsRootShaderResourceView, 
4949, 85, SetGraphicsRoot32BitConstants, 
4950, 85, SetGraphicsRoot32BitConstants, 
4951, 85, IASetVertexBuffers, 
4952, 85, IASetPrimitiveTopology, 
4953, 85, IASetIndexBuffer, 
4954, 85, DrawIndexedInstanced, 528
4955, 85, SetGraphicsRootConstantBufferView, 
4956, 85, SetGraphicsRoot32BitConstants, 
4957, 85, SetGraphicsRoot32BitConstants, 
4958, 85, SetGraphicsRootShaderResourceView, 
4959, 85, SetGraphicsRoot32BitConstants, 
4960, 85, SetGraphicsRoot32BitConstants, 
4961, 85, IASetVertexBuffers, 
4962, 85, IASetPrimitiveTopology, 
4963, 85, IASetIndexBuffer, 
4964, 85, DrawIndexedInstanced, 529
4965, 85, SetGraphicsRootConstantBufferView, 
4966, 85, SetGraphicsRoot32BitConstants, 
4967, 85, SetGraphicsRoot32BitConstants, 
4968, 85, SetGraphicsRootShaderResourceView, 
4969, 85, SetGraphicsRoot32BitConstants, 
4970, 85, SetGraphicsRoot32BitConstants, 
4971, 85, IASetVertexBuffers, 
4972, 85, IASetPrimitiveTopology, 
4973, 85, IASetIndexBuffer, 
4974, 85, DrawIndexedInstanced, 530
4975, 85, SetGraphicsRootConstantBufferView, 
4976, 85, SetGraphicsRoot32BitConstants, 
4977, 85, SetGraphicsRoot32BitConstants, 
4978, 85, SetGraphicsRootShaderResourceView, 
4979, 85, SetGraphicsRoot32BitConstants, 
4980, 85, SetGraphicsRoot32BitConstants, 
4981, 85, IASetVertexBuffers, 
4982, 85, IASetPrimitiveTopology, 
4983, 85, IASetIndexBuffer, 
4984, 85, DrawIndexedInstanced, 531
4985, 85, SetGraphicsRootConstantBufferView, 
4986, 85, SetGraphicsRoot32BitConstants, 
4987, 85, SetGraphicsRoot32BitConstants, 
4988, 85, SetGraphicsRootShaderResourceView, 
4989, 85, SetGraphicsRoot32BitConstants, 
4990, 85, SetGraphicsRoot32BitConstants, 
4991, 85, IASetVertexBuffers, 
4992, 85, IASetPrimitiveTopology, 
4993, 85, IASetIndexBuffer, 
4994, 85, DrawIndexedInstanced, 532
4995, 85, SetGraphicsRootConstantBufferView, 
4996, 85, SetGraphicsRoot32BitConstants, 
4997, 85, SetGraphicsRoot32BitConstants, 
4998, 85, SetGraphicsRootShaderResourceView, 
4999, 85, SetGraphicsRoot32BitConstants, 
5000, 85, SetGraphicsRoot32BitConstants, 
5001, 85, IASetVertexBuffers, 
5002, 85, IASetPrimitiveTopology, 
5003, 85, IASetIndexBuffer, 
5004, 85, DrawIndexedInstanced, 533
5005, 85, SetGraphicsRootConstantBufferView, 
5006, 85, SetGraphicsRoot32BitConstants, 
5007, 85, SetGraphicsRoot32BitConstants, 
5008, 85, SetGraphicsRootShaderResourceView, 
5009, 85, SetGraphicsRoot32BitConstants, 
5010, 85, SetGraphicsRoot32BitConstants, 
5011, 85, IASetVertexBuffers, 
5012, 85, IASetPrimitiveTopology, 
5013, 85, IASetIndexBuffer, 
5014, 85, DrawIndexedInstanced, 534
5015, 85, SetGraphicsRootConstantBufferView, 
5016, 85, SetGraphicsRoot32BitConstants, 
5017, 85, SetGraphicsRoot32BitConstants, 
5018, 85, SetGraphicsRootShaderResourceView, 
5019, 85, SetGraphicsRoot32BitConstants, 
5020, 85, SetGraphicsRoot32BitConstants, 
5021, 85, IASetVertexBuffers, 
5022, 85, IASetPrimitiveTopology, 
5023, 85, IASetIndexBuffer, 
5024, 85, DrawIndexedInstanced, 535
5025, 85, SetGraphicsRootConstantBufferView, 
5026, 85, SetGraphicsRoot32BitConstants, 
5027, 85, SetGraphicsRoot32BitConstants, 
5028, 85, SetGraphicsRootShaderResourceView, 
5029, 85, SetGraphicsRoot32BitConstants, 
5030, 85, SetGraphicsRoot32BitConstants, 
5031, 85, IASetVertexBuffers, 
5032, 85, IASetPrimitiveTopology, 
5033, 85, IASetIndexBuffer, 
5034, 85, DrawIndexedInstanced, 536
5035, 85, SetGraphicsRootConstantBufferView, 
5036, 85, SetGraphicsRoot32BitConstants, 
5037, 85, SetGraphicsRoot32BitConstants, 
5038, 85, SetGraphicsRootShaderResourceView, 
5039, 85, SetGraphicsRoot32BitConstants, 
5040, 85, SetGraphicsRoot32BitConstants, 
5041, 85, IASetVertexBuffers, 
5042, 85, IASetPrimitiveTopology, 
5043, 85, IASetIndexBuffer, 
5044, 85, DrawIndexedInstanced, 537
5045, 85, SetGraphicsRootConstantBufferView, 
5046, 85, SetGraphicsRoot32BitConstants, 
5047, 85, SetGraphicsRoot32BitConstants, 
5048, 85, SetGraphicsRootShaderResourceView, 
5049, 85, SetGraphicsRoot32BitConstants, 
5050, 85, SetGraphicsRoot32BitConstants, 
5051, 85, IASetVertexBuffers, 
5052, 85, IASetPrimitiveTopology, 
5053, 85, IASetIndexBuffer, 
5054, 85, DrawIndexedInstanced, 538
5055, 85, SetGraphicsRootConstantBufferView, 
5056, 85, SetGraphicsRoot32BitConstants, 
5057, 85, SetGraphicsRoot32BitConstants, 
5058, 85, SetGraphicsRootShaderResourceView, 
5059, 85, SetGraphicsRoot32BitConstants, 
5060, 85, SetGraphicsRoot32BitConstants, 
5061, 85, IASetVertexBuffers, 
5062, 85, IASetPrimitiveTopology, 
5063, 85, IASetIndexBuffer, 
5064, 85, DrawIndexedInstanced, 539
5065, 85, SetGraphicsRootConstantBufferView, 
5066, 85, SetGraphicsRoot32BitConstants, 
5067, 85, SetGraphicsRoot32BitConstants, 
5068, 85, SetGraphicsRootShaderResourceView, 
5069, 85, SetGraphicsRoot32BitConstants, 
5070, 85, SetGraphicsRoot32BitConstants, 
5071, 85, IASetVertexBuffers, 
5072, 85, IASetPrimitiveTopology, 
5073, 85, IASetIndexBuffer, 
5074, 85, DrawIndexedInstanced, 540
5075, 85, SetGraphicsRootConstantBufferView, 
5076, 85, SetGraphicsRoot32BitConstants, 
5077, 85, SetGraphicsRoot32BitConstants, 
5078, 85, SetGraphicsRootShaderResourceView, 
5079, 85, SetGraphicsRoot32BitConstants, 
5080, 85, SetGraphicsRoot32BitConstants, 
5081, 85, IASetVertexBuffers, 
5082, 85, IASetPrimitiveTopology, 
5083, 85, IASetIndexBuffer, 
5084, 85, DrawIndexedInstanced, 541
5085, 85, SetGraphicsRootConstantBufferView, 
5086, 85, SetGraphicsRoot32BitConstants, 
5087, 85, SetGraphicsRoot32BitConstants, 
5088, 85, SetGraphicsRootShaderResourceView, 
5089, 85, SetGraphicsRoot32BitConstants, 
5090, 85, SetGraphicsRoot32BitConstants, 
5091, 85, IASetVertexBuffers, 
5092, 85, IASetPrimitiveTopology, 
5093, 85, IASetIndexBuffer, 
5094, 85, DrawIndexedInstanced, 542
5095, 85, SetGraphicsRootConstantBufferView, 
5096, 85, SetGraphicsRoot32BitConstants, 
5097, 85, SetGraphicsRoot32BitConstants, 
5098, 85, SetGraphicsRootShaderResourceView, 
5099, 85, SetGraphicsRoot32BitConstants, 
5100, 85, SetGraphicsRoot32BitConstants, 
5101, 85, IASetVertexBuffers, 
5102, 85, IASetPrimitiveTopology, 
5103, 85, IASetIndexBuffer, 
5104, 85, DrawIndexedInstanced, 543
5105, 85, SetGraphicsRootConstantBufferView, 
5106, 85, SetGraphicsRoot32BitConstants, 
5107, 85, SetGraphicsRoot32BitConstants, 
5108, 85, SetGraphicsRootShaderResourceView, 
5109, 85, SetGraphicsRoot32BitConstants, 
5110, 85, SetGraphicsRoot32BitConstants, 
5111, 85, IASetVertexBuffers, 
5112, 85, IASetPrimitiveTopology, 
5113, 85, IASetIndexBuffer, 
5114, 85, DrawIndexedInstanced, 544
5115, 85, SetGraphicsRootConstantBufferView, 
5116, 85, SetGraphicsRoot32BitConstants, 
5117, 85, SetGraphicsRoot32BitConstants, 
5118, 85, SetGraphicsRootShaderResourceView, 
5119, 85, SetGraphicsRoot32BitConstants, 
5120, 85, SetGraphicsRoot32BitConstants, 
5121, 85, IASetVertexBuffers, 
5122, 85, IASetPrimitiveTopology, 
5123, 85, IASetIndexBuffer, 
5124, 85, DrawIndexedInstanced, 545
5125, 85, SetGraphicsRootConstantBufferView, 
5126, 85, SetGraphicsRoot32BitConstants, 
5127, 85, SetGraphicsRoot32BitConstants, 
5128, 85, SetGraphicsRootShaderResourceView, 
5129, 85, SetGraphicsRoot32BitConstants, 
5130, 85, SetGraphicsRoot32BitConstants, 
5131, 85, IASetVertexBuffers, 
5132, 85, IASetPrimitiveTopology, 
5133, 85, IASetIndexBuffer, 
5134, 85, DrawIndexedInstanced, 546
5135, 85, SetGraphicsRootConstantBufferView, 
5136, 85, SetGraphicsRoot32BitConstants, 
5137, 85, SetGraphicsRoot32BitConstants, 
5138, 85, SetGraphicsRootShaderResourceView, 
5139, 85, SetGraphicsRoot32BitConstants, 
5140, 85, SetGraphicsRoot32BitConstants, 
5141, 85, IASetVertexBuffers, 
5142, 85, IASetPrimitiveTopology, 
5143, 85, IASetIndexBuffer, 
5144, 85, DrawIndexedInstanced, 547
5145, 85, SetGraphicsRootConstantBufferView, 
5146, 85, SetGraphicsRoot32BitConstants, 
5147, 85, SetGraphicsRoot32BitConstants, 
5148, 85, SetGraphicsRootShaderResourceView, 
5149, 85, SetGraphicsRoot32BitConstants, 
5150, 85, SetGraphicsRoot32BitConstants, 
5151, 85, IASetVertexBuffers, 
5152, 85, IASetPrimitiveTopology, 
5153, 85, IASetIndexBuffer, 
5154, 85, DrawIndexedInstanced, 548
5155, 85, SetGraphicsRootConstantBufferView, 
5156, 85, SetGraphicsRoot32BitConstants, 
5157, 85, SetGraphicsRoot32BitConstants, 
5158, 85, SetGraphicsRootShaderResourceView, 
5159, 85, SetGraphicsRoot32BitConstants, 
5160, 85, SetGraphicsRoot32BitConstants, 
5161, 85, IASetVertexBuffers, 
5162, 85, IASetPrimitiveTopology, 
5163, 85, IASetIndexBuffer, 
5164, 85, DrawIndexedInstanced, 549
5165, 85, SetGraphicsRootConstantBufferView, 
5166, 85, SetGraphicsRoot32BitConstants, 
5167, 85, SetGraphicsRoot32BitConstants, 
5168, 85, SetGraphicsRootShaderResourceView, 
5169, 85, SetGraphicsRoot32BitConstants, 
5170, 85, SetGraphicsRoot32BitConstants, 
5171, 85, IASetVertexBuffers, 
5172, 85, IASetPrimitiveTopology, 
5173, 85, IASetIndexBuffer, 
5174, 85, DrawIndexedInstanced, 550
5175, 85, SetGraphicsRootConstantBufferView, 
5176, 85, SetGraphicsRoot32BitConstants, 
5177, 85, SetGraphicsRoot32BitConstants, 
5178, 85, SetGraphicsRootShaderResourceView, 
5179, 85, SetGraphicsRoot32BitConstants, 
5180, 85, SetGraphicsRoot32BitConstants, 
5181, 85, IASetVertexBuffers, 
5182, 85, IASetPrimitiveTopology, 
5183, 85, IASetIndexBuffer, 
5184, 85, DrawIndexedInstanced, 551
5185, 85, SetGraphicsRootConstantBufferView, 
5186, 85, SetGraphicsRoot32BitConstants, 
5187, 85, SetGraphicsRoot32BitConstants, 
5188, 85, SetGraphicsRootShaderResourceView, 
5189, 85, SetGraphicsRoot32BitConstants, 
5190, 85, SetGraphicsRoot32BitConstants, 
5191, 85, IASetVertexBuffers, 
5192, 85, IASetPrimitiveTopology, 
5193, 85, IASetIndexBuffer, 
5194, 85, DrawIndexedInstanced, 552
5195, 85, SetGraphicsRootConstantBufferView, 
5196, 85, SetGraphicsRoot32BitConstants, 
5197, 85, SetGraphicsRoot32BitConstants, 
5198, 85, SetGraphicsRootShaderResourceView, 
5199, 85, SetGraphicsRoot32BitConstants, 
5200, 85, SetGraphicsRoot32BitConstants, 
5201, 85, IASetVertexBuffers, 
5202, 85, IASetPrimitiveTopology, 
5203, 85, IASetIndexBuffer, 
5204, 85, DrawIndexedInstanced, 553
5205, 85, SetGraphicsRootConstantBufferView, 
5206, 85, SetGraphicsRoot32BitConstants, 
5207, 85, SetGraphicsRoot32BitConstants, 
5208, 85, SetGraphicsRootShaderResourceView, 
5209, 85, SetGraphicsRoot32BitConstants, 
5210, 85, SetGraphicsRoot32BitConstants, 
5211, 85, IASetVertexBuffers, 
5212, 85, IASetPrimitiveTopology, 
5213, 85, IASetIndexBuffer, 
5214, 85, DrawIndexedInstanced, 554
5215, 85, SetGraphicsRootConstantBufferView, 
5216, 85, SetGraphicsRoot32BitConstants, 
5217, 85, SetGraphicsRoot32BitConstants, 
5218, 85, SetGraphicsRootShaderResourceView, 
5219, 85, SetGraphicsRoot32BitConstants, 
5220, 85, SetGraphicsRoot32BitConstants, 
5221, 85, IASetVertexBuffers, 
5222, 85, IASetPrimitiveTopology, 
5223, 85, IASetIndexBuffer, 
5224, 85, DrawIndexedInstanced, 555
5225, 85, SetGraphicsRootConstantBufferView, 
5226, 85, SetGraphicsRoot32BitConstants, 
5227, 85, SetGraphicsRoot32BitConstants, 
5228, 85, SetGraphicsRootShaderResourceView, 
5229, 85, SetGraphicsRoot32BitConstants, 
5230, 85, SetGraphicsRoot32BitConstants, 
5231, 85, IASetVertexBuffers, 
5232, 85, IASetPrimitiveTopology, 
5233, 85, IASetIndexBuffer, 
5234, 85, DrawIndexedInstanced, 556
5235, 85, SetGraphicsRootConstantBufferView, 
5236, 85, SetGraphicsRoot32BitConstants, 
5237, 85, SetGraphicsRoot32BitConstants, 
5238, 85, SetGraphicsRootShaderResourceView, 
5239, 85, SetGraphicsRoot32BitConstants, 
5240, 85, SetGraphicsRoot32BitConstants, 
5241, 85, IASetVertexBuffers, 
5242, 85, IASetPrimitiveTopology, 
5243, 85, IASetIndexBuffer, 
5244, 85, DrawIndexedInstanced, 557
5245, 85, SetGraphicsRootConstantBufferView, 
5246, 85, SetGraphicsRoot32BitConstants, 
5247, 85, SetGraphicsRoot32BitConstants, 
5248, 85, SetGraphicsRootShaderResourceView, 
5249, 85, SetGraphicsRoot32BitConstants, 
5250, 85, SetGraphicsRoot32BitConstants, 
5251, 85, IASetVertexBuffers, 
5252, 85, IASetPrimitiveTopology, 
5253, 85, IASetIndexBuffer, 
5254, 85, DrawIndexedInstanced, 558
5255, 85, SetGraphicsRootConstantBufferView, 
5256, 85, SetGraphicsRoot32BitConstants, 
5257, 85, SetGraphicsRoot32BitConstants, 
5258, 85, SetGraphicsRootShaderResourceView, 
5259, 85, SetGraphicsRoot32BitConstants, 
5260, 85, SetGraphicsRoot32BitConstants, 
5261, 85, IASetVertexBuffers, 
5262, 85, IASetPrimitiveTopology, 
5263, 85, IASetIndexBuffer, 
5264, 85, DrawIndexedInstanced, 559
5265, 85, SetGraphicsRootConstantBufferView, 
5266, 85, SetGraphicsRoot32BitConstants, 
5267, 85, SetGraphicsRoot32BitConstants, 
5268, 85, SetGraphicsRootShaderResourceView, 
5269, 85, SetGraphicsRoot32BitConstants, 
5270, 85, SetGraphicsRoot32BitConstants, 
5271, 85, IASetVertexBuffers, 
5272, 85, IASetPrimitiveTopology, 
5273, 85, IASetIndexBuffer, 
5274, 85, DrawIndexedInstanced, 560
5275, 85, SetGraphicsRootConstantBufferView, 
5276, 85, SetGraphicsRoot32BitConstants, 
5277, 85, SetGraphicsRoot32BitConstants, 
5278, 85, SetGraphicsRootShaderResourceView, 
5279, 85, SetGraphicsRoot32BitConstants, 
5280, 85, SetGraphicsRoot32BitConstants, 
5281, 85, IASetVertexBuffers, 
5282, 85, IASetPrimitiveTopology, 
5283, 85, IASetIndexBuffer, 
5284, 85, DrawIndexedInstanced, 561
5285, 85, SetGraphicsRootConstantBufferView, 
5286, 85, SetGraphicsRoot32BitConstants, 
5287, 85, SetGraphicsRoot32BitConstants, 
5288, 85, SetGraphicsRootShaderResourceView, 
5289, 85, SetGraphicsRoot32BitConstants, 
5290, 85, SetGraphicsRoot32BitConstants, 
5291, 85, IASetVertexBuffers, 
5292, 85, IASetPrimitiveTopology, 
5293, 85, IASetIndexBuffer, 
5294, 85, DrawIndexedInstanced, 562
5295, 85, SetGraphicsRootConstantBufferView, 
5296, 85, SetGraphicsRoot32BitConstants, 
5297, 85, SetGraphicsRoot32BitConstants, 
5298, 85, SetGraphicsRootShaderResourceView, 
5299, 85, SetGraphicsRoot32BitConstants, 
5300, 85, SetGraphicsRoot32BitConstants, 
5301, 85, IASetVertexBuffers, 
5302, 85, IASetPrimitiveTopology, 
5303, 85, IASetIndexBuffer, 
5304, 85, DrawIndexedInstanced, 563
5305, 85, SetGraphicsRootConstantBufferView, 
5306, 85, SetGraphicsRoot32BitConstants, 
5307, 85, SetGraphicsRoot32BitConstants, 
5308, 85, SetGraphicsRootShaderResourceView, 
5309, 85, SetGraphicsRoot32BitConstants, 
5310, 85, SetGraphicsRoot32BitConstants, 
5311, 85, IASetVertexBuffers, 
5312, 85, IASetPrimitiveTopology, 
5313, 85, IASetIndexBuffer, 
5314, 85, DrawIndexedInstanced, 564
5315, 85, SetGraphicsRootConstantBufferView, 
5316, 85, SetGraphicsRoot32BitConstants, 
5317, 85, SetGraphicsRoot32BitConstants, 
5318, 85, SetGraphicsRootShaderResourceView, 
5319, 85, SetGraphicsRoot32BitConstants, 
5320, 85, SetGraphicsRoot32BitConstants, 
5321, 85, IASetVertexBuffers, 
5322, 85, IASetPrimitiveTopology, 
5323, 85, IASetIndexBuffer, 
5324, 85, DrawIndexedInstanced, 565
5325, 85, SetGraphicsRootConstantBufferView, 
5326, 85, SetGraphicsRoot32BitConstants, 
5327, 85, SetGraphicsRoot32BitConstants, 
5328, 85, SetGraphicsRootShaderResourceView, 
5329, 85, SetGraphicsRoot32BitConstants, 
5330, 85, SetGraphicsRoot32BitConstants, 
5331, 85, IASetVertexBuffers, 
5332, 85, IASetPrimitiveTopology, 
5333, 85, IASetIndexBuffer, 
5334, 85, DrawIndexedInstanced, 566
5335, 85, SetGraphicsRootConstantBufferView, 
5336, 85, SetGraphicsRoot32BitConstants, 
5337, 85, SetGraphicsRoot32BitConstants, 
5338, 85, SetGraphicsRootShaderResourceView, 
5339, 85, SetGraphicsRoot32BitConstants, 
5340, 85, SetGraphicsRoot32BitConstants, 
5341, 85, IASetVertexBuffers, 
5342, 85, IASetPrimitiveTopology, 
5343, 85, IASetIndexBuffer, 
5344, 85, DrawIndexedInstanced, 567
5345, 85, SetGraphicsRootConstantBufferView, 
5346, 85, SetGraphicsRoot32BitConstants, 
5347, 85, SetGraphicsRoot32BitConstants, 
5348, 85, SetGraphicsRootShaderResourceView, 
5349, 85, SetGraphicsRoot32BitConstants, 
5350, 85, SetGraphicsRoot32BitConstants, 
5351, 85, IASetVertexBuffers, 
5352, 85, IASetPrimitiveTopology, 
5353, 85, IASetIndexBuffer, 
5354, 85, DrawIndexedInstanced, 568
5355, 85, SetGraphicsRootConstantBufferView, 
5356, 85, SetGraphicsRoot32BitConstants, 
5357, 85, SetGraphicsRoot32BitConstants, 
5358, 85, SetGraphicsRootShaderResourceView, 
5359, 85, SetGraphicsRoot32BitConstants, 
5360, 85, SetGraphicsRoot32BitConstants, 
5361, 85, IASetVertexBuffers, 
5362, 85, IASetPrimitiveTopology, 
5363, 85, IASetIndexBuffer, 
5364, 85, DrawIndexedInstanced, 569
5365, 85, SetGraphicsRootConstantBufferView, 
5366, 85, SetGraphicsRoot32BitConstants, 
5367, 85, SetGraphicsRoot32BitConstants, 
5368, 85, SetGraphicsRootShaderResourceView, 
5369, 85, SetGraphicsRoot32BitConstants, 
5370, 85, SetGraphicsRoot32BitConstants, 
5371, 85, IASetVertexBuffers, 
5372, 85, IASetPrimitiveTopology, 
5373, 85, IASetIndexBuffer, 
5374, 85, DrawIndexedInstanced, 570
5375, 85, SetGraphicsRootConstantBufferView, 
5376, 85, SetGraphicsRoot32BitConstants, 
5377, 85, SetGraphicsRoot32BitConstants, 
5378, 85, SetGraphicsRootShaderResourceView, 
5379, 85, SetGraphicsRoot32BitConstants, 
5380, 85, SetGraphicsRoot32BitConstants, 
5381, 85, IASetVertexBuffers, 
5382, 85, IASetPrimitiveTopology, 
5383, 85, IASetIndexBuffer, 
5384, 85, DrawIndexedInstanced, 571
5385, 85, SetGraphicsRootConstantBufferView, 
5386, 85, SetGraphicsRoot32BitConstants, 
5387, 85, SetGraphicsRoot32BitConstants, 
5388, 85, SetGraphicsRootShaderResourceView, 
5389, 85, SetGraphicsRoot32BitConstants, 
5390, 85, SetGraphicsRoot32BitConstants, 
5391, 85, IASetVertexBuffers, 
5392, 85, IASetPrimitiveTopology, 
5393, 85, IASetIndexBuffer, 
5394, 85, DrawIndexedInstanced, 572
5395, 85, SetGraphicsRootConstantBufferView, 
5396, 85, SetGraphicsRoot32BitConstants, 
5397, 85, SetGraphicsRoot32BitConstants, 
5398, 85, SetGraphicsRootShaderResourceView, 
5399, 85, SetGraphicsRoot32BitConstants, 
5400, 85, SetGraphicsRoot32BitConstants, 
5401, 85, IASetVertexBuffers, 
5402, 85, IASetPrimitiveTopology, 
5403, 85, IASetIndexBuffer, 
5404, 85, DrawIndexedInstanced, 573
5405, 85, SetGraphicsRootConstantBufferView, 
5406, 85, SetGraphicsRoot32BitConstants, 
5407, 85, SetGraphicsRoot32BitConstants, 
5408, 85, SetGraphicsRootShaderResourceView, 
5409, 85, SetGraphicsRoot32BitConstants, 
5410, 85, SetGraphicsRoot32BitConstants, 
5411, 85, IASetVertexBuffers, 
5412, 85, IASetPrimitiveTopology, 
5413, 85, IASetIndexBuffer, 
5414, 85, DrawIndexedInstanced, 574
5415, 85, SetGraphicsRootConstantBufferView, 
5416, 85, SetGraphicsRoot32BitConstants, 
5417, 85, SetGraphicsRoot32BitConstants, 
5418, 85, SetGraphicsRootShaderResourceView, 
5419, 85, SetGraphicsRoot32BitConstants, 
5420, 85, SetGraphicsRoot32BitConstants, 
5421, 85, IASetVertexBuffers, 
5422, 85, IASetPrimitiveTopology, 
5423, 85, IASetIndexBuffer, 
5424, 85, DrawIndexedInstanced, 575
5425, 85, SetGraphicsRootConstantBufferView, 
5426, 85, SetGraphicsRoot32BitConstants, 
5427, 85, SetGraphicsRoot32BitConstants, 
5428, 85, SetGraphicsRootShaderResourceView, 
5429, 85, SetGraphicsRoot32BitConstants, 
5430, 85, SetGraphicsRoot32BitConstants, 
5431, 85, IASetVertexBuffers, 
5432, 85, IASetPrimitiveTopology, 
5433, 85, IASetIndexBuffer, 
5434, 85, DrawIndexedInstanced, 576
5435, 85, SetGraphicsRootConstantBufferView, 
5436, 85, SetGraphicsRoot32BitConstants, 
5437, 85, SetGraphicsRoot32BitConstants, 
5438, 85, SetGraphicsRootShaderResourceView, 
5439, 85, SetGraphicsRoot32BitConstants, 
5440, 85, SetGraphicsRoot32BitConstants, 
5441, 85, IASetVertexBuffers, 
5442, 85, IASetPrimitiveTopology, 
5443, 85, IASetIndexBuffer, 
5444, 85, DrawIndexedInstanced, 577
5445, 85, SetGraphicsRootConstantBufferView, 
5446, 85, SetGraphicsRoot32BitConstants, 
5447, 85, SetGraphicsRoot32BitConstants, 
5448, 85, SetGraphicsRootShaderResourceView, 
5449, 85, SetGraphicsRoot32BitConstants, 
5450, 85, SetGraphicsRoot32BitConstants, 
5451, 85, IASetVertexBuffers, 
5452, 85, IASetPrimitiveTopology, 
5453, 85, IASetIndexBuffer, 
5454, 85, DrawIndexedInstanced, 578
5455, 85, SetGraphicsRootConstantBufferView, 
5456, 85, SetGraphicsRoot32BitConstants, 
5457, 85, SetGraphicsRoot32BitConstants, 
5458, 85, SetGraphicsRootShaderResourceView, 
5459, 85, SetGraphicsRoot32BitConstants, 
5460, 85, SetGraphicsRoot32BitConstants, 
5461, 85, IASetVertexBuffers, 
5462, 85, IASetPrimitiveTopology, 
5463, 85, IASetIndexBuffer, 
5464, 85, DrawIndexedInstanced, 579
5465, 85, SetGraphicsRootConstantBufferView, 
5466, 85, SetGraphicsRoot32BitConstants, 
5467, 85, SetGraphicsRoot32BitConstants, 
5468, 85, SetGraphicsRootShaderResourceView, 
5469, 85, SetGraphicsRoot32BitConstants, 
5470, 85, SetGraphicsRoot32BitConstants, 
5471, 85, IASetVertexBuffers, 
5472, 85, IASetPrimitiveTopology, 
5473, 85, IASetIndexBuffer, 
5474, 85, DrawIndexedInstanced, 580
5475, 85, SetGraphicsRootConstantBufferView, 
5476, 85, SetGraphicsRoot32BitConstants, 
5477, 85, SetGraphicsRoot32BitConstants, 
5478, 85, SetGraphicsRootShaderResourceView, 
5479, 85, SetGraphicsRoot32BitConstants, 
5480, 85, SetGraphicsRoot32BitConstants, 
5481, 85, IASetVertexBuffers, 
5482, 85, IASetPrimitiveTopology, 
5483, 85, IASetIndexBuffer, 
5484, 85, DrawIndexedInstanced, 581
5485, 85, SetGraphicsRootConstantBufferView, 
5486, 85, SetGraphicsRoot32BitConstants, 
5487, 85, SetGraphicsRoot32BitConstants, 
5488, 85, SetGraphicsRootShaderResourceView, 
5489, 85, SetGraphicsRoot32BitConstants, 
5490, 85, SetGraphicsRoot32BitConstants, 
5491, 85, IASetVertexBuffers, 
5492, 85, IASetPrimitiveTopology, 
5493, 85, IASetIndexBuffer, 
5494, 85, DrawIndexedInstanced, 582
5495, 85, SetGraphicsRootConstantBufferView, 
5496, 85, SetGraphicsRoot32BitConstants, 
5497, 85, SetGraphicsRoot32BitConstants, 
5498, 85, SetGraphicsRootShaderResourceView, 
5499, 85, SetGraphicsRoot32BitConstants, 
5500, 85, SetGraphicsRoot32BitConstants, 
5501, 85, IASetVertexBuffers, 
5502, 85, IASetPrimitiveTopology, 
5503, 85, IASetIndexBuffer, 
5504, 85, DrawIndexedInstanced, 583
5505, 85, SetGraphicsRootConstantBufferView, 
5506, 85, SetGraphicsRoot32BitConstants, 
5507, 85, SetGraphicsRoot32BitConstants, 
5508, 85, SetGraphicsRootShaderResourceView, 
5509, 85, SetGraphicsRoot32BitConstants, 
5510, 85, SetGraphicsRoot32BitConstants, 
5511, 85, IASetVertexBuffers, 
5512, 85, IASetPrimitiveTopology, 
5513, 85, IASetIndexBuffer, 
5514, 85, DrawIndexedInstanced, 584
5515, 85, SetGraphicsRootConstantBufferView, 
5516, 85, SetGraphicsRoot32BitConstants, 
5517, 85, SetGraphicsRoot32BitConstants, 
5518, 85, SetGraphicsRootShaderResourceView, 
5519, 85, SetGraphicsRoot32BitConstants, 
5520, 85, SetGraphicsRoot32BitConstants, 
5521, 85, IASetVertexBuffers, 
5522, 85, IASetPrimitiveTopology, 
5523, 85, IASetIndexBuffer, 
5524, 85, DrawIndexedInstanced, 585
5525, 85, SetGraphicsRootConstantBufferView, 
5526, 85, SetGraphicsRoot32BitConstants, 
5527, 85, SetGraphicsRoot32BitConstants, 
5528, 85, SetGraphicsRootShaderResourceView, 
5529, 85, SetGraphicsRoot32BitConstants, 
5530, 85, SetGraphicsRoot32BitConstants, 
5531, 85, IASetVertexBuffers, 
5532, 85, IASetPrimitiveTopology, 
5533, 85, IASetIndexBuffer, 
5534, 85, DrawIndexedInstanced, 586
5535, 85, SetGraphicsRootConstantBufferView, 
5536, 85, SetGraphicsRoot32BitConstants, 
5537, 85, SetGraphicsRoot32BitConstants, 
5538, 85, SetGraphicsRootShaderResourceView, 
5539, 85, SetGraphicsRoot32BitConstants, 
5540, 85, SetGraphicsRoot32BitConstants, 
5541, 85, IASetVertexBuffers, 
5542, 85, IASetPrimitiveTopology, 
5543, 85, IASetIndexBuffer, 
5544, 85, DrawIndexedInstanced, 587
5545, 85, SetGraphicsRootConstantBufferView, 
5546, 85, SetGraphicsRoot32BitConstants, 
5547, 85, SetGraphicsRoot32BitConstants, 
5548, 85, SetGraphicsRootShaderResourceView, 
5549, 85, SetGraphicsRoot32BitConstants, 
5550, 85, SetGraphicsRoot32BitConstants, 
5551, 85, IASetVertexBuffers, 
5552, 85, IASetPrimitiveTopology, 
5553, 85, IASetIndexBuffer, 
5554, 85, DrawIndexedInstanced, 588
5555, 85, SetGraphicsRootConstantBufferView, 
5556, 85, SetGraphicsRoot32BitConstants, 
5557, 85, SetGraphicsRoot32BitConstants, 
5558, 85, SetGraphicsRootShaderResourceView, 
5559, 85, SetGraphicsRoot32BitConstants, 
5560, 85, SetGraphicsRoot32BitConstants, 
5561, 85, IASetVertexBuffers, 
5562, 85, IASetPrimitiveTopology, 
5563, 85, IASetIndexBuffer, 
5564, 85, DrawIndexedInstanced, 589
5565, 85, SetGraphicsRootConstantBufferView, 
5566, 85, SetGraphicsRoot32BitConstants, 
5567, 85, SetGraphicsRoot32BitConstants, 
5568, 85, SetGraphicsRootShaderResourceView, 
5569, 85, SetGraphicsRoot32BitConstants, 
5570, 85, SetGraphicsRoot32BitConstants, 
5571, 85, IASetVertexBuffers, 
5572, 85, IASetPrimitiveTopology, 
5573, 85, IASetIndexBuffer, 
5574, 85, DrawIndexedInstanced, 590
5575, 85, SetGraphicsRootConstantBufferView, 
5576, 85, SetGraphicsRoot32BitConstants, 
5577, 85, SetGraphicsRoot32BitConstants, 
5578, 85, SetGraphicsRootShaderResourceView, 
5579, 85, SetGraphicsRoot32BitConstants, 
5580, 85, SetGraphicsRoot32BitConstants, 
5581, 85, IASetVertexBuffers, 
5582, 85, IASetPrimitiveTopology, 
5583, 85, IASetIndexBuffer, 
5584, 85, DrawIndexedInstanced, 591
5585, 85, SetGraphicsRootConstantBufferView, 
5586, 85, SetGraphicsRoot32BitConstants, 
5587, 85, SetGraphicsRoot32BitConstants, 
5588, 85, SetGraphicsRootShaderResourceView, 
5589, 85, SetGraphicsRoot32BitConstants, 
5590, 85, SetGraphicsRoot32BitConstants, 
5591, 85, IASetVertexBuffers, 
5592, 85, IASetPrimitiveTopology, 
5593, 85, IASetIndexBuffer, 
5594, 85, DrawIndexedInstanced, 592
5595, 85, SetGraphicsRootConstantBufferView, 
5596, 85, SetGraphicsRoot32BitConstants, 
5597, 85, SetGraphicsRoot32BitConstants, 
5598, 85, SetGraphicsRootShaderResourceView, 
5599, 85, SetGraphicsRoot32BitConstants, 
5600, 85, SetGraphicsRoot32BitConstants, 
5601, 85, IASetVertexBuffers, 
5602, 85, IASetPrimitiveTopology, 
5603, 85, IASetIndexBuffer, 
5604, 85, DrawIndexedInstanced, 593
5605, 85, SetGraphicsRootConstantBufferView, 
5606, 85, SetGraphicsRoot32BitConstants, 
5607, 85, SetGraphicsRoot32BitConstants, 
5608, 85, SetGraphicsRootShaderResourceView, 
5609, 85, SetGraphicsRoot32BitConstants, 
5610, 85, SetGraphicsRoot32BitConstants, 
5611, 85, IASetVertexBuffers, 
5612, 85, IASetPrimitiveTopology, 
5613, 85, IASetIndexBuffer, 
5614, 85, DrawIndexedInstanced, 594
5615, 85, SetGraphicsRootConstantBufferView, 
5616, 85, SetGraphicsRoot32BitConstants, 
5617, 85, SetGraphicsRoot32BitConstants, 
5618, 85, SetGraphicsRootShaderResourceView, 
5619, 85, SetGraphicsRoot32BitConstants, 
5620, 85, SetGraphicsRoot32BitConstants, 
5621, 85, IASetVertexBuffers, 
5622, 85, IASetPrimitiveTopology, 
5623, 85, IASetIndexBuffer, 
5624, 85, DrawIndexedInstanced, 595
5625, 85, SetGraphicsRootConstantBufferView, 
5626, 85, SetGraphicsRoot32BitConstants, 
5627, 85, SetGraphicsRoot32BitConstants, 
5628, 85, SetGraphicsRootShaderResourceView, 
5629, 85, SetGraphicsRoot32BitConstants, 
5630, 85, SetGraphicsRoot32BitConstants, 
5631, 85, IASetVertexBuffers, 
5632, 85, IASetPrimitiveTopology, 
5633, 85, IASetIndexBuffer, 
5634, 85, DrawIndexedInstanced, 596
5635, 85, SetGraphicsRootConstantBufferView, 
5636, 85, SetGraphicsRoot32BitConstants, 
5637, 85, SetGraphicsRoot32BitConstants, 
5638, 85, SetGraphicsRootShaderResourceView, 
5639, 85, SetGraphicsRoot32BitConstants, 
5640, 85, SetGraphicsRoot32BitConstants, 
5641, 85, IASetVertexBuffers, 
5642, 85, IASetPrimitiveTopology, 
5643, 85, IASetIndexBuffer, 
5644, 85, DrawIndexedInstanced, 597
5645, 85, SetGraphicsRootConstantBufferView, 
5646, 85, SetGraphicsRoot32BitConstants, 
5647, 85, SetGraphicsRoot32BitConstants, 
5648, 85, SetGraphicsRootShaderResourceView, 
5649, 85, SetGraphicsRoot32BitConstants, 
5650, 85, SetGraphicsRoot32BitConstants, 
5651, 85, IASetVertexBuffers, 
5652, 85, IASetPrimitiveTopology, 
5653, 85, IASetIndexBuffer, 
5654, 85, DrawIndexedInstanced, 598
5655, 85, SetGraphicsRootConstantBufferView, 
5656, 85, SetGraphicsRoot32BitConstants, 
5657, 85, SetGraphicsRoot32BitConstants, 
5658, 85, SetGraphicsRootShaderResourceView, 
5659, 85, SetGraphicsRoot32BitConstants, 
5660, 85, SetGraphicsRoot32BitConstants, 
5661, 85, IASetVertexBuffers, 
5662, 85, IASetPrimitiveTopology, 
5663, 85, IASetIndexBuffer, 
5664, 85, DrawIndexedInstanced, 599
5665, 85, SetGraphicsRootConstantBufferView, 
5666, 85, SetGraphicsRoot32BitConstants, 
5667, 85, SetGraphicsRoot32BitConstants, 
5668, 85, SetGraphicsRootShaderResourceView, 
5669, 85, SetGraphicsRoot32BitConstants, 
5670, 85, SetGraphicsRoot32BitConstants, 
5671, 85, IASetVertexBuffers, 
5672, 85, IASetPrimitiveTopology, 
5673, 85, IASetIndexBuffer, 
5674, 85, DrawIndexedInstanced, 600
5675, 85, SetGraphicsRootConstantBufferView, 
5676, 85, SetGraphicsRoot32BitConstants, 
5677, 85, SetGraphicsRoot32BitConstants, 
5678, 85, SetGraphicsRootShaderResourceView, 
5679, 85, SetGraphicsRoot32BitConstants, 
5680, 85, SetGraphicsRoot32BitConstants, 
5681, 85, IASetVertexBuffers, 
5682, 85, IASetPrimitiveTopology, 
5683, 85, IASetIndexBuffer, 
5684, 85, DrawIndexedInstanced, 601
5685, 85, SetGraphicsRootConstantBufferView, 
5686, 85, SetGraphicsRoot32BitConstants, 
5687, 85, SetGraphicsRoot32BitConstants, 
5688, 85, SetGraphicsRootShaderResourceView, 
5689, 85, SetGraphicsRoot32BitConstants, 
5690, 85, SetGraphicsRoot32BitConstants, 
5691, 85, IASetVertexBuffers, 
5692, 85, IASetPrimitiveTopology, 
5693, 85, IASetIndexBuffer, 
5694, 85, DrawIndexedInstanced, 602
5695, 85, SetGraphicsRootConstantBufferView, 
5696, 85, SetGraphicsRoot32BitConstants, 
5697, 85, SetGraphicsRoot32BitConstants, 
5698, 85, SetGraphicsRootShaderResourceView, 
5699, 85, SetGraphicsRoot32BitConstants, 
5700, 85, SetGraphicsRoot32BitConstants, 
5701, 85, IASetVertexBuffers, 
5702, 85, IASetPrimitiveTopology, 
5703, 85, IASetIndexBuffer, 
5704, 85, DrawIndexedInstanced, 603
5705, 85, SetGraphicsRootConstantBufferView, 
5706, 85, SetGraphicsRoot32BitConstants, 
5707, 85, SetGraphicsRoot32BitConstants, 
5708, 85, SetGraphicsRootShaderResourceView, 
5709, 85, SetGraphicsRoot32BitConstants, 
5710, 85, SetGraphicsRoot32BitConstants, 
5711, 85, IASetVertexBuffers, 
5712, 85, IASetPrimitiveTopology, 
5713, 85, IASetIndexBuffer, 
5714, 85, DrawIndexedInstanced, 604
5715, 85, SetGraphicsRootConstantBufferView, 
5716, 85, SetGraphicsRoot32BitConstants, 
5717, 85, SetGraphicsRoot32BitConstants, 
5718, 85, SetGraphicsRootShaderResourceView, 
5719, 85, SetGraphicsRoot32BitConstants, 
5720, 85, SetGraphicsRoot32BitConstants, 
5721, 85, IASetVertexBuffers, 
5722, 85, IASetPrimitiveTopology, 
5723, 85, IASetIndexBuffer, 
5724, 85, DrawIndexedInstanced, 605
5725, 85, SetGraphicsRootConstantBufferView, 
5726, 85, SetGraphicsRoot32BitConstants, 
5727, 85, SetGraphicsRoot32BitConstants, 
5728, 85, SetGraphicsRootShaderResourceView, 
5729, 85, SetGraphicsRoot32BitConstants, 
5730, 85, SetGraphicsRoot32BitConstants, 
5731, 85, IASetVertexBuffers, 
5732, 85, IASetPrimitiveTopology, 
5733, 85, IASetIndexBuffer, 
5734, 85, DrawIndexedInstanced, 606
5735, 85, SetGraphicsRootConstantBufferView, 
5736, 85, SetGraphicsRoot32BitConstants, 
5737, 85, SetGraphicsRoot32BitConstants, 
5738, 85, SetGraphicsRootShaderResourceView, 
5739, 85, SetGraphicsRoot32BitConstants, 
5740, 85, SetGraphicsRoot32BitConstants, 
5741, 85, IASetVertexBuffers, 
5742, 85, IASetPrimitiveTopology, 
5743, 85, IASetIndexBuffer, 
5744, 85, DrawIndexedInstanced, 607
5745, 85, SetGraphicsRootConstantBufferView, 
5746, 85, SetGraphicsRoot32BitConstants, 
5747, 85, SetGraphicsRoot32BitConstants, 
5748, 85, SetGraphicsRootShaderResourceView, 
5749, 85, SetGraphicsRoot32BitConstants, 
5750, 85, SetGraphicsRoot32BitConstants, 
5751, 85, IASetVertexBuffers, 
5752, 85, IASetPrimitiveTopology, 
5753, 85, IASetIndexBuffer, 
5754, 85, DrawIndexedInstanced, 608
5755, 85, SetGraphicsRootConstantBufferView, 
5756, 85, SetGraphicsRoot32BitConstants, 
5757, 85, SetGraphicsRoot32BitConstants, 
5758, 85, SetGraphicsRootShaderResourceView, 
5759, 85, SetGraphicsRoot32BitConstants, 
5760, 85, SetGraphicsRoot32BitConstants, 
5761, 85, IASetVertexBuffers, 
5762, 85, IASetPrimitiveTopology, 
5763, 85, IASetIndexBuffer, 
5764, 85, DrawIndexedInstanced, 609
5765, 85, SetGraphicsRootConstantBufferView, 
5766, 85, SetGraphicsRoot32BitConstants, 
5767, 85, SetGraphicsRoot32BitConstants, 
5768, 85, SetGraphicsRootShaderResourceView, 
5769, 85, SetGraphicsRoot32BitConstants, 
5770, 85, SetGraphicsRoot32BitConstants, 
5771, 85, IASetVertexBuffers, 
5772, 85, IASetPrimitiveTopology, 
5773, 85, IASetIndexBuffer, 
5774, 85, DrawIndexedInstanced, 610
5775, 85, SetGraphicsRootConstantBufferView, 
5776, 85, SetGraphicsRoot32BitConstants, 
5777, 85, SetGraphicsRoot32BitConstants, 
5778, 85, SetGraphicsRootShaderResourceView, 
5779, 85, SetGraphicsRoot32BitConstants, 
5780, 85, SetGraphicsRoot32BitConstants, 
5781, 85, IASetVertexBuffers, 
5782, 85, IASetPrimitiveTopology, 
5783, 85, IASetIndexBuffer, 
5784, 85, DrawIndexedInstanced, 611
5785, 85, SetGraphicsRootConstantBufferView, 
5786, 85, SetGraphicsRoot32BitConstants, 
5787, 85, SetGraphicsRoot32BitConstants, 
5788, 85, SetGraphicsRootShaderResourceView, 
5789, 85, SetGraphicsRoot32BitConstants, 
5790, 85, SetGraphicsRoot32BitConstants, 
5791, 85, IASetVertexBuffers, 
5792, 85, IASetPrimitiveTopology, 
5793, 85, IASetIndexBuffer, 
5794, 85, DrawIndexedInstanced, 612
5795, 85, SetGraphicsRootConstantBufferView, 
5796, 85, SetGraphicsRoot32BitConstants, 
5797, 85, SetGraphicsRoot32BitConstants, 
5798, 85, SetGraphicsRootShaderResourceView, 
5799, 85, SetGraphicsRoot32BitConstants, 
5800, 85, SetGraphicsRoot32BitConstants, 
5801, 85, IASetVertexBuffers, 
5802, 85, IASetPrimitiveTopology, 
5803, 85, IASetIndexBuffer, 
5804, 85, DrawIndexedInstanced, 613
5805, 85, SetGraphicsRootConstantBufferView, 
5806, 85, SetGraphicsRoot32BitConstants, 
5807, 85, SetGraphicsRoot32BitConstants, 
5808, 85, SetGraphicsRootShaderResourceView, 
5809, 85, SetGraphicsRoot32BitConstants, 
5810, 85, SetGraphicsRoot32BitConstants, 
5811, 85, IASetVertexBuffers, 
5812, 85, IASetPrimitiveTopology, 
5813, 85, IASetIndexBuffer, 
5814, 85, DrawIndexedInstanced, 614
5815, 85, SetGraphicsRootConstantBufferView, 
5816, 85, SetGraphicsRoot32BitConstants, 
5817, 85, SetGraphicsRoot32BitConstants, 
5818, 85, SetGraphicsRootShaderResourceView, 
5819, 85, SetGraphicsRootConstantBufferView, 
5820, 85, SetGraphicsRoot32BitConstants, 
5821, 85, SetGraphicsRoot32BitConstants, 
5822, 85, SetGraphicsRootShaderResourceView, 
5823, 85, SetGraphicsRootConstantBufferView, 
5824, 85, SetGraphicsRoot32BitConstants, 
5825, 85, SetGraphicsRoot32BitConstants, 
5826, 85, SetGraphicsRootShaderResourceView, 
5827, 85, SetGraphicsRoot32BitConstants, 
5828, 85, SetGraphicsRoot32BitConstants, 
5829, 85, IASetVertexBuffers, 
5830, 85, IASetPrimitiveTopology, 
5831, 85, IASetIndexBuffer, 
5832, 85, DrawIndexedInstanced, 615
5833, 85, SetGraphicsRootConstantBufferView, 
5834, 85, SetGraphicsRoot32BitConstants, 
5835, 85, SetGraphicsRoot32BitConstants, 
5836, 85, SetGraphicsRootShaderResourceView, 
5837, 85, SetGraphicsRoot32BitConstants, 
5838, 85, SetGraphicsRoot32BitConstants, 
5839, 85, IASetVertexBuffers, 
5840, 85, IASetPrimitiveTopology, 
5841, 85, IASetIndexBuffer, 
5842, 85, DrawIndexedInstanced, 616
5843, 85, SetGraphicsRootConstantBufferView, 
5844, 85, SetGraphicsRoot32BitConstants, 
5845, 85, SetGraphicsRoot32BitConstants, 
5846, 85, SetGraphicsRootShaderResourceView, 
5847, 85, SetGraphicsRoot32BitConstants, 
5848, 85, SetGraphicsRoot32BitConstants, 
5849, 85, IASetVertexBuffers, 
5850, 85, IASetPrimitiveTopology, 
5851, 85, IASetIndexBuffer, 
5852, 85, DrawIndexedInstanced, 617
5853, 85, SetGraphicsRootConstantBufferView, 
5854, 85, SetGraphicsRoot32BitConstants, 
5855, 85, SetGraphicsRoot32BitConstants, 
5856, 85, SetGraphicsRootShaderResourceView, 
5857, 85, SetGraphicsRoot32BitConstants, 
5858, 85, SetGraphicsRoot32BitConstants, 
5859, 85, IASetVertexBuffers, 
5860, 85, IASetPrimitiveTopology, 
5861, 85, IASetIndexBuffer, 
5862, 85, DrawIndexedInstanced, 618
5863, 85, SetGraphicsRootConstantBufferView, 
5864, 85, SetGraphicsRoot32BitConstants, 
5865, 85, SetGraphicsRoot32BitConstants, 
5866, 85, SetGraphicsRootShaderResourceView, 
5867, 85, SetGraphicsRoot32BitConstants, 
5868, 85, SetGraphicsRoot32BitConstants, 
5869, 85, IASetVertexBuffers, 
5870, 85, IASetPrimitiveTopology, 
5871, 85, IASetIndexBuffer, 
5872, 85, DrawIndexedInstanced, 619
5873, 85, SetGraphicsRootConstantBufferView, 
5874, 85, SetGraphicsRoot32BitConstants, 
5875, 85, SetGraphicsRoot32BitConstants, 
5876, 85, SetGraphicsRootShaderResourceView, 
5877, 85, SetGraphicsRoot32BitConstants, 
5878, 85, SetGraphicsRoot32BitConstants, 
5879, 85, IASetVertexBuffers, 
5880, 85, IASetPrimitiveTopology, 
5881, 85, IASetIndexBuffer, 
5882, 85, DrawIndexedInstanced, 620
5883, 85, SetGraphicsRootConstantBufferView, 
5884, 85, SetGraphicsRoot32BitConstants, 
5885, 85, SetGraphicsRoot32BitConstants, 
5886, 85, SetGraphicsRootShaderResourceView, 
5887, 85, SetGraphicsRoot32BitConstants, 
5888, 85, SetGraphicsRoot32BitConstants, 
5889, 85, IASetVertexBuffers, 
5890, 85, IASetPrimitiveTopology, 
5891, 85, IASetIndexBuffer, 
5892, 85, DrawIndexedInstanced, 621
5893, 85, SetGraphicsRootConstantBufferView, 
5894, 85, SetGraphicsRoot32BitConstants, 
5895, 85, SetGraphicsRoot32BitConstants, 
5896, 85, SetGraphicsRootShaderResourceView, 
5897, 85, SetGraphicsRoot32BitConstants, 
5898, 85, SetGraphicsRoot32BitConstants, 
5899, 85, IASetVertexBuffers, 
5900, 85, IASetPrimitiveTopology, 
5901, 85, IASetIndexBuffer, 
5902, 85, DrawIndexedInstanced, 622
5903, 85, SetGraphicsRootConstantBufferView, 
5904, 85, SetGraphicsRoot32BitConstants, 
5905, 85, SetGraphicsRoot32BitConstants, 
5906, 85, SetGraphicsRootShaderResourceView, 
5907, 85, SetGraphicsRoot32BitConstants, 
5908, 85, SetGraphicsRoot32BitConstants, 
5909, 85, IASetVertexBuffers, 
5910, 85, IASetPrimitiveTopology, 
5911, 85, IASetIndexBuffer, 
5912, 85, DrawIndexedInstanced, 623
5913, 85, SetGraphicsRootConstantBufferView, 
5914, 85, SetGraphicsRoot32BitConstants, 
5915, 85, SetGraphicsRoot32BitConstants, 
5916, 85, SetGraphicsRootShaderResourceView, 
5917, 85, SetGraphicsRoot32BitConstants, 
5918, 85, SetGraphicsRoot32BitConstants, 
5919, 85, IASetVertexBuffers, 
5920, 85, IASetPrimitiveTopology, 
5921, 85, IASetIndexBuffer, 
5922, 85, DrawIndexedInstanced, 624
5923, 85, SetGraphicsRootConstantBufferView, 
5924, 85, SetGraphicsRoot32BitConstants, 
5925, 85, SetGraphicsRoot32BitConstants, 
5926, 85, SetGraphicsRootShaderResourceView, 
5927, 85, SetGraphicsRoot32BitConstants, 
5928, 85, SetGraphicsRoot32BitConstants, 
5929, 85, IASetVertexBuffers, 
5930, 85, IASetPrimitiveTopology, 
5931, 85, IASetIndexBuffer, 
5932, 85, DrawIndexedInstanced, 625
5933, 85, SetGraphicsRootConstantBufferView, 
5934, 85, SetGraphicsRoot32BitConstants, 
5935, 85, SetGraphicsRoot32BitConstants, 
5936, 85, SetGraphicsRootShaderResourceView, 
5937, 85, SetGraphicsRoot32BitConstants, 
5938, 85, SetGraphicsRoot32BitConstants, 
5939, 85, IASetVertexBuffers, 
5940, 85, IASetPrimitiveTopology, 
5941, 85, IASetIndexBuffer, 
5942, 85, DrawIndexedInstanced, 626
5943, 85, SetGraphicsRootConstantBufferView, 
5944, 85, SetGraphicsRoot32BitConstants, 
5945, 85, SetGraphicsRoot32BitConstants, 
5946, 85, SetGraphicsRootShaderResourceView, 
5947, 85, SetGraphicsRoot32BitConstants, 
5948, 85, SetGraphicsRoot32BitConstants, 
5949, 85, IASetVertexBuffers, 
5950, 85, IASetPrimitiveTopology, 
5951, 85, IASetIndexBuffer, 
5952, 85, DrawIndexedInstanced, 627
5953, 85, SetGraphicsRootConstantBufferView, 
5954, 85, SetGraphicsRoot32BitConstants, 
5955, 85, SetGraphicsRoot32BitConstants, 
5956, 85, SetGraphicsRootShaderResourceView, 
5957, 85, SetGraphicsRoot32BitConstants, 
5958, 85, SetGraphicsRoot32BitConstants, 
5959, 85, IASetVertexBuffers, 
5960, 85, IASetPrimitiveTopology, 
5961, 85, IASetIndexBuffer, 
5962, 85, DrawIndexedInstanced, 628
5963, 85, SetGraphicsRootConstantBufferView, 
5964, 85, SetGraphicsRoot32BitConstants, 
5965, 85, SetGraphicsRoot32BitConstants, 
5966, 85, SetGraphicsRootShaderResourceView, 
5967, 85, SetGraphicsRoot32BitConstants, 
5968, 85, SetGraphicsRoot32BitConstants, 
5969, 85, IASetVertexBuffers, 
5970, 85, IASetPrimitiveTopology, 
5971, 85, IASetIndexBuffer, 
5972, 85, DrawIndexedInstanced, 629
5973, 85, SetGraphicsRootConstantBufferView, 
5974, 85, SetGraphicsRoot32BitConstants, 
5975, 85, SetGraphicsRoot32BitConstants, 
5976, 85, SetGraphicsRootShaderResourceView, 
5977, 85, SetGraphicsRoot32BitConstants, 
5978, 85, SetGraphicsRoot32BitConstants, 
5979, 85, IASetVertexBuffers, 
5980, 85, IASetPrimitiveTopology, 
5981, 85, IASetIndexBuffer, 
5982, 85, DrawIndexedInstanced, 630
5983, 85, SetGraphicsRootConstantBufferView, 
5984, 85, SetGraphicsRoot32BitConstants, 
5985, 85, SetGraphicsRoot32BitConstants, 
5986, 85, SetGraphicsRootShaderResourceView, 
5987, 85, SetGraphicsRoot32BitConstants, 
5988, 85, SetGraphicsRoot32BitConstants, 
5989, 85, IASetVertexBuffers, 
5990, 85, IASetPrimitiveTopology, 
5991, 85, IASetIndexBuffer, 
5992, 85, DrawIndexedInstanced, 631
5993, 85, SetGraphicsRootConstantBufferView, 
5994, 85, SetGraphicsRoot32BitConstants, 
5995, 85, SetGraphicsRoot32BitConstants, 
5996, 85, SetGraphicsRootShaderResourceView, 
5997, 85, SetGraphicsRoot32BitConstants, 
5998, 85, SetGraphicsRoot32BitConstants, 
5999, 85, IASetVertexBuffers, 
6000, 85, IASetPrimitiveTopology, 
6001, 85, IASetIndexBuffer, 
6002, 85, DrawIndexedInstanced, 632
6003, 85, SetGraphicsRootConstantBufferView, 
6004, 85, SetGraphicsRoot32BitConstants, 
6005, 85, SetGraphicsRoot32BitConstants, 
6006, 85, SetGraphicsRootShaderResourceView, 
6007, 85, SetGraphicsRoot32BitConstants, 
6008, 85, SetGraphicsRoot32BitConstants, 
6009, 85, IASetVertexBuffers, 
6010, 85, IASetPrimitiveTopology, 
6011, 85, IASetIndexBuffer, 
6012, 85, DrawIndexedInstanced, 633
6013, 85, SetGraphicsRootConstantBufferView, 
6014, 85, SetGraphicsRoot32BitConstants, 
6015, 85, SetGraphicsRoot32BitConstants, 
6016, 85, SetGraphicsRootShaderResourceView, 
6017, 85, SetGraphicsRoot32BitConstants, 
6018, 85, SetGraphicsRoot32BitConstants, 
6019, 85, IASetVertexBuffers, 
6020, 85, IASetPrimitiveTopology, 
6021, 85, IASetIndexBuffer, 
6022, 85, DrawIndexedInstanced, 634
6023, 85, SetGraphicsRootConstantBufferView, 
6024, 85, SetGraphicsRoot32BitConstants, 
6025, 85, SetGraphicsRoot32BitConstants, 
6026, 85, SetGraphicsRootShaderResourceView, 
6027, 85, SetGraphicsRoot32BitConstants, 
6028, 85, SetGraphicsRoot32BitConstants, 
6029, 85, IASetVertexBuffers, 
6030, 85, IASetPrimitiveTopology, 
6031, 85, IASetIndexBuffer, 
6032, 85, DrawIndexedInstanced, 635
6033, 85, SetGraphicsRootConstantBufferView, 
6034, 85, SetGraphicsRoot32BitConstants, 
6035, 85, SetGraphicsRoot32BitConstants, 
6036, 85, SetGraphicsRootShaderResourceView, 
6037, 85, SetGraphicsRoot32BitConstants, 
6038, 85, SetGraphicsRoot32BitConstants, 
6039, 85, IASetVertexBuffers, 
6040, 85, IASetPrimitiveTopology, 
6041, 85, IASetIndexBuffer, 
6042, 85, DrawIndexedInstanced, 636
6043, 85, SetGraphicsRootConstantBufferView, 
6044, 85, SetGraphicsRoot32BitConstants, 
6045, 85, SetGraphicsRoot32BitConstants, 
6046, 85, SetGraphicsRootShaderResourceView, 
6047, 85, SetGraphicsRoot32BitConstants, 
6048, 85, SetGraphicsRoot32BitConstants, 
6049, 85, IASetVertexBuffers, 
6050, 85, IASetPrimitiveTopology, 
6051, 85, IASetIndexBuffer, 
6052, 85, DrawIndexedInstanced, 637
6053, 85, SetGraphicsRootConstantBufferView, 
6054, 85, SetGraphicsRoot32BitConstants, 
6055, 85, SetGraphicsRoot32BitConstants, 
6056, 85, SetGraphicsRootShaderResourceView, 
6057, 85, SetGraphicsRoot32BitConstants, 
6058, 85, SetGraphicsRoot32BitConstants, 
6059, 85, IASetVertexBuffers, 
6060, 85, IASetPrimitiveTopology, 
6061, 85, IASetIndexBuffer, 
6062, 85, DrawIndexedInstanced, 638
6063, 85, SetGraphicsRootConstantBufferView, 
6064, 85, SetGraphicsRoot32BitConstants, 
6065, 85, SetGraphicsRoot32BitConstants, 
6066, 85, SetGraphicsRootShaderResourceView, 
6067, 85, SetGraphicsRoot32BitConstants, 
6068, 85, SetGraphicsRoot32BitConstants, 
6069, 85, IASetVertexBuffers, 
6070, 85, IASetPrimitiveTopology, 
6071, 85, IASetIndexBuffer, 
6072, 85, DrawIndexedInstanced, 639
6073, 85, SetGraphicsRootConstantBufferView, 
6074, 85, SetGraphicsRoot32BitConstants, 
6075, 85, SetGraphicsRoot32BitConstants, 
6076, 85, SetGraphicsRootShaderResourceView, 
6077, 85, SetGraphicsRoot32BitConstants, 
6078, 85, SetGraphicsRoot32BitConstants, 
6079, 85, IASetVertexBuffers, 
6080, 85, IASetPrimitiveTopology, 
6081, 85, IASetIndexBuffer, 
6082, 85, DrawIndexedInstanced, 640
6083, 85, SetGraphicsRootConstantBufferView, 
6084, 85, SetGraphicsRoot32BitConstants, 
6085, 85, SetGraphicsRoot32BitConstants, 
6086, 85, SetGraphicsRootShaderResourceView, 
6087, 85, SetGraphicsRoot32BitConstants, 
6088, 85, SetGraphicsRoot32BitConstants, 
6089, 85, IASetVertexBuffers, 
6090, 85, IASetPrimitiveTopology, 
6091, 85, IASetIndexBuffer, 
6092, 85, DrawIndexedInstanced, 641
6093, 85, SetGraphicsRootConstantBufferView, 
6094, 85, SetGraphicsRoot32BitConstants, 
6095, 85, SetGraphicsRoot32BitConstants, 
6096, 85, SetGraphicsRootShaderResourceView, 
6097, 85, SetGraphicsRoot32BitConstants, 
6098, 85, SetGraphicsRoot32BitConstants, 
6099, 85, IASetVertexBuffers, 
6100, 85, IASetPrimitiveTopology, 
6101, 85, IASetIndexBuffer, 
6102, 85, DrawIndexedInstanced, 642
6103, 85, SetGraphicsRootConstantBufferView, 
6104, 85, SetGraphicsRoot32BitConstants, 
6105, 85, SetGraphicsRoot32BitConstants, 
6106, 85, SetGraphicsRootShaderResourceView, 
6107, 85, SetGraphicsRoot32BitConstants, 
6108, 85, SetGraphicsRoot32BitConstants, 
6109, 85, IASetVertexBuffers, 
6110, 85, IASetPrimitiveTopology, 
6111, 85, IASetIndexBuffer, 
6112, 85, DrawIndexedInstanced, 643
6113, 85, SetGraphicsRootConstantBufferView, 
6114, 85, SetGraphicsRoot32BitConstants, 
6115, 85, SetGraphicsRoot32BitConstants, 
6116, 85, SetGraphicsRootShaderResourceView, 
6117, 85, SetGraphicsRoot32BitConstants, 
6118, 85, SetGraphicsRoot32BitConstants, 
6119, 85, IASetVertexBuffers, 
6120, 85, IASetPrimitiveTopology, 
6121, 85, IASetIndexBuffer, 
6122, 85, DrawIndexedInstanced, 644
6123, 85, SetGraphicsRootConstantBufferView, 
6124, 85, SetGraphicsRoot32BitConstants, 
6125, 85, SetGraphicsRoot32BitConstants, 
6126, 85, SetGraphicsRootShaderResourceView, 
6127, 85, SetGraphicsRoot32BitConstants, 
6128, 85, SetGraphicsRoot32BitConstants, 
6129, 85, IASetVertexBuffers, 
6130, 85, IASetPrimitiveTopology, 
6131, 85, IASetIndexBuffer, 
6132, 85, DrawIndexedInstanced, 645
6133, 85, SetGraphicsRootConstantBufferView, 
6134, 85, SetGraphicsRoot32BitConstants, 
6135, 85, SetGraphicsRoot32BitConstants, 
6136, 85, SetGraphicsRootShaderResourceView, 
6137, 85, SetGraphicsRoot32BitConstants, 
6138, 85, SetGraphicsRoot32BitConstants, 
6139, 85, IASetVertexBuffers, 
6140, 85, IASetPrimitiveTopology, 
6141, 85, IASetIndexBuffer, 
6142, 85, DrawIndexedInstanced, 646
6143, 85, SetGraphicsRootConstantBufferView, 
6144, 85, SetGraphicsRoot32BitConstants, 
6145, 85, SetGraphicsRoot32BitConstants, 
6146, 85, SetGraphicsRootShaderResourceView, 
6147, 85, SetGraphicsRoot32BitConstants, 
6148, 85, SetGraphicsRoot32BitConstants, 
6149, 85, IASetVertexBuffers, 
6150, 85, IASetPrimitiveTopology, 
6151, 85, IASetIndexBuffer, 
6152, 85, DrawIndexedInstanced, 647
6153, 85, SetGraphicsRootConstantBufferView, 
6154, 85, SetGraphicsRoot32BitConstants, 
6155, 85, SetGraphicsRoot32BitConstants, 
6156, 85, SetGraphicsRootShaderResourceView, 
6157, 85, SetGraphicsRoot32BitConstants, 
6158, 85, SetGraphicsRoot32BitConstants, 
6159, 85, IASetVertexBuffers, 
6160, 85, IASetPrimitiveTopology, 
6161, 85, IASetIndexBuffer, 
6162, 85, DrawIndexedInstanced, 648
6163, 85, SetGraphicsRootConstantBufferView, 
6164, 85, SetGraphicsRoot32BitConstants, 
6165, 85, SetGraphicsRoot32BitConstants, 
6166, 85, SetGraphicsRootShaderResourceView, 
6167, 85, SetGraphicsRoot32BitConstants, 
6168, 85, SetGraphicsRoot32BitConstants, 
6169, 85, IASetVertexBuffers, 
6170, 85, IASetPrimitiveTopology, 
6171, 85, IASetIndexBuffer, 
6172, 85, DrawIndexedInstanced, 649
6173, 85, SetGraphicsRootConstantBufferView, 
6174, 85, SetGraphicsRoot32BitConstants, 
6175, 85, SetGraphicsRoot32BitConstants, 
6176, 85, SetGraphicsRootShaderResourceView, 
6177, 85, SetGraphicsRootConstantBufferView, 
6178, 85, SetGraphicsRoot32BitConstants, 
6179, 85, SetGraphicsRoot32BitConstants, 
6180, 85, SetGraphicsRootShaderResourceView, 
6181, 85, SetGraphicsRootConstantBufferView, 
6182, 85, SetGraphicsRoot32BitConstants, 
6183, 85, SetGraphicsRoot32BitConstants, 
6184, 85, SetGraphicsRootShaderResourceView, 
6185, 85, SetGraphicsRootConstantBufferView, 
6186, 85, SetGraphicsRoot32BitConstants, 
6187, 85, SetGraphicsRoot32BitConstants, 
6188, 85, SetGraphicsRootShaderResourceView, 
6189, 85, SetGraphicsRoot32BitConstants, 
6190, 85, SetGraphicsRoot32BitConstants, 
6191, 85, IASetVertexBuffers, 
6192, 85, IASetPrimitiveTopology, 
6193, 85, IASetIndexBuffer, 
6194, 85, DrawIndexedInstanced, 650
6195, 85, SetGraphicsRootConstantBufferView, 
6196, 85, SetGraphicsRoot32BitConstants, 
6197, 85, SetGraphicsRoot32BitConstants, 
6198, 85, SetGraphicsRootShaderResourceView, 
6199, 85, SetGraphicsRoot32BitConstants, 
6200, 85, SetGraphicsRoot32BitConstants, 
6201, 85, IASetVertexBuffers, 
6202, 85, IASetPrimitiveTopology, 
6203, 85, IASetIndexBuffer, 
6204, 85, DrawIndexedInstanced, 651
6205, 85, SetGraphicsRootConstantBufferView, 
6206, 85, SetGraphicsRoot32BitConstants, 
6207, 85, SetGraphicsRoot32BitConstants, 
6208, 85, SetGraphicsRootShaderResourceView, 
6209, 85, SetGraphicsRoot32BitConstants, 
6210, 85, SetGraphicsRoot32BitConstants, 
6211, 85, IASetVertexBuffers, 
6212, 85, IASetPrimitiveTopology, 
6213, 85, IASetIndexBuffer, 
6214, 85, DrawIndexedInstanced, 652
6215, 85, SetGraphicsRootConstantBufferView, 
6216, 85, SetGraphicsRoot32BitConstants, 
6217, 85, SetGraphicsRoot32BitConstants, 
6218, 85, SetGraphicsRootShaderResourceView, 
6219, 85, SetGraphicsRoot32BitConstants, 
6220, 85, SetGraphicsRoot32BitConstants, 
6221, 85, IASetVertexBuffers, 
6222, 85, IASetPrimitiveTopology, 
6223, 85, IASetIndexBuffer, 
6224, 85, DrawIndexedInstanced, 653
6225, 85, SetGraphicsRootConstantBufferView, 
6226, 85, SetGraphicsRoot32BitConstants, 
6227, 85, SetGraphicsRoot32BitConstants, 
6228, 85, SetGraphicsRootShaderResourceView, 
6229, 85, SetGraphicsRoot32BitConstants, 
6230, 85, SetGraphicsRoot32BitConstants, 
6231, 85, IASetVertexBuffers, 
6232, 85, IASetPrimitiveTopology, 
6233, 85, IASetIndexBuffer, 
6234, 85, DrawIndexedInstanced, 654
6235, 85, SetGraphicsRootConstantBufferView, 
6236, 85, SetGraphicsRoot32BitConstants, 
6237, 85, SetGraphicsRoot32BitConstants, 
6238, 85, SetGraphicsRootShaderResourceView, 
6239, 85, SetGraphicsRoot32BitConstants, 
6240, 85, SetGraphicsRoot32BitConstants, 
6241, 85, IASetVertexBuffers, 
6242, 85, IASetPrimitiveTopology, 
6243, 85, IASetIndexBuffer, 
6244, 85, DrawIndexedInstanced, 655
6245, 85, SetGraphicsRootConstantBufferView, 
6246, 85, SetGraphicsRoot32BitConstants, 
6247, 85, SetGraphicsRoot32BitConstants, 
6248, 85, SetGraphicsRootShaderResourceView, 
6249, 85, SetGraphicsRoot32BitConstants, 
6250, 85, SetGraphicsRoot32BitConstants, 
6251, 85, IASetVertexBuffers, 
6252, 85, IASetPrimitiveTopology, 
6253, 85, IASetIndexBuffer, 
6254, 85, DrawIndexedInstanced, 656
6255, 85, SetGraphicsRootConstantBufferView, 
6256, 85, SetGraphicsRoot32BitConstants, 
6257, 85, SetGraphicsRoot32BitConstants, 
6258, 85, SetGraphicsRootShaderResourceView, 
6259, 85, SetGraphicsRoot32BitConstants, 
6260, 85, SetGraphicsRoot32BitConstants, 
6261, 85, IASetVertexBuffers, 
6262, 85, IASetPrimitiveTopology, 
6263, 85, IASetIndexBuffer, 
6264, 85, DrawIndexedInstanced, 657
6265, 85, SetGraphicsRootConstantBufferView, 
6266, 85, SetGraphicsRoot32BitConstants, 
6267, 85, SetGraphicsRoot32BitConstants, 
6268, 85, SetGraphicsRootShaderResourceView, 
6269, 85, SetGraphicsRoot32BitConstants, 
6270, 85, SetGraphicsRoot32BitConstants, 
6271, 85, IASetVertexBuffers, 
6272, 85, IASetPrimitiveTopology, 
6273, 85, IASetIndexBuffer, 
6274, 85, DrawIndexedInstanced, 658
6275, 85, SetGraphicsRootConstantBufferView, 
6276, 85, SetGraphicsRoot32BitConstants, 
6277, 85, SetGraphicsRoot32BitConstants, 
6278, 85, SetGraphicsRootShaderResourceView, 
6279, 85, SetGraphicsRoot32BitConstants, 
6280, 85, SetGraphicsRoot32BitConstants, 
6281, 85, IASetVertexBuffers, 
6282, 85, IASetPrimitiveTopology, 
6283, 85, IASetIndexBuffer, 
6284, 85, DrawIndexedInstanced, 659
6285, 85, SetGraphicsRootConstantBufferView, 
6286, 85, SetGraphicsRoot32BitConstants, 
6287, 85, SetGraphicsRoot32BitConstants, 
6288, 85, SetGraphicsRootShaderResourceView, 
6289, 85, SetGraphicsRoot32BitConstants, 
6290, 85, SetGraphicsRoot32BitConstants, 
6291, 85, IASetVertexBuffers, 
6292, 85, IASetPrimitiveTopology, 
6293, 85, IASetIndexBuffer, 
6294, 85, DrawIndexedInstanced, 660
6295, 85, SetGraphicsRootConstantBufferView, 
6296, 85, SetGraphicsRoot32BitConstants, 
6297, 85, SetGraphicsRoot32BitConstants, 
6298, 85, SetGraphicsRootShaderResourceView, 
6299, 85, SetGraphicsRoot32BitConstants, 
6300, 85, SetGraphicsRoot32BitConstants, 
6301, 85, IASetVertexBuffers, 
6302, 85, IASetPrimitiveTopology, 
6303, 85, IASetIndexBuffer, 
6304, 85, DrawIndexedInstanced, 661
6305, 85, SetGraphicsRootConstantBufferView, 
6306, 85, SetGraphicsRoot32BitConstants, 
6307, 85, SetGraphicsRoot32BitConstants, 
6308, 85, SetGraphicsRootShaderResourceView, 
6309, 85, SetGraphicsRoot32BitConstants, 
6310, 85, SetGraphicsRoot32BitConstants, 
6311, 85, IASetVertexBuffers, 
6312, 85, IASetPrimitiveTopology, 
6313, 85, IASetIndexBuffer, 
6314, 85, DrawIndexedInstanced, 662
6315, 85, SetGraphicsRootConstantBufferView, 
6316, 85, SetGraphicsRoot32BitConstants, 
6317, 85, SetGraphicsRoot32BitConstants, 
6318, 85, SetGraphicsRootShaderResourceView, 
6319, 85, SetGraphicsRoot32BitConstants, 
6320, 85, SetGraphicsRoot32BitConstants, 
6321, 85, IASetVertexBuffers, 
6322, 85, IASetPrimitiveTopology, 
6323, 85, IASetIndexBuffer, 
6324, 85, DrawIndexedInstanced, 663
6325, 85, SetGraphicsRootConstantBufferView, 
6326, 85, SetGraphicsRoot32BitConstants, 
6327, 85, SetGraphicsRoot32BitConstants, 
6328, 85, SetGraphicsRootShaderResourceView, 
6329, 85, SetGraphicsRoot32BitConstants, 
6330, 85, SetGraphicsRoot32BitConstants, 
6331, 85, IASetVertexBuffers, 
6332, 85, IASetPrimitiveTopology, 
6333, 85, IASetIndexBuffer, 
6334, 85, DrawIndexedInstanced, 664
6335, 85, SetGraphicsRootConstantBufferView, 
6336, 85, SetGraphicsRoot32BitConstants, 
6337, 85, SetGraphicsRoot32BitConstants, 
6338, 85, SetGraphicsRootShaderResourceView, 
6339, 85, SetGraphicsRoot32BitConstants, 
6340, 85, SetGraphicsRoot32BitConstants, 
6341, 85, IASetVertexBuffers, 
6342, 85, IASetPrimitiveTopology, 
6343, 85, IASetIndexBuffer, 
6344, 85, DrawIndexedInstanced, 665
6345, 85, SetGraphicsRootConstantBufferView, 
6346, 85, SetGraphicsRoot32BitConstants, 
6347, 85, SetGraphicsRoot32BitConstants, 
6348, 85, SetGraphicsRootShaderResourceView, 
6349, 85, SetGraphicsRoot32BitConstants, 
6350, 85, SetGraphicsRoot32BitConstants, 
6351, 85, IASetVertexBuffers, 
6352, 85, IASetPrimitiveTopology, 
6353, 85, IASetIndexBuffer, 
6354, 85, DrawIndexedInstanced, 666
6355, 85, SetGraphicsRootConstantBufferView, 
6356, 85, SetGraphicsRoot32BitConstants, 
6357, 85, SetGraphicsRoot32BitConstants, 
6358, 85, SetGraphicsRootShaderResourceView, 
6359, 85, SetGraphicsRoot32BitConstants, 
6360, 85, SetGraphicsRoot32BitConstants, 
6361, 85, IASetVertexBuffers, 
6362, 85, IASetPrimitiveTopology, 
6363, 85, IASetIndexBuffer, 
6364, 85, DrawIndexedInstanced, 667
6365, 85, SetGraphicsRootConstantBufferView, 
6366, 85, SetGraphicsRoot32BitConstants, 
6367, 85, SetGraphicsRoot32BitConstants, 
6368, 85, SetGraphicsRootShaderResourceView, 
6369, 85, SetGraphicsRoot32BitConstants, 
6370, 85, SetGraphicsRoot32BitConstants, 
6371, 85, IASetVertexBuffers, 
6372, 85, IASetPrimitiveTopology, 
6373, 85, IASetIndexBuffer, 
6374, 85, DrawIndexedInstanced, 668
6375, 85, SetGraphicsRootConstantBufferView, 
6376, 85, SetGraphicsRoot32BitConstants, 
6377, 85, SetGraphicsRoot32BitConstants, 
6378, 85, SetGraphicsRootShaderResourceView, 
6379, 85, SetGraphicsRoot32BitConstants, 
6380, 85, SetGraphicsRoot32BitConstants, 
6381, 85, IASetVertexBuffers, 
6382, 85, IASetPrimitiveTopology, 
6383, 85, IASetIndexBuffer, 
6384, 85, DrawIndexedInstanced, 669
6385, 85, SetGraphicsRootConstantBufferView, 
6386, 85, SetGraphicsRoot32BitConstants, 
6387, 85, SetGraphicsRoot32BitConstants, 
6388, 85, SetGraphicsRootShaderResourceView, 
6389, 85, SetGraphicsRoot32BitConstants, 
6390, 85, SetGraphicsRoot32BitConstants, 
6391, 85, IASetVertexBuffers, 
6392, 85, IASetPrimitiveTopology, 
6393, 85, IASetIndexBuffer, 
6394, 85, DrawIndexedInstanced, 670
6395, 85, SetGraphicsRootConstantBufferView, 
6396, 85, SetGraphicsRoot32BitConstants, 
6397, 85, SetGraphicsRoot32BitConstants, 
6398, 85, SetGraphicsRootShaderResourceView, 
6399, 85, SetGraphicsRoot32BitConstants, 
6400, 85, SetGraphicsRoot32BitConstants, 
6401, 85, IASetVertexBuffers, 
6402, 85, IASetPrimitiveTopology, 
6403, 85, IASetIndexBuffer, 
6404, 85, DrawIndexedInstanced, 671
6405, 85, SetGraphicsRootConstantBufferView, 
6406, 85, SetGraphicsRoot32BitConstants, 
6407, 85, SetGraphicsRoot32BitConstants, 
6408, 85, SetGraphicsRootShaderResourceView, 
6409, 85, SetGraphicsRoot32BitConstants, 
6410, 85, SetGraphicsRoot32BitConstants, 
6411, 85, IASetVertexBuffers, 
6412, 85, IASetPrimitiveTopology, 
6413, 85, IASetIndexBuffer, 
6414, 85, DrawIndexedInstanced, 672
6415, 85, SetGraphicsRootConstantBufferView, 
6416, 85, SetGraphicsRoot32BitConstants, 
6417, 85, SetGraphicsRoot32BitConstants, 
6418, 85, SetGraphicsRootShaderResourceView, 
6419, 85, SetGraphicsRoot32BitConstants, 
6420, 85, SetGraphicsRoot32BitConstants, 
6421, 85, IASetVertexBuffers, 
6422, 85, IASetPrimitiveTopology, 
6423, 85, IASetIndexBuffer, 
6424, 85, DrawIndexedInstanced, 673
6425, 85, SetGraphicsRootConstantBufferView, 
6426, 85, SetGraphicsRoot32BitConstants, 
6427, 85, SetGraphicsRoot32BitConstants, 
6428, 85, SetGraphicsRootShaderResourceView, 
6429, 85, SetGraphicsRoot32BitConstants, 
6430, 85, SetGraphicsRoot32BitConstants, 
6431, 85, IASetVertexBuffers, 
6432, 85, IASetPrimitiveTopology, 
6433, 85, IASetIndexBuffer, 
6434, 85, DrawIndexedInstanced, 674
6435, 85, SetGraphicsRootConstantBufferView, 
6436, 85, SetGraphicsRoot32BitConstants, 
6437, 85, SetGraphicsRoot32BitConstants, 
6438, 85, SetGraphicsRootShaderResourceView, 
6439, 85, SetGraphicsRoot32BitConstants, 
6440, 85, SetGraphicsRoot32BitConstants, 
6441, 85, IASetVertexBuffers, 
6442, 85, IASetPrimitiveTopology, 
6443, 85, IASetIndexBuffer, 
6444, 85, DrawIndexedInstanced, 675
6445, 85, SetGraphicsRootConstantBufferView, 
6446, 85, SetGraphicsRoot32BitConstants, 
6447, 85, SetGraphicsRoot32BitConstants, 
6448, 85, SetGraphicsRootShaderResourceView, 
6449, 85, SetGraphicsRoot32BitConstants, 
6450, 85, SetGraphicsRoot32BitConstants, 
6451, 85, IASetVertexBuffers, 
6452, 85, IASetPrimitiveTopology, 
6453, 85, IASetIndexBuffer, 
6454, 85, DrawIndexedInstanced, 676
6455, 85, SetGraphicsRootConstantBufferView, 
6456, 85, SetGraphicsRoot32BitConstants, 
6457, 85, SetGraphicsRoot32BitConstants, 
6458, 85, SetGraphicsRootShaderResourceView, 
6459, 85, SetGraphicsRoot32BitConstants, 
6460, 85, SetGraphicsRoot32BitConstants, 
6461, 85, IASetVertexBuffers, 
6462, 85, IASetPrimitiveTopology, 
6463, 85, IASetIndexBuffer, 
6464, 85, DrawIndexedInstanced, 677
6465, 85, SetGraphicsRootConstantBufferView, 
6466, 85, SetGraphicsRoot32BitConstants, 
6467, 85, SetGraphicsRoot32BitConstants, 
6468, 85, SetGraphicsRootShaderResourceView, 
6469, 85, SetGraphicsRootConstantBufferView, 
6470, 85, SetGraphicsRoot32BitConstants, 
6471, 85, SetGraphicsRoot32BitConstants, 
6472, 85, SetGraphicsRootShaderResourceView, 
6473, 85, SetGraphicsRootConstantBufferView, 
6474, 85, SetGraphicsRoot32BitConstants, 
6475, 85, SetGraphicsRoot32BitConstants, 
6476, 85, SetGraphicsRootShaderResourceView, 
6477, 85, SetGraphicsRoot32BitConstants, 
6478, 85, SetGraphicsRoot32BitConstants, 
6479, 85, IASetVertexBuffers, 
6480, 85, IASetPrimitiveTopology, 
6481, 85, IASetIndexBuffer, 
6482, 85, DrawIndexedInstanced, 678
6483, 85, SetGraphicsRootConstantBufferView, 
6484, 85, SetGraphicsRoot32BitConstants, 
6485, 85, SetGraphicsRoot32BitConstants, 
6486, 85, SetGraphicsRootShaderResourceView, 
6487, 85, SetGraphicsRoot32BitConstants, 
6488, 85, SetGraphicsRoot32BitConstants, 
6489, 85, IASetVertexBuffers, 
6490, 85, IASetPrimitiveTopology, 
6491, 85, IASetIndexBuffer, 
6492, 85, DrawIndexedInstanced, 679
6493, 85, SetGraphicsRootConstantBufferView, 
6494, 85, SetGraphicsRoot32BitConstants, 
6495, 85, SetGraphicsRoot32BitConstants, 
6496, 85, SetGraphicsRootShaderResourceView, 
6497, 85, SetGraphicsRoot32BitConstants, 
6498, 85, SetGraphicsRoot32BitConstants, 
6499, 85, IASetVertexBuffers, 
6500, 85, IASetPrimitiveTopology, 
6501, 85, IASetIndexBuffer, 
6502, 85, DrawIndexedInstanced, 680
6503, 85, SetGraphicsRootConstantBufferView, 
6504, 85, SetGraphicsRoot32BitConstants, 
6505, 85, SetGraphicsRoot32BitConstants, 
6506, 85, SetGraphicsRootShaderResourceView, 
6507, 85, SetGraphicsRoot32BitConstants, 
6508, 85, SetGraphicsRoot32BitConstants, 
6509, 85, IASetVertexBuffers, 
6510, 85, IASetPrimitiveTopology, 
6511, 85, IASetIndexBuffer, 
6512, 85, DrawIndexedInstanced, 681
6513, 85, SetGraphicsRootConstantBufferView, 
6514, 85, SetGraphicsRoot32BitConstants, 
6515, 85, SetGraphicsRoot32BitConstants, 
6516, 85, SetGraphicsRootShaderResourceView, 
6517, 85, SetGraphicsRoot32BitConstants, 
6518, 85, SetGraphicsRoot32BitConstants, 
6519, 85, IASetVertexBuffers, 
6520, 85, IASetPrimitiveTopology, 
6521, 85, IASetIndexBuffer, 
6522, 85, DrawIndexedInstanced, 682
6523, 85, SetGraphicsRootConstantBufferView, 
6524, 85, SetGraphicsRoot32BitConstants, 
6525, 85, SetGraphicsRoot32BitConstants, 
6526, 85, SetGraphicsRootShaderResourceView, 
6527, 85, SetGraphicsRoot32BitConstants, 
6528, 85, SetGraphicsRoot32BitConstants, 
6529, 85, IASetVertexBuffers, 
6530, 85, IASetPrimitiveTopology, 
6531, 85, IASetIndexBuffer, 
6532, 85, DrawIndexedInstanced, 683
6533, 85, SetGraphicsRootConstantBufferView, 
6534, 85, SetGraphicsRoot32BitConstants, 
6535, 85, SetGraphicsRoot32BitConstants, 
6536, 85, SetGraphicsRootShaderResourceView, 
6537, 85, SetGraphicsRoot32BitConstants, 
6538, 85, SetGraphicsRoot32BitConstants, 
6539, 85, IASetVertexBuffers, 
6540, 85, IASetPrimitiveTopology, 
6541, 85, IASetIndexBuffer, 
6542, 85, DrawIndexedInstanced, 684
6543, 85, SetGraphicsRootConstantBufferView, 
6544, 85, SetGraphicsRoot32BitConstants, 
6545, 85, SetGraphicsRoot32BitConstants, 
6546, 85, SetGraphicsRootShaderResourceView, 
6547, 85, SetGraphicsRoot32BitConstants, 
6548, 85, SetGraphicsRoot32BitConstants, 
6549, 85, IASetVertexBuffers, 
6550, 85, IASetPrimitiveTopology, 
6551, 85, IASetIndexBuffer, 
6552, 85, DrawIndexedInstanced, 685
6553, 85, SetGraphicsRootConstantBufferView, 
6554, 85, SetGraphicsRoot32BitConstants, 
6555, 85, SetGraphicsRoot32BitConstants, 
6556, 85, SetGraphicsRootShaderResourceView, 
6557, 85, SetGraphicsRoot32BitConstants, 
6558, 85, SetGraphicsRoot32BitConstants, 
6559, 85, IASetVertexBuffers, 
6560, 85, IASetPrimitiveTopology, 
6561, 85, IASetIndexBuffer, 
6562, 85, DrawIndexedInstanced, 686
6563, 85, SetGraphicsRootConstantBufferView, 
6564, 85, SetGraphicsRoot32BitConstants, 
6565, 85, SetGraphicsRoot32BitConstants, 
6566, 85, SetGraphicsRootShaderResourceView, 
6567, 85, SetGraphicsRoot32BitConstants, 
6568, 85, SetGraphicsRoot32BitConstants, 
6569, 85, IASetVertexBuffers, 
6570, 85, IASetPrimitiveTopology, 
6571, 85, IASetIndexBuffer, 
6572, 85, DrawIndexedInstanced, 687
6573, 85, SetGraphicsRootConstantBufferView, 
6574, 85, SetGraphicsRoot32BitConstants, 
6575, 85, SetGraphicsRoot32BitConstants, 
6576, 85, SetGraphicsRootShaderResourceView, 
6577, 85, SetGraphicsRoot32BitConstants, 
6578, 85, SetGraphicsRoot32BitConstants, 
6579, 85, IASetVertexBuffers, 
6580, 85, IASetPrimitiveTopology, 
6581, 85, IASetIndexBuffer, 
6582, 85, DrawIndexedInstanced, 688
6583, 85, SetGraphicsRootConstantBufferView, 
6584, 85, SetGraphicsRoot32BitConstants, 
6585, 85, SetGraphicsRoot32BitConstants, 
6586, 85, SetGraphicsRootShaderResourceView, 
6587, 85, SetGraphicsRoot32BitConstants, 
6588, 85, SetGraphicsRoot32BitConstants, 
6589, 85, IASetVertexBuffers, 
6590, 85, IASetPrimitiveTopology, 
6591, 85, IASetIndexBuffer, 
6592, 85, DrawIndexedInstanced, 689
6593, 85, SetGraphicsRootConstantBufferView, 
6594, 85, SetGraphicsRoot32BitConstants, 
6595, 85, SetGraphicsRoot32BitConstants, 
6596, 85, SetGraphicsRootShaderResourceView, 
6597, 85, SetGraphicsRoot32BitConstants, 
6598, 85, SetGraphicsRoot32BitConstants, 
6599, 85, IASetVertexBuffers, 
6600, 85, IASetPrimitiveTopology, 
6601, 85, IASetIndexBuffer, 
6602, 85, DrawIndexedInstanced, 690
6603, 85, SetGraphicsRootConstantBufferView, 
6604, 85, SetGraphicsRoot32BitConstants, 
6605, 85, SetGraphicsRoot32BitConstants, 
6606, 85, SetGraphicsRootShaderResourceView, 
6607, 85, SetGraphicsRoot32BitConstants, 
6608, 85, SetGraphicsRoot32BitConstants, 
6609, 85, IASetVertexBuffers, 
6610, 85, IASetPrimitiveTopology, 
6611, 85, IASetIndexBuffer, 
6612, 85, DrawIndexedInstanced, 691
6613, 85, SetGraphicsRootConstantBufferView, 
6614, 85, SetGraphicsRoot32BitConstants, 
6615, 85, SetGraphicsRoot32BitConstants, 
6616, 85, SetGraphicsRootShaderResourceView, 
6617, 85, SetGraphicsRoot32BitConstants, 
6618, 85, SetGraphicsRoot32BitConstants, 
6619, 85, SetGraphicsRootShaderResourceView, 
6620, 85, SetGraphicsRootShaderResourceView, 
6621, 85, IASetVertexBuffers, 
6622, 85, IASetPrimitiveTopology, 
6623, 85, IASetIndexBuffer, 
6624, 85, DrawIndexedInstanced, 692
6625, 85, SetGraphicsRoot32BitConstants, 
6626, 85, SetGraphicsRoot32BitConstants, 
6627, 85, SetGraphicsRootShaderResourceView, 
6628, 85, SetGraphicsRootShaderResourceView, 
6629, 85, IASetVertexBuffers, 
6630, 85, IASetPrimitiveTopology, 
6631, 85, IASetIndexBuffer, 
6632, 85, DrawIndexedInstanced, 693
6633, 85, SetGraphicsRoot32BitConstants, 
6634, 85, SetGraphicsRoot32BitConstants, 
6635, 85, SetGraphicsRootShaderResourceView, 
6636, 85, SetGraphicsRootShaderResourceView, 
6637, 85, IASetVertexBuffers, 
6638, 85, IASetPrimitiveTopology, 
6639, 85, IASetIndexBuffer, 
6640, 85, DrawIndexedInstanced, 694
6641, 85, SetGraphicsRoot32BitConstants, 
6642, 85, SetGraphicsRoot32BitConstants, 
6643, 85, SetGraphicsRootShaderResourceView, 
6644, 85, SetGraphicsRootShaderResourceView, 
6645, 85, IASetVertexBuffers, 
6646, 85, IASetPrimitiveTopology, 
6647, 85, IASetIndexBuffer, 
6648, 85, DrawIndexedInstanced, 695
6649, 85, SetGraphicsRoot32BitConstants, 
6650, 85, SetGraphicsRoot32BitConstants, 
6651, 85, SetGraphicsRootShaderResourceView, 
6652, 85, SetGraphicsRootShaderResourceView, 
6653, 85, IASetVertexBuffers, 
6654, 85, IASetPrimitiveTopology, 
6655, 85, IASetIndexBuffer, 
6656, 85, DrawIndexedInstanced, 696
6657, 85, SetGraphicsRoot32BitConstants, 
6658, 85, SetGraphicsRoot32BitConstants, 
6659, 85, SetGraphicsRootShaderResourceView, 
6660, 85, SetGraphicsRootShaderResourceView, 
6661, 85, IASetVertexBuffers, 
6662, 85, IASetPrimitiveTopology, 
6663, 85, IASetIndexBuffer, 
6664, 85, DrawIndexedInstanced, 697
6665, 85, SetGraphicsRoot32BitConstants, 
6666, 85, SetGraphicsRoot32BitConstants, 
6667, 85, SetGraphicsRootShaderResourceView, 
6668, 85, SetGraphicsRootShaderResourceView, 
6669, 85, IASetVertexBuffers, 
6670, 85, IASetPrimitiveTopology, 
6671, 85, IASetIndexBuffer, 
6672, 85, DrawIndexedInstanced, 698
6673, 85, SetGraphicsRoot32BitConstants, 
6674, 85, SetGraphicsRoot32BitConstants, 
6675, 85, SetGraphicsRootShaderResourceView, 
6676, 85, SetGraphicsRootShaderResourceView, 
6677, 85, IASetVertexBuffers, 
6678, 85, IASetPrimitiveTopology, 
6679, 85, IASetIndexBuffer, 
6680, 85, DrawIndexedInstanced, 699
6681, 85, SetGraphicsRoot32BitConstants, 
6682, 85, SetGraphicsRoot32BitConstants, 
6683, 85, SetGraphicsRootShaderResourceView, 
6684, 85, SetGraphicsRootShaderResourceView, 
6685, 85, IASetVertexBuffers, 
6686, 85, IASetPrimitiveTopology, 
6687, 85, IASetIndexBuffer, 
6688, 85, DrawIndexedInstanced, 700
6689, 85, SetGraphicsRoot32BitConstants, 
6690, 85, SetGraphicsRoot32BitConstants, 
6691, 85, SetGraphicsRootShaderResourceView, 
6692, 85, SetGraphicsRootShaderResourceView, 
6693, 85, IASetVertexBuffers, 
6694, 85, IASetPrimitiveTopology, 
6695, 85, IASetIndexBuffer, 
6696, 85, DrawIndexedInstanced, 701
6697, 85, SetGraphicsRoot32BitConstants, 
6698, 85, SetGraphicsRoot32BitConstants, 
6699, 85, SetGraphicsRootShaderResourceView, 
6700, 85, SetGraphicsRootShaderResourceView, 
6701, 85, IASetVertexBuffers, 
6702, 85, IASetPrimitiveTopology, 
6703, 85, IASetIndexBuffer, 
6704, 85, DrawIndexedInstanced, 702
6705, 85, SetGraphicsRoot32BitConstants, 
6706, 85, SetGraphicsRoot32BitConstants, 
6707, 85, SetGraphicsRootShaderResourceView, 
6708, 85, SetGraphicsRootShaderResourceView, 
6709, 85, IASetVertexBuffers, 
6710, 85, IASetPrimitiveTopology, 
6711, 85, IASetIndexBuffer, 
6712, 85, DrawIndexedInstanced, 703
6713, 85, SetGraphicsRoot32BitConstants, 
6714, 85, SetGraphicsRoot32BitConstants, 
6715, 85, SetGraphicsRootShaderResourceView, 
6716, 85, SetGraphicsRootShaderResourceView, 
6717, 85, IASetVertexBuffers, 
6718, 85, IASetPrimitiveTopology, 
6719, 85, IASetIndexBuffer, 
6720, 85, DrawIndexedInstanced, 704
6721, 85, SetGraphicsRoot32BitConstants, 
6722, 85, SetGraphicsRoot32BitConstants, 
6723, 85, SetGraphicsRootShaderResourceView, 
6724, 85, SetGraphicsRootShaderResourceView, 
6725, 85, IASetVertexBuffers, 
6726, 85, IASetPrimitiveTopology, 
6727, 85, IASetIndexBuffer, 
6728, 85, DrawIndexedInstanced, 705
6729, 85, SetGraphicsRoot32BitConstants, 
6730, 85, SetGraphicsRoot32BitConstants, 
6731, 85, SetGraphicsRootShaderResourceView, 
6732, 85, SetGraphicsRootShaderResourceView, 
6733, 85, IASetVertexBuffers, 
6734, 85, IASetPrimitiveTopology, 
6735, 85, IASetIndexBuffer, 
6736, 85, DrawIndexedInstanced, 706
6737, 85, SetGraphicsRootConstantBufferView, 
6738, 85, SetGraphicsRoot32BitConstants, 
6739, 85, SetGraphicsRoot32BitConstants, 
6740, 85, SetGraphicsRootShaderResourceView, 
6741, 85, SetGraphicsRoot32BitConstants, 
6742, 85, SetGraphicsRootShaderResourceView, 
6743, 85, IASetVertexBuffers, 
6744, 85, IASetPrimitiveTopology, 
6745, 85, IASetIndexBuffer, 
6746, 85, DrawIndexedInstanced, 707
6747, 85, SetGraphicsRootConstantBufferView, 
6748, 85, SetGraphicsRoot32BitConstants, 
6749, 85, SetGraphicsRoot32BitConstants, 
6750, 85, SetGraphicsRootShaderResourceView, 
6751, 85, SetGraphicsRoot32BitConstants, 
6752, 85, SetGraphicsRoot32BitConstants, 
6753, 85, IASetVertexBuffers, 
6754, 85, IASetPrimitiveTopology, 
6755, 85, IASetIndexBuffer, 
6756, 85, DrawIndexedInstanced, 708
6757, 85, SetGraphicsRootConstantBufferView, 
6758, 85, SetGraphicsRoot32BitConstants, 
6759, 85, SetGraphicsRoot32BitConstants, 
6760, 85, SetGraphicsRootShaderResourceView, 
6761, 85, SetGraphicsRoot32BitConstants, 
6762, 85, SetGraphicsRoot32BitConstants, 
6763, 85, IASetVertexBuffers, 
6764, 85, IASetPrimitiveTopology, 
6765, 85, IASetIndexBuffer, 
6766, 85, DrawIndexedInstanced, 709
6767, 85, SetGraphicsRootConstantBufferView, 
6768, 85, SetGraphicsRoot32BitConstants, 
6769, 85, SetGraphicsRoot32BitConstants, 
6770, 85, SetGraphicsRootShaderResourceView, 
6771, 85, SetGraphicsRoot32BitConstants, 
6772, 85, SetGraphicsRoot32BitConstants, 
6773, 85, IASetVertexBuffers, 
6774, 85, IASetPrimitiveTopology, 
6775, 85, IASetIndexBuffer, 
6776, 85, DrawIndexedInstanced, 710
6777, 85, SetGraphicsRootConstantBufferView, 
6778, 85, SetGraphicsRoot32BitConstants, 
6779, 85, SetGraphicsRoot32BitConstants, 
6780, 85, SetGraphicsRootShaderResourceView, 
6781, 85, SetGraphicsRoot32BitConstants, 
6782, 85, SetGraphicsRoot32BitConstants, 
6783, 85, IASetVertexBuffers, 
6784, 85, IASetPrimitiveTopology, 
6785, 85, IASetIndexBuffer, 
6786, 85, DrawIndexedInstanced, 711
6787, 85, SetGraphicsRootConstantBufferView, 
6788, 85, SetGraphicsRoot32BitConstants, 
6789, 85, SetGraphicsRoot32BitConstants, 
6790, 85, SetGraphicsRootShaderResourceView, 
6791, 85, SetGraphicsRoot32BitConstants, 
6792, 85, SetGraphicsRoot32BitConstants, 
6793, 85, IASetVertexBuffers, 
6794, 85, IASetPrimitiveTopology, 
6795, 85, IASetIndexBuffer, 
6796, 85, DrawIndexedInstanced, 712
6797, 85, SetGraphicsRootConstantBufferView, 
6798, 85, SetGraphicsRoot32BitConstants, 
6799, 85, SetGraphicsRoot32BitConstants, 
6800, 85, SetGraphicsRootShaderResourceView, 
6801, 85, SetGraphicsRoot32BitConstants, 
6802, 85, SetGraphicsRoot32BitConstants, 
6803, 85, IASetVertexBuffers, 
6804, 85, IASetPrimitiveTopology, 
6805, 85, IASetIndexBuffer, 
6806, 85, DrawIndexedInstanced, 713
6807, 85, SetGraphicsRootConstantBufferView, 
6808, 85, SetGraphicsRoot32BitConstants, 
6809, 85, SetGraphicsRoot32BitConstants, 
6810, 85, SetGraphicsRootShaderResourceView, 
6811, 85, SetGraphicsRoot32BitConstants, 
6812, 85, SetGraphicsRoot32BitConstants, 
6813, 85, IASetVertexBuffers, 
6814, 85, IASetPrimitiveTopology, 
6815, 85, IASetIndexBuffer, 
6816, 85, DrawIndexedInstanced, 714
6817, 85, SetGraphicsRootConstantBufferView, 
6818, 85, SetGraphicsRoot32BitConstants, 
6819, 85, SetGraphicsRoot32BitConstants, 
6820, 85, SetGraphicsRootShaderResourceView, 
6821, 85, SetGraphicsRoot32BitConstants, 
6822, 85, SetGraphicsRoot32BitConstants, 
6823, 85, IASetVertexBuffers, 
6824, 85, IASetPrimitiveTopology, 
6825, 85, IASetIndexBuffer, 
6826, 85, DrawIndexedInstanced, 715
6827, 85, SetGraphicsRootConstantBufferView, 
6828, 85, SetGraphicsRoot32BitConstants, 
6829, 85, SetGraphicsRoot32BitConstants, 
6830, 85, SetGraphicsRootShaderResourceView, 
6831, 85, SetGraphicsRoot32BitConstants, 
6832, 85, SetGraphicsRoot32BitConstants, 
6833, 85, IASetVertexBuffers, 
6834, 85, IASetPrimitiveTopology, 
6835, 85, IASetIndexBuffer, 
6836, 85, DrawIndexedInstanced, 716
6837, 85, SetGraphicsRootConstantBufferView, 
6838, 85, SetGraphicsRoot32BitConstants, 
6839, 85, SetGraphicsRoot32BitConstants, 
6840, 85, SetGraphicsRootShaderResourceView, 
6841, 85, SetGraphicsRoot32BitConstants, 
6842, 85, SetGraphicsRoot32BitConstants, 
6843, 85, IASetVertexBuffers, 
6844, 85, IASetPrimitiveTopology, 
6845, 85, IASetIndexBuffer, 
6846, 85, DrawIndexedInstanced, 717
6847, 85, SetGraphicsRootConstantBufferView, 
6848, 85, SetGraphicsRoot32BitConstants, 
6849, 85, SetGraphicsRoot32BitConstants, 
6850, 85, SetGraphicsRootShaderResourceView, 
6851, 85, SetGraphicsRoot32BitConstants, 
6852, 85, SetGraphicsRoot32BitConstants, 
6853, 85, IASetVertexBuffers, 
6854, 85, IASetPrimitiveTopology, 
6855, 85, IASetIndexBuffer, 
6856, 85, DrawIndexedInstanced, 718
6857, 85, SetGraphicsRootConstantBufferView, 
6858, 85, SetGraphicsRoot32BitConstants, 
6859, 85, SetGraphicsRoot32BitConstants, 
6860, 85, SetGraphicsRootShaderResourceView, 
6861, 85, SetGraphicsRoot32BitConstants, 
6862, 85, SetGraphicsRoot32BitConstants, 
6863, 85, IASetVertexBuffers, 
6864, 85, IASetPrimitiveTopology, 
6865, 85, IASetIndexBuffer, 
6866, 85, DrawIndexedInstanced, 719
6867, 85, SetGraphicsRootSignature, 
6868, 85, SetPipelineState, 
6869, 85, SetGraphicsRootConstantBufferView, 
6870, 85, SetGraphicsRoot32BitConstants, 
6871, 85, SetGraphicsRoot32BitConstants, 
6872, 85, SetGraphicsRootShaderResourceView, 
6873, 85, IASetVertexBuffers, 
6874, 85, IASetPrimitiveTopology, 
6875, 85, IASetIndexBuffer, 
6876, 85, DrawIndexedInstanced, 720
6877, 85, SetGraphicsRootSignature, 
6878, 85, SetPipelineState, 
6879, 85, SetGraphicsRootConstantBufferView, 
6880, 85, SetGraphicsRoot32BitConstants, 
6881, 85, SetGraphicsRoot32BitConstants, 
6882, 85, SetGraphicsRootShaderResourceView, 
6883, 85, IASetVertexBuffers, 
6884, 85, IASetPrimitiveTopology, 
6885, 85, IASetIndexBuffer, 
6886, 85, DrawIndexedInstanced, 721
6887, 85, SetGraphicsRootSignature, 
6888, 85, SetPipelineState, 
6889, 85, SetGraphicsRootConstantBufferView, 
6890, 85, SetGraphicsRoot32BitConstants, 
6891, 85, SetGraphicsRoot32BitConstants, 
6892, 85, SetGraphicsRootShaderResourceView, 
6893, 85, IASetVertexBuffers, 
6894, 85, IASetPrimitiveTopology, 
6895, 85, IASetIndexBuffer, 
6896, 85, DrawIndexedInstanced, 722
6897, 85, SetGraphicsRootSignature, 
6898, 85, SetPipelineState, 
6899, 85, SetGraphicsRootConstantBufferView, 
6900, 85, SetGraphicsRoot32BitConstants, 
6901, 85, SetGraphicsRoot32BitConstants, 
6902, 85, SetGraphicsRootShaderResourceView, 
6903, 85, IASetVertexBuffers, 
6904, 85, IASetPrimitiveTopology, 
6905, 85, IASetIndexBuffer, 
6906, 85, DrawIndexedInstanced, 723
6907, 85, SetGraphicsRootSignature, 
6908, 85, SetPipelineState, 
6909, 85, SetGraphicsRootConstantBufferView, 
6910, 85, SetGraphicsRoot32BitConstants, 
6911, 85, SetGraphicsRoot32BitConstants, 
6912, 85, SetGraphicsRootShaderResourceView, 
6913, 85, IASetVertexBuffers, 
6914, 85, IASetPrimitiveTopology, 
6915, 85, IASetIndexBuffer, 
6916, 85, DrawIndexedInstanced, 724
6917, 85, SetGraphicsRootSignature, 
6918, 85, SetPipelineState, 
6919, 85, SetGraphicsRootConstantBufferView, 
6920, 85, SetGraphicsRoot32BitConstants, 
6921, 85, SetGraphicsRoot32BitConstants, 
6922, 85, SetGraphicsRootShaderResourceView, 
6923, 85, IASetVertexBuffers, 
6924, 85, IASetPrimitiveTopology, 
6925, 85, IASetIndexBuffer, 
6926, 85, DrawIndexedInstanced, 725
6927, 85, SetGraphicsRootSignature, 
6928, 85, SetPipelineState, 
6929, 85, SetGraphicsRootConstantBufferView, 
6930, 85, SetGraphicsRoot32BitConstants, 
6931, 85, SetGraphicsRoot32BitConstants, 
6932, 85, SetGraphicsRootShaderResourceView, 
6933, 85, IASetVertexBuffers, 
6934, 85, IASetPrimitiveTopology, 
6935, 85, IASetIndexBuffer, 
6936, 85, DrawIndexedInstanced, 726
6937, 85, SetGraphicsRootSignature, 
6938, 85, SetPipelineState, 
6939, 85, SetGraphicsRootConstantBufferView, 
6940, 85, SetGraphicsRoot32BitConstants, 
6941, 85, SetGraphicsRoot32BitConstants, 
6942, 85, SetGraphicsRootShaderResourceView, 
6943, 85, IASetVertexBuffers, 
6944, 85, IASetPrimitiveTopology, 
6945, 85, IASetIndexBuffer, 
6946, 85, DrawIndexedInstanced, 727
6947, 85, SetGraphicsRootSignature, 
6948, 85, SetPipelineState, 
6949, 85, SetGraphicsRootConstantBufferView, 
6950, 85, SetGraphicsRoot32BitConstants, 
6951, 85, SetGraphicsRoot32BitConstants, 
6952, 85, SetGraphicsRootShaderResourceView, 
6953, 85, IASetVertexBuffers, 
6954, 85, IASetPrimitiveTopology, 
6955, 85, IASetIndexBuffer, 
6956, 85, DrawIndexedInstanced, 728
6957, 85, SetGraphicsRootSignature, 
6958, 85, SetPipelineState, 
6959, 85, SetGraphicsRootConstantBufferView, 
6960, 85, SetGraphicsRoot32BitConstants, 
6961, 85, SetGraphicsRoot32BitConstants, 
6962, 85, SetGraphicsRootShaderResourceView, 
6963, 85, IASetVertexBuffers, 
6964, 85, IASetPrimitiveTopology, 
6965, 85, IASetIndexBuffer, 
6966, 85, DrawIndexedInstanced, 729
6967, 85, SetGraphicsRootSignature, 
6968, 85, SetPipelineState, 
6969, 85, SetGraphicsRootConstantBufferView, 
6970, 85, SetGraphicsRoot32BitConstants, 
6971, 85, SetGraphicsRoot32BitConstants, 
6972, 85, SetGraphicsRootShaderResourceView, 
6973, 85, IASetVertexBuffers, 
6974, 85, IASetPrimitiveTopology, 
6975, 85, IASetIndexBuffer, 
6976, 85, DrawIndexedInstanced, 730
6977, 85, SetGraphicsRootSignature, 
6978, 85, SetPipelineState, 
6979, 85, SetGraphicsRootConstantBufferView, 
6980, 85, SetGraphicsRoot32BitConstants, 
6981, 85, SetGraphicsRoot32BitConstants, 
6982, 85, SetGraphicsRootShaderResourceView, 
6983, 85, IASetVertexBuffers, 
6984, 85, IASetPrimitiveTopology, 
6985, 85, IASetIndexBuffer, 
6986, 85, DrawIndexedInstanced, 731
6987, 85, SetGraphicsRootSignature, 
6988, 85, SetPipelineState, 
6989, 85, SetGraphicsRootConstantBufferView, 
6990, 85, SetGraphicsRoot32BitConstants, 
6991, 85, SetGraphicsRoot32BitConstants, 
6992, 85, SetGraphicsRootShaderResourceView, 
6993, 85, IASetVertexBuffers, 
6994, 85, IASetPrimitiveTopology, 
6995, 85, IASetIndexBuffer, 
6996, 85, DrawIndexedInstanced, 732
6997, 85, SetGraphicsRootSignature, 
6998, 85, SetPipelineState, 
6999, 85, SetGraphicsRootConstantBufferView, 
7000, 85, SetGraphicsRoot32BitConstants, 
7001, 85, SetGraphicsRoot32BitConstants, 
7002, 85, SetGraphicsRootShaderResourceView, 
7003, 85, IASetVertexBuffers, 
7004, 85, IASetPrimitiveTopology, 
7005, 85, IASetIndexBuffer, 
7006, 85, DrawIndexedInstanced, 733
7007, 85, SetGraphicsRootSignature, 
7008, 85, SetPipelineState, 
7009, 85, SetGraphicsRootConstantBufferView, 
7010, 85, SetGraphicsRoot32BitConstants, 
7011, 85, SetGraphicsRoot32BitConstants, 
7012, 85, SetGraphicsRootShaderResourceView, 
7013, 85, IASetVertexBuffers, 
7014, 85, IASetPrimitiveTopology, 
7015, 85, IASetIndexBuffer, 
7016, 85, DrawIndexedInstanced, 734
7017, 85, SetGraphicsRootSignature, 
7018, 85, SetPipelineState, 
7019, 85, SetGraphicsRootConstantBufferView, 
7020, 85, SetGraphicsRoot32BitConstants, 
7021, 85, SetGraphicsRoot32BitConstants, 
7022, 85, SetGraphicsRootShaderResourceView, 
7023, 85, IASetVertexBuffers, 
7024, 85, IASetPrimitiveTopology, 
7025, 85, IASetIndexBuffer, 
7026, 85, DrawIndexedInstanced, 735
7027, 85, SetGraphicsRootSignature, 
7028, 85, SetPipelineState, 
7029, 85, SetGraphicsRootConstantBufferView, 
7030, 85, SetGraphicsRoot32BitConstants, 
7031, 85, SetGraphicsRoot32BitConstants, 
7032, 85, SetGraphicsRootShaderResourceView, 
7033, 85, IASetVertexBuffers, 
7034, 85, IASetPrimitiveTopology, 
7035, 85, IASetIndexBuffer, 
7036, 85, DrawIndexedInstanced, 736
7037, 85, SetGraphicsRootSignature, 
7038, 85, SetPipelineState, 
7039, 85, SetGraphicsRootConstantBufferView, 
7040, 85, SetGraphicsRoot32BitConstants, 
7041, 85, SetGraphicsRoot32BitConstants, 
7042, 85, SetGraphicsRootShaderResourceView, 
7043, 85, IASetVertexBuffers, 
7044, 85, IASetPrimitiveTopology, 
7045, 85, DrawInstanced, 737
7046, 85, SetGraphicsRootSignature, 
7047, 85, SetPipelineState, 
7048, 85, SetDescriptorHeaps, 
7049, 85, SetGraphicsRootDescriptorTable, 
7050, 85, SetGraphicsRootConstantBufferView, 
7051, 85, SetGraphicsRoot32BitConstants, 
7052, 85, SetGraphicsRoot32BitConstants, 
7053, 85, SetGraphicsRootShaderResourceView, 
7054, 85, IASetVertexBuffers, 
7055, 85, IASetPrimitiveTopology, 
7056, 85, IASetIndexBuffer, 
7057, 85, DrawIndexedInstanced, 738
7058, 85, SetGraphicsRootSignature, 
7059, 85, SetPipelineState, 
7060, 85, SetGraphicsRootConstantBufferView, 
7061, 85, SetGraphicsRoot32BitConstants, 
7062, 85, SetGraphicsRoot32BitConstants, 
7063, 85, SetGraphicsRootShaderResourceView, 
7064, 85, IASetVertexBuffers, 
7065, 85, IASetPrimitiveTopology, 
7066, 85, IASetIndexBuffer, 
7067, 85, DrawIndexedInstanced, 739
7068, 85, SetGraphicsRootSignature, 
7069, 85, SetPipelineState, 
7070, 85, SetGraphicsRootConstantBufferView, 
7071, 85, SetGraphicsRoot32BitConstants, 
7072, 85, SetGraphicsRoot32BitConstants, 
7073, 85, SetGraphicsRootShaderResourceView, 
7074, 85, IASetVertexBuffers, 
7075, 85, IASetPrimitiveTopology, 
7076, 85, IASetIndexBuffer, 
7077, 85, DrawIndexedInstanced, 740
7078, 85, SetGraphicsRootSignature, 
7079, 85, SetPipelineState, 
7080, 85, SetGraphicsRootConstantBufferView, 
7081, 85, SetGraphicsRoot32BitConstants, 
7082, 85, SetGraphicsRoot32BitConstants, 
7083, 85, SetGraphicsRootShaderResourceView, 
7084, 85, IASetVertexBuffers, 
7085, 85, IASetPrimitiveTopology, 
7086, 85, IASetIndexBuffer, 
7087, 85, DrawIndexedInstanced, 741
7088, 85, SetGraphicsRootSignature, 
7089, 85, SetPipelineState, 
7090, 85, SetGraphicsRootConstantBufferView, 
7091, 85, SetGraphicsRoot32BitConstants, 
7092, 85, SetGraphicsRoot32BitConstants, 
7093, 85, SetGraphicsRootShaderResourceView, 
7094, 85, IASetVertexBuffers, 
7095, 85, IASetPrimitiveTopology, 
7096, 85, IASetIndexBuffer, 
7097, 85, DrawIndexedInstanced, 742
7098, 85, SetGraphicsRootSignature, 
7099, 85, SetPipelineState, 
7100, 85, SetGraphicsRootConstantBufferView, 
7101, 85, SetGraphicsRoot32BitConstants, 
7102, 85, SetGraphicsRoot32BitConstants, 
7103, 85, SetGraphicsRootShaderResourceView, 
7104, 85, IASetVertexBuffers, 
7105, 85, IASetPrimitiveTopology, 
7106, 85, IASetIndexBuffer, 
7107, 85, DrawIndexedInstanced, 743
7108, 85, SetGraphicsRootSignature, 
7109, 85, SetPipelineState, 
7110, 85, SetGraphicsRootConstantBufferView, 
7111, 85, SetGraphicsRoot32BitConstants, 
7112, 85, SetGraphicsRoot32BitConstants, 
7113, 85, SetGraphicsRootShaderResourceView, 
7114, 85, IASetVertexBuffers, 
7115, 85, IASetPrimitiveTopology, 
7116, 85, IASetIndexBuffer, 
7117, 85, DrawIndexedInstanced, 744
7118, 85, SetGraphicsRootSignature, 
7119, 85, SetPipelineState, 
7120, 85, SetGraphicsRootConstantBufferView, 
7121, 85, SetGraphicsRoot32BitConstants, 
7122, 85, SetGraphicsRoot32BitConstants, 
7123, 85, SetGraphicsRootShaderResourceView, 
7124, 85, IASetVertexBuffers, 
7125, 85, IASetPrimitiveTopology, 
7126, 85, IASetIndexBuffer, 
7127, 85, DrawIndexedInstanced, 745
7128, 85, SetGraphicsRootSignature, 
7129, 85, SetPipelineState, 
7130, 85, SetGraphicsRootConstantBufferView, 
7131, 85, SetGraphicsRoot32BitConstants, 
7132, 85, SetGraphicsRoot32BitConstants, 
7133, 85, SetGraphicsRootShaderResourceView, 
7134, 85, IASetVertexBuffers, 
7135, 85, IASetPrimitiveTopology, 
7136, 85, IASetIndexBuffer, 
7137, 85, DrawIndexedInstanced, 746
7138, 85, SetGraphicsRootSignature, 
7139, 85, SetPipelineState, 
7140, 85, SetGraphicsRootConstantBufferView, 
7141, 85, SetGraphicsRoot32BitConstants, 
7142, 85, SetGraphicsRoot32BitConstants, 
7143, 85, SetGraphicsRootShaderResourceView, 
7144, 85, IASetVertexBuffers, 
7145, 85, IASetPrimitiveTopology, 
7146, 85, IASetIndexBuffer, 
7147, 85, DrawIndexedInstanced, 747
7148, 85, SetGraphicsRootSignature, 
7149, 85, SetPipelineState, 
7150, 85, SetGraphicsRootConstantBufferView, 
7151, 85, SetGraphicsRoot32BitConstants, 
7152, 85, SetGraphicsRoot32BitConstants, 
7153, 85, SetGraphicsRootShaderResourceView, 
7154, 85, IASetVertexBuffers, 
7155, 85, IASetPrimitiveTopology, 
7156, 85, IASetIndexBuffer, 
7157, 85, DrawIndexedInstanced, 748
7158, 85, SetGraphicsRootSignature, 
7159, 85, SetPipelineState, 
7160, 85, SetGraphicsRootConstantBufferView, 
7161, 85, SetGraphicsRoot32BitConstants, 
7162, 85, SetGraphicsRoot32BitConstants, 
7163, 85, SetGraphicsRootShaderResourceView, 
7164, 85, IASetVertexBuffers, 
7165, 85, IASetPrimitiveTopology, 
7166, 85, IASetIndexBuffer, 
7167, 85, DrawIndexedInstanced, 749
7168, 85, SetGraphicsRootSignature, 
7169, 85, SetPipelineState, 
7170, 85, SetGraphicsRootConstantBufferView, 
7171, 85, SetGraphicsRoot32BitConstants, 
7172, 85, SetGraphicsRoot32BitConstants, 
7173, 85, SetGraphicsRootShaderResourceView, 
7174, 85, IASetVertexBuffers, 
7175, 85, IASetPrimitiveTopology, 
7176, 85, IASetIndexBuffer, 
7177, 85, DrawIndexedInstanced, 750
7178, 85, SetGraphicsRootSignature, 
7179, 85, SetPipelineState, 
7180, 85, SetGraphicsRootConstantBufferView, 
7181, 85, SetGraphicsRoot32BitConstants, 
7182, 85, SetGraphicsRoot32BitConstants, 
7183, 85, SetGraphicsRootShaderResourceView, 
7184, 85, IASetVertexBuffers, 
7185, 85, IASetPrimitiveTopology, 
7186, 85, IASetIndexBuffer, 
7187, 85, DrawIndexedInstanced, 751
7188, 85, SetGraphicsRootSignature, 
7189, 85, SetPipelineState, 
7190, 85, SetGraphicsRootConstantBufferView, 
7191, 85, SetGraphicsRoot32BitConstants, 
7192, 85, SetGraphicsRoot32BitConstants, 
7193, 85, SetGraphicsRootShaderResourceView, 
7194, 85, IASetVertexBuffers, 
7195, 85, IASetPrimitiveTopology, 
7196, 85, IASetIndexBuffer, 
7197, 85, DrawIndexedInstanced, 752
7198, 85, SetGraphicsRootSignature, 
7199, 85, SetPipelineState, 
7200, 85, SetGraphicsRootConstantBufferView, 
7201, 85, SetGraphicsRoot32BitConstants, 
7202, 85, SetGraphicsRoot32BitConstants, 
7203, 85, SetGraphicsRootShaderResourceView, 
7204, 85, IASetVertexBuffers, 
7205, 85, IASetPrimitiveTopology, 
7206, 85, IASetIndexBuffer, 
7207, 85, DrawIndexedInstanced, 753
7208, 85, SetGraphicsRootSignature, 
7209, 85, SetPipelineState, 
7210, 85, SetGraphicsRootConstantBufferView, 
7211, 85, SetGraphicsRoot32BitConstants, 
7212, 85, SetGraphicsRoot32BitConstants, 
7213, 85, SetGraphicsRootShaderResourceView, 
7214, 85, IASetVertexBuffers, 
7215, 85, IASetPrimitiveTopology, 
7216, 85, IASetIndexBuffer, 
7217, 85, DrawIndexedInstanced, 754
7218, 85, SetGraphicsRootSignature, 
7219, 85, SetPipelineState, 
7220, 85, SetGraphicsRootConstantBufferView, 
7221, 85, SetGraphicsRoot32BitConstants, 
7222, 85, SetGraphicsRoot32BitConstants, 
7223, 85, SetGraphicsRootShaderResourceView, 
7224, 85, IASetVertexBuffers, 
7225, 85, IASetPrimitiveTopology, 
7226, 85, IASetIndexBuffer, 
7227, 85, DrawIndexedInstanced, 755
7228, 85, SetGraphicsRootSignature, 
7229, 85, SetPipelineState, 
7230, 85, SetGraphicsRootConstantBufferView, 
7231, 85, SetGraphicsRoot32BitConstants, 
7232, 85, SetGraphicsRoot32BitConstants, 
7233, 85, SetGraphicsRootShaderResourceView, 
7234, 85, IASetVertexBuffers, 
7235, 85, IASetPrimitiveTopology, 
7236, 85, DrawInstanced, 756
7237, 85, SetGraphicsRootSignature, 
7238, 85, SetPipelineState, 
7239, 85, SetDescriptorHeaps, 
7240, 85, SetGraphicsRootDescriptorTable, 
7241, 85, SetGraphicsRootConstantBufferView, 
7242, 85, SetGraphicsRoot32BitConstants, 
7243, 85, SetGraphicsRoot32BitConstants, 
7244, 85, SetGraphicsRootShaderResourceView, 
7245, 85, IASetVertexBuffers, 
7246, 85, IASetPrimitiveTopology, 
7247, 85, IASetIndexBuffer, 
7248, 85, DrawIndexedInstanced, 757
7249, 85, SetGraphicsRootSignature, 
7250, 85, SetPipelineState, 
7251, 85, SetGraphicsRootConstantBufferView, 
7252, 85, SetGraphicsRoot32BitConstants, 
7253, 85, SetGraphicsRoot32BitConstants, 
7254, 85, SetGraphicsRootShaderResourceView, 
7255, 85, IASetVertexBuffers, 
7256, 85, IASetPrimitiveTopology, 
7257, 85, IASetIndexBuffer, 
7258, 85, DrawIndexedInstanced, 758
7259, 85, SetGraphicsRootSignature, 
7260, 85, SetPipelineState, 
7261, 85, SetGraphicsRootConstantBufferView, 
7262, 85, SetGraphicsRoot32BitConstants, 
7263, 85, SetGraphicsRoot32BitConstants, 
7264, 85, SetGraphicsRootShaderResourceView, 
7265, 85, IASetVertexBuffers, 
7266, 85, IASetPrimitiveTopology, 
7267, 85, IASetIndexBuffer, 
7268, 85, DrawIndexedInstanced, 759
7269, 85, SetGraphicsRootSignature, 
7270, 85, SetPipelineState, 
7271, 85, SetGraphicsRootConstantBufferView, 
7272, 85, SetGraphicsRoot32BitConstants, 
7273, 85, SetGraphicsRoot32BitConstants, 
7274, 85, SetGraphicsRootShaderResourceView, 
7275, 85, IASetVertexBuffers, 
7276, 85, IASetPrimitiveTopology, 
7277, 85, IASetIndexBuffer, 
7278, 85, DrawIndexedInstanced, 760
7279, 85, SetGraphicsRootSignature, 
7280, 85, SetPipelineState, 
7281, 85, SetGraphicsRootConstantBufferView, 
7282, 85, SetGraphicsRoot32BitConstants, 
7283, 85, SetGraphicsRoot32BitConstants, 
7284, 85, SetGraphicsRootShaderResourceView, 
7285, 85, IASetVertexBuffers, 
7286, 85, IASetPrimitiveTopology, 
7287, 85, IASetIndexBuffer, 
7288, 85, DrawIndexedInstanced, 761
7289, 85, SetGraphicsRootSignature, 
7290, 85, SetPipelineState, 
7291, 85, SetGraphicsRootConstantBufferView, 
7292, 85, SetGraphicsRoot32BitConstants, 
7293, 85, SetGraphicsRoot32BitConstants, 
7294, 85, SetGraphicsRootShaderResourceView, 
7295, 85, IASetVertexBuffers, 
7296, 85, IASetPrimitiveTopology, 
7297, 85, IASetIndexBuffer, 
7298, 85, DrawIndexedInstanced, 762
7299, 85, SetGraphicsRootSignature, 
7300, 85, SetPipelineState, 
7301, 85, SetGraphicsRootConstantBufferView, 
7302, 85, SetGraphicsRoot32BitConstants, 
7303, 85, SetGraphicsRoot32BitConstants, 
7304, 85, SetGraphicsRootShaderResourceView, 
7305, 85, IASetVertexBuffers, 
7306, 85, IASetPrimitiveTopology, 
7307, 85, IASetIndexBuffer, 
7308, 85, DrawIndexedInstanced, 763
7309, 85, SetGraphicsRootSignature, 
7310, 85, SetPipelineState, 
7311, 85, SetGraphicsRootConstantBufferView, 
7312, 85, SetGraphicsRoot32BitConstants, 
7313, 85, SetGraphicsRoot32BitConstants, 
7314, 85, SetGraphicsRootShaderResourceView, 
7315, 85, IASetVertexBuffers, 
7316, 85, IASetPrimitiveTopology, 
7317, 85, IASetIndexBuffer, 
7318, 85, DrawIndexedInstanced, 764
7319, 85, SetGraphicsRootSignature, 
7320, 85, SetPipelineState, 
7321, 85, SetGraphicsRootConstantBufferView, 
7322, 85, SetGraphicsRoot32BitConstants, 
7323, 85, SetGraphicsRoot32BitConstants, 
7324, 85, SetGraphicsRootShaderResourceView, 
7325, 85, IASetVertexBuffers, 
7326, 85, IASetPrimitiveTopology, 
7327, 85, IASetIndexBuffer, 
7328, 85, DrawIndexedInstanced, 765
7329, 85, SetGraphicsRootSignature, 
7330, 85, SetPipelineState, 
7331, 85, SetGraphicsRootConstantBufferView, 
7332, 85, SetGraphicsRoot32BitConstants, 
7333, 85, SetGraphicsRoot32BitConstants, 
7334, 85, SetGraphicsRootShaderResourceView, 
7335, 85, IASetVertexBuffers, 
7336, 85, IASetPrimitiveTopology, 
7337, 85, IASetIndexBuffer, 
7338, 85, DrawIndexedInstanced, 766
7339, 85, SetGraphicsRootSignature, 
7340, 85, SetPipelineState, 
7341, 85, SetGraphicsRootConstantBufferView, 
7342, 85, SetGraphicsRoot32BitConstants, 
7343, 85, SetGraphicsRoot32BitConstants, 
7344, 85, SetGraphicsRootShaderResourceView, 
7345, 85, IASetVertexBuffers, 
7346, 85, IASetPrimitiveTopology, 
7347, 85, IASetIndexBuffer, 
7348, 85, DrawIndexedInstanced, 767
7349, 85, SetGraphicsRootSignature, 
7350, 85, SetPipelineState, 
7351, 85, SetGraphicsRootConstantBufferView, 
7352, 85, SetGraphicsRoot32BitConstants, 
7353, 85, SetGraphicsRoot32BitConstants, 
7354, 85, SetGraphicsRootShaderResourceView, 
7355, 85, IASetVertexBuffers, 
7356, 85, IASetPrimitiveTopology, 
7357, 85, IASetIndexBuffer, 
7358, 85, DrawIndexedInstanced, 768
7359, 85, SetGraphicsRootSignature, 
7360, 85, SetPipelineState, 
7361, 85, SetGraphicsRootConstantBufferView, 
7362, 85, SetGraphicsRoot32BitConstants, 
7363, 85, SetGraphicsRoot32BitConstants, 
7364, 85, SetGraphicsRootShaderResourceView, 
7365, 85, IASetVertexBuffers, 
7366, 85, IASetPrimitiveTopology, 
7367, 85, IASetIndexBuffer, 
7368, 85, DrawIndexedInstanced, 769
7369, 85, SetGraphicsRootSignature, 
7370, 85, SetPipelineState, 
7371, 85, SetGraphicsRootConstantBufferView, 
7372, 85, SetGraphicsRoot32BitConstants, 
7373, 85, SetGraphicsRoot32BitConstants, 
7374, 85, SetGraphicsRootShaderResourceView, 
7375, 85, IASetVertexBuffers, 
7376, 85, IASetPrimitiveTopology, 
7377, 85, IASetIndexBuffer, 
7378, 85, DrawIndexedInstanced, 770
7379, 85, SetGraphicsRootSignature, 
7380, 85, SetPipelineState, 
7381, 85, SetGraphicsRootConstantBufferView, 
7382, 85, SetGraphicsRoot32BitConstants, 
7383, 85, SetGraphicsRoot32BitConstants, 
7384, 85, SetGraphicsRootShaderResourceView, 
7385, 85, IASetVertexBuffers, 
7386, 85, IASetPrimitiveTopology, 
7387, 85, IASetIndexBuffer, 
7388, 85, DrawIndexedInstanced, 771
7389, 85, SetGraphicsRootSignature, 
7390, 85, SetPipelineState, 
7391, 85, SetGraphicsRootConstantBufferView, 
7392, 85, SetGraphicsRoot32BitConstants, 
7393, 85, SetGraphicsRoot32BitConstants, 
7394, 85, SetGraphicsRootShaderResourceView, 
7395, 85, IASetVertexBuffers, 
7396, 85, IASetPrimitiveTopology, 
7397, 85, IASetIndexBuffer, 
7398, 85, DrawIndexedInstanced, 772
7399, 85, SetGraphicsRootSignature, 
7400, 85, SetPipelineState, 
7401, 85, SetGraphicsRootConstantBufferView, 
7402, 85, SetGraphicsRoot32BitConstants, 
7403, 85, SetGraphicsRoot32BitConstants, 
7404, 85, SetGraphicsRootShaderResourceView, 
7405, 85, IASetVertexBuffers, 
7406, 85, IASetPrimitiveTopology, 
7407, 85, IASetIndexBuffer, 
7408, 85, DrawIndexedInstanced, 773
7409, 85, SetGraphicsRootSignature, 
7410, 85, SetPipelineState, 
7411, 85, SetGraphicsRootConstantBufferView, 
7412, 85, SetGraphicsRoot32BitConstants, 
7413, 85, SetGraphicsRoot32BitConstants, 
7414, 85, SetGraphicsRootShaderResourceView, 
7415, 85, IASetVertexBuffers, 
7416, 85, IASetPrimitiveTopology, 
7417, 85, IASetIndexBuffer, 
7418, 85, DrawIndexedInstanced, 774
7419, 85, SetGraphicsRootSignature, 
7420, 85, SetPipelineState, 
7421, 85, SetGraphicsRootConstantBufferView, 
7422, 85, SetGraphicsRoot32BitConstants, 
7423, 85, SetGraphicsRoot32BitConstants, 
7424, 85, SetGraphicsRootShaderResourceView, 
7425, 85, IASetVertexBuffers, 
7426, 85, IASetPrimitiveTopology, 
7427, 85, IASetIndexBuffer, 
7428, 85, DrawIndexedInstanced, 775
7429, 85, SetGraphicsRootSignature, 
7430, 85, SetPipelineState, 
7431, 85, SetGraphicsRootConstantBufferView, 
7432, 85, SetGraphicsRoot32BitConstants, 
7433, 85, SetGraphicsRoot32BitConstants, 
7434, 85, SetGraphicsRootShaderResourceView, 
7435, 85, IASetVertexBuffers, 
7436, 85, IASetPrimitiveTopology, 
7437, 85, IASetIndexBuffer, 
7438, 85, DrawIndexedInstanced, 776
7439, 85, SetGraphicsRootSignature, 
7440, 85, SetPipelineState, 
7441, 85, SetGraphicsRootConstantBufferView, 
7442, 85, SetGraphicsRoot32BitConstants, 
7443, 85, SetGraphicsRoot32BitConstants, 
7444, 85, SetGraphicsRootShaderResourceView, 
7445, 85, IASetVertexBuffers, 
7446, 85, IASetPrimitiveTopology, 
7447, 85, DrawInstanced, 777
7448, 85, SetGraphicsRootSignature, 
7449, 85, SetPipelineState, 
7450, 85, SetDescriptorHeaps, 
7451, 85, SetGraphicsRootDescriptorTable, 
7452, 85, SetGraphicsRootConstantBufferView, 
7453, 85, SetGraphicsRoot32BitConstants, 
7454, 85, SetGraphicsRoot32BitConstants, 
7455, 85, SetGraphicsRootShaderResourceView, 
7456, 85, IASetVertexBuffers, 
7457, 85, IASetPrimitiveTopology, 
7458, 85, IASetIndexBuffer, 
7459, 85, DrawIndexedInstanced, 778
7460, 85, SetGraphicsRootSignature, 
7461, 85, SetPipelineState, 
7462, 85, SetGraphicsRootConstantBufferView, 
7463, 85, SetGraphicsRoot32BitConstants, 
7464, 85, SetGraphicsRoot32BitConstants, 
7465, 85, SetGraphicsRootShaderResourceView, 
7466, 85, IASetVertexBuffers, 
7467, 85, IASetPrimitiveTopology, 
7468, 85, IASetIndexBuffer, 
7469, 85, DrawIndexedInstanced, 779
7470, 85, SetGraphicsRootSignature, 
7471, 85, SetPipelineState, 
7472, 85, SetGraphicsRootConstantBufferView, 
7473, 85, SetGraphicsRoot32BitConstants, 
7474, 85, SetGraphicsRoot32BitConstants, 
7475, 85, SetGraphicsRootShaderResourceView, 
7476, 85, IASetVertexBuffers, 
7477, 85, IASetPrimitiveTopology, 
7478, 85, IASetIndexBuffer, 
7479, 85, DrawIndexedInstanced, 780
7480, 85, SetGraphicsRootSignature, 
7481, 85, SetPipelineState, 
7482, 85, SetGraphicsRootConstantBufferView, 
7483, 85, SetGraphicsRoot32BitConstants, 
7484, 85, SetGraphicsRoot32BitConstants, 
7485, 85, SetGraphicsRootShaderResourceView, 
7486, 85, IASetVertexBuffers, 
7487, 85, IASetPrimitiveTopology, 
7488, 85, IASetIndexBuffer, 
7489, 85, DrawIndexedInstanced, 781
7490, 85, SetGraphicsRootSignature, 
7491, 85, SetPipelineState, 
7492, 85, SetGraphicsRootConstantBufferView, 
7493, 85, SetGraphicsRoot32BitConstants, 
7494, 85, SetGraphicsRoot32BitConstants, 
7495, 85, SetGraphicsRootShaderResourceView, 
7496, 85, IASetVertexBuffers, 
7497, 85, IASetPrimitiveTopology, 
7498, 85, IASetIndexBuffer, 
7499, 85, DrawIndexedInstanced, 782
7500, 85, SetGraphicsRootSignature, 
7501, 85, SetPipelineState, 
7502, 85, SetGraphicsRootConstantBufferView, 
7503, 85, SetGraphicsRoot32BitConstants, 
7504, 85, SetGraphicsRoot32BitConstants, 
7505, 85, SetGraphicsRootShaderResourceView, 
7506, 85, IASetVertexBuffers, 
7507, 85, IASetPrimitiveTopology, 
7508, 85, IASetIndexBuffer, 
7509, 85, DrawIndexedInstanced, 783
7510, 85, SetGraphicsRootSignature, 
7511, 85, SetPipelineState, 
7512, 85, SetGraphicsRootConstantBufferView, 
7513, 85, SetGraphicsRoot32BitConstants, 
7514, 85, SetGraphicsRoot32BitConstants, 
7515, 85, SetGraphicsRootShaderResourceView, 
7516, 85, IASetVertexBuffers, 
7517, 85, IASetPrimitiveTopology, 
7518, 85, IASetIndexBuffer, 
7519, 85, DrawIndexedInstanced, 784
7520, 85, SetGraphicsRootSignature, 
7521, 85, SetPipelineState, 
7522, 85, SetGraphicsRootConstantBufferView, 
7523, 85, SetGraphicsRoot32BitConstants, 
7524, 85, SetGraphicsRoot32BitConstants, 
7525, 85, SetGraphicsRootShaderResourceView, 
7526, 85, IASetVertexBuffers, 
7527, 85, IASetPrimitiveTopology, 
7528, 85, IASetIndexBuffer, 
7529, 85, DrawIndexedInstanced, 785
7530, 85, SetGraphicsRootSignature, 
7531, 85, SetPipelineState, 
7532, 85, SetGraphicsRootConstantBufferView, 
7533, 85, SetGraphicsRoot32BitConstants, 
7534, 85, SetGraphicsRoot32BitConstants, 
7535, 85, SetGraphicsRootShaderResourceView, 
7536, 85, IASetVertexBuffers, 
7537, 85, IASetPrimitiveTopology, 
7538, 85, IASetIndexBuffer, 
7539, 85, DrawIndexedInstanced, 786
7540, 85, SetGraphicsRootSignature, 
7541, 85, SetPipelineState, 
7542, 85, SetGraphicsRootConstantBufferView, 
7543, 85, SetGraphicsRoot32BitConstants, 
7544, 85, SetGraphicsRoot32BitConstants, 
7545, 85, SetGraphicsRootShaderResourceView, 
7546, 85, IASetVertexBuffers, 
7547, 85, IASetPrimitiveTopology, 
7548, 85, IASetIndexBuffer, 
7549, 85, DrawIndexedInstanced, 787
7550, 85, SetGraphicsRootSignature, 
7551, 85, SetPipelineState, 
7552, 85, SetGraphicsRootConstantBufferView, 
7553, 85, SetGraphicsRoot32BitConstants, 
7554, 85, SetGraphicsRoot32BitConstants, 
7555, 85, SetGraphicsRootShaderResourceView, 
7556, 85, IASetVertexBuffers, 
7557, 85, IASetPrimitiveTopology, 
7558, 85, IASetIndexBuffer, 
7559, 85, DrawIndexedInstanced, 788
7560, 85, SetGraphicsRootSignature, 
7561, 85, SetPipelineState, 
7562, 85, SetGraphicsRootConstantBufferView, 
7563, 85, SetGraphicsRoot32BitConstants, 
7564, 85, SetGraphicsRoot32BitConstants, 
7565, 85, SetGraphicsRootShaderResourceView, 
7566, 85, IASetVertexBuffers, 
7567, 85, IASetPrimitiveTopology, 
7568, 85, IASetIndexBuffer, 
7569, 85, DrawIndexedInstanced, 789
7570, 85, SetGraphicsRootSignature, 
7571, 85, SetPipelineState, 
7572, 85, SetGraphicsRootConstantBufferView, 
7573, 85, SetGraphicsRoot32BitConstants, 
7574, 85, SetGraphicsRoot32BitConstants, 
7575, 85, SetGraphicsRootShaderResourceView, 
7576, 85, IASetVertexBuffers, 
7577, 85, IASetPrimitiveTopology, 
7578, 85, IASetIndexBuffer, 
7579, 85, DrawIndexedInstanced, 790
7580, 85, SetGraphicsRootSignature, 
7581, 85, SetPipelineState, 
7582, 85, SetGraphicsRootConstantBufferView, 
7583, 85, SetGraphicsRoot32BitConstants, 
7584, 85, SetGraphicsRoot32BitConstants, 
7585, 85, SetGraphicsRootShaderResourceView, 
7586, 85, IASetVertexBuffers, 
7587, 85, IASetPrimitiveTopology, 
7588, 85, IASetIndexBuffer, 
7589, 85, DrawIndexedInstanced, 791
7590, 85, SetGraphicsRootSignature, 
7591, 85, SetPipelineState, 
7592, 85, SetGraphicsRootConstantBufferView, 
7593, 85, SetGraphicsRoot32BitConstants, 
7594, 85, SetGraphicsRoot32BitConstants, 
7595, 85, SetGraphicsRootShaderResourceView, 
7596, 85, IASetVertexBuffers, 
7597, 85, IASetPrimitiveTopology, 
7598, 85, IASetIndexBuffer, 
7599, 85, DrawIndexedInstanced, 792
7600, 85, SetGraphicsRootSignature, 
7601, 85, SetPipelineState, 
7602, 85, SetGraphicsRootConstantBufferView, 
7603, 85, SetGraphicsRoot32BitConstants, 
7604, 85, SetGraphicsRoot32BitConstants, 
7605, 85, SetGraphicsRootShaderResourceView, 
7606, 85, IASetVertexBuffers, 
7607, 85, IASetPrimitiveTopology, 
7608, 85, IASetIndexBuffer, 
7609, 85, DrawIndexedInstanced, 793
7610, 85, SetGraphicsRootSignature, 
7611, 85, SetPipelineState, 
7612, 85, SetGraphicsRootConstantBufferView, 
7613, 85, SetGraphicsRoot32BitConstants, 
7614, 85, SetGraphicsRoot32BitConstants, 
7615, 85, SetGraphicsRootShaderResourceView, 
7616, 85, IASetVertexBuffers, 
7617, 85, IASetPrimitiveTopology, 
7618, 85, IASetIndexBuffer, 
7619, 85, DrawIndexedInstanced, 794
7620, 85, SetGraphicsRootSignature, 
7621, 85, SetPipelineState, 
7622, 85, SetGraphicsRootConstantBufferView, 
7623, 85, SetGraphicsRoot32BitConstants, 
7624, 85, SetGraphicsRoot32BitConstants, 
7625, 85, SetGraphicsRootShaderResourceView, 
7626, 85, IASetVertexBuffers, 
7627, 85, IASetPrimitiveTopology, 
7628, 85, IASetIndexBuffer, 
7629, 85, DrawIndexedInstanced, 795
7630, 85, SetGraphicsRootSignature, 
7631, 85, SetPipelineState, 
7632, 85, SetGraphicsRootConstantBufferView, 
7633, 85, SetGraphicsRoot32BitConstants, 
7634, 85, SetGraphicsRoot32BitConstants, 
7635, 85, SetGraphicsRootShaderResourceView, 
7636, 85, IASetVertexBuffers, 
7637, 85, IASetPrimitiveTopology, 
7638, 85, DrawInstanced, 796
7639, 85, SetGraphicsRootSignature, 
7640, 85, SetPipelineState, 
7641, 85, SetDescriptorHeaps, 
7642, 85, SetGraphicsRootDescriptorTable, 
7643, 85, SetGraphicsRootConstantBufferView, 
7644, 85, SetGraphicsRoot32BitConstants, 
7645, 85, SetGraphicsRoot32BitConstants, 
7646, 85, SetGraphicsRootShaderResourceView, 
7647, 85, IASetVertexBuffers, 
7648, 85, IASetPrimitiveTopology, 
7649, 85, IASetIndexBuffer, 
7650, 85, DrawIndexedInstanced, 797
7651, 85, SetGraphicsRootSignature, 
7652, 85, SetPipelineState, 
7653, 85, SetGraphicsRootConstantBufferView, 
7654, 85, SetGraphicsRoot32BitConstants, 
7655, 85, SetGraphicsRoot32BitConstants, 
7656, 85, SetGraphicsRootShaderResourceView, 
7657, 85, IASetVertexBuffers, 
7658, 85, IASetPrimitiveTopology, 
7659, 85, IASetIndexBuffer, 
7660, 85, DrawIndexedInstanced, 798
7661, 85, SetGraphicsRootSignature, 
7662, 85, SetPipelineState, 
7663, 85, SetGraphicsRootConstantBufferView, 
7664, 85, SetGraphicsRoot32BitConstants, 
7665, 85, SetGraphicsRoot32BitConstants, 
7666, 85, SetGraphicsRootShaderResourceView, 
7667, 85, IASetVertexBuffers, 
7668, 85, IASetPrimitiveTopology, 
7669, 85, IASetIndexBuffer, 
7670, 85, DrawIndexedInstanced, 799
7671, 85, SetGraphicsRootSignature, 
7672, 85, SetPipelineState, 
7673, 85, SetGraphicsRootConstantBufferView, 
7674, 85, SetGraphicsRoot32BitConstants, 
7675, 85, SetGraphicsRoot32BitConstants, 
7676, 85, SetGraphicsRootShaderResourceView, 
7677, 85, IASetVertexBuffers, 
7678, 85, IASetPrimitiveTopology, 
7679, 85, IASetIndexBuffer, 
7680, 85, DrawIndexedInstanced, 800
7681, 85, SetGraphicsRootSignature, 
7682, 85, SetPipelineState, 
7683, 85, SetGraphicsRootConstantBufferView, 
7684, 85, SetGraphicsRoot32BitConstants, 
7685, 85, SetGraphicsRoot32BitConstants, 
7686, 85, SetGraphicsRootShaderResourceView, 
7687, 85, IASetVertexBuffers, 
7688, 85, IASetPrimitiveTopology, 
7689, 85, IASetIndexBuffer, 
7690, 85, DrawIndexedInstanced, 801
7691, 85, SetGraphicsRootSignature, 
7692, 85, SetPipelineState, 
7693, 85, SetGraphicsRootConstantBufferView, 
7694, 85, SetGraphicsRoot32BitConstants, 
7695, 85, SetGraphicsRoot32BitConstants, 
7696, 85, SetGraphicsRootShaderResourceView, 
7697, 85, IASetVertexBuffers, 
7698, 85, IASetPrimitiveTopology, 
7699, 85, IASetIndexBuffer, 
7700, 85, DrawIndexedInstanced, 802
7701, 85, SetGraphicsRootSignature, 
7702, 85, SetPipelineState, 
7703, 85, SetGraphicsRootConstantBufferView, 
7704, 85, SetGraphicsRoot32BitConstants, 
7705, 85, SetGraphicsRoot32BitConstants, 
7706, 85, SetGraphicsRootShaderResourceView, 
7707, 85, IASetVertexBuffers, 
7708, 85, IASetPrimitiveTopology, 
7709, 85, IASetIndexBuffer, 
7710, 85, DrawIndexedInstanced, 803
7711, 85, SetGraphicsRootSignature, 
7712, 85, SetPipelineState, 
7713, 85, SetGraphicsRootConstantBufferView, 
7714, 85, SetGraphicsRoot32BitConstants, 
7715, 85, SetGraphicsRoot32BitConstants, 
7716, 85, SetGraphicsRootShaderResourceView, 
7717, 85, IASetVertexBuffers, 
7718, 85, IASetPrimitiveTopology, 
7719, 85, IASetIndexBuffer, 
7720, 85, DrawIndexedInstanced, 804
7721, 85, SetGraphicsRootSignature, 
7722, 85, SetPipelineState, 
7723, 85, SetGraphicsRootConstantBufferView, 
7724, 85, SetGraphicsRoot32BitConstants, 
7725, 85, SetGraphicsRoot32BitConstants, 
7726, 85, SetGraphicsRootShaderResourceView, 
7727, 85, IASetVertexBuffers, 
7728, 85, IASetPrimitiveTopology, 
7729, 85, IASetIndexBuffer, 
7730, 85, DrawIndexedInstanced, 805
7731, 85, SetGraphicsRootSignature, 
7732, 85, SetPipelineState, 
7733, 85, SetGraphicsRootConstantBufferView, 
7734, 85, SetGraphicsRoot32BitConstants, 
7735, 85, SetGraphicsRoot32BitConstants, 
7736, 85, SetGraphicsRootShaderResourceView, 
7737, 85, IASetVertexBuffers, 
7738, 85, IASetPrimitiveTopology, 
7739, 85, IASetIndexBuffer, 
7740, 85, DrawIndexedInstanced, 806
7741, 85, SetGraphicsRootSignature, 
7742, 85, SetPipelineState, 
7743, 85, SetGraphicsRootConstantBufferView, 
7744, 85, SetGraphicsRoot32BitConstants, 
7745, 85, SetGraphicsRoot32BitConstants, 
7746, 85, SetGraphicsRootShaderResourceView, 
7747, 85, IASetVertexBuffers, 
7748, 85, IASetPrimitiveTopology, 
7749, 85, IASetIndexBuffer, 
7750, 85, DrawIndexedInstanced, 807
7751, 85, SetGraphicsRootSignature, 
7752, 85, SetPipelineState, 
7753, 85, SetGraphicsRootConstantBufferView, 
7754, 85, SetGraphicsRoot32BitConstants, 
7755, 85, SetGraphicsRoot32BitConstants, 
7756, 85, SetGraphicsRootShaderResourceView, 
7757, 85, IASetVertexBuffers, 
7758, 85, IASetPrimitiveTopology, 
7759, 85, IASetIndexBuffer, 
7760, 85, DrawIndexedInstanced, 808
7761, 85, SetGraphicsRootSignature, 
7762, 85, SetPipelineState, 
7763, 85, SetGraphicsRootConstantBufferView, 
7764, 85, SetGraphicsRoot32BitConstants, 
7765, 85, SetGraphicsRoot32BitConstants, 
7766, 85, SetGraphicsRootShaderResourceView, 
7767, 85, IASetVertexBuffers, 
7768, 85, IASetPrimitiveTopology, 
7769, 85, IASetIndexBuffer, 
7770, 85, DrawIndexedInstanced, 809
7771, 85, SetGraphicsRootSignature, 
7772, 85, SetPipelineState, 
7773, 85, SetGraphicsRootConstantBufferView, 
7774, 85, SetGraphicsRoot32BitConstants, 
7775, 85, SetGraphicsRoot32BitConstants, 
7776, 85, SetGraphicsRootShaderResourceView, 
7777, 85, IASetVertexBuffers, 
7778, 85, IASetPrimitiveTopology, 
7779, 85, IASetIndexBuffer, 
7780, 85, DrawIndexedInstanced, 810
7781, 85, SetGraphicsRootSignature, 
7782, 85, SetPipelineState, 
7783, 85, SetGraphicsRootConstantBufferView, 
7784, 85, SetGraphicsRoot32BitConstants, 
7785, 85, SetGraphicsRoot32BitConstants, 
7786, 85, SetGraphicsRootShaderResourceView, 
7787, 85, IASetVertexBuffers, 
7788, 85, IASetPrimitiveTopology, 
7789, 85, IASetIndexBuffer, 
7790, 85, DrawIndexedInstanced, 811
7791, 85, SetGraphicsRootSignature, 
7792, 85, SetPipelineState, 
7793, 85, SetGraphicsRootConstantBufferView, 
7794, 85, SetGraphicsRoot32BitConstants, 
7795, 85, SetGraphicsRoot32BitConstants, 
7796, 85, SetGraphicsRootShaderResourceView, 
7797, 85, IASetVertexBuffers, 
7798, 85, IASetPrimitiveTopology, 
7799, 85, IASetIndexBuffer, 
7800, 85, DrawIndexedInstanced, 812
7801, 85, SetGraphicsRootSignature, 
7802, 85, SetPipelineState, 
7803, 85, SetGraphicsRootConstantBufferView, 
7804, 85, SetGraphicsRoot32BitConstants, 
7805, 85, SetGraphicsRoot32BitConstants, 
7806, 85, SetGraphicsRootShaderResourceView, 
7807, 85, IASetVertexBuffers, 
7808, 85, IASetPrimitiveTopology, 
7809, 85, IASetIndexBuffer, 
7810, 85, DrawIndexedInstanced, 813
7811, 85, SetGraphicsRootSignature, 
7812, 85, SetPipelineState, 
7813, 85, SetGraphicsRootConstantBufferView, 
7814, 85, SetGraphicsRoot32BitConstants, 
7815, 85, SetGraphicsRoot32BitConstants, 
7816, 85, SetGraphicsRootShaderResourceView, 
7817, 85, IASetVertexBuffers, 
7818, 85, IASetPrimitiveTopology, 
7819, 85, IASetIndexBuffer, 
7820, 85, DrawIndexedInstanced, 814
7821, 85, SetGraphicsRootSignature, 
7822, 85, SetPipelineState, 
7823, 85, SetGraphicsRootConstantBufferView, 
7824, 85, SetGraphicsRoot32BitConstants, 
7825, 85, SetGraphicsRoot32BitConstants, 
7826, 85, SetGraphicsRootShaderResourceView, 
7827, 85, IASetVertexBuffers, 
7828, 85, IASetPrimitiveTopology, 
7829, 85, DrawInstanced, 815
7830, 85, SetGraphicsRootSignature, 
7831, 85, SetPipelineState, 
7832, 85, SetDescriptorHeaps, 
7833, 85, SetGraphicsRootDescriptorTable, 
7834, 85, SetGraphicsRootConstantBufferView, 
7835, 85, SetGraphicsRoot32BitConstants, 
7836, 85, SetGraphicsRoot32BitConstants, 
7837, 85, SetGraphicsRootShaderResourceView, 
7838, 85, IASetVertexBuffers, 
7839, 85, IASetPrimitiveTopology, 
7840, 85, IASetIndexBuffer, 
7841, 85, DrawIndexedInstanced, 816
7842, 85, SetGraphicsRootSignature, 
7843, 85, SetPipelineState, 
7844, 85, SetGraphicsRootConstantBufferView, 
7845, 85, SetGraphicsRoot32BitConstants, 
7846, 85, SetGraphicsRoot32BitConstants, 
7847, 85, SetGraphicsRootShaderResourceView, 
7848, 85, IASetVertexBuffers, 
7849, 85, IASetPrimitiveTopology, 
7850, 85, IASetIndexBuffer, 
7851, 85, DrawIndexedInstanced, 817
7852, 85, SetGraphicsRootSignature, 
7853, 85, SetPipelineState, 
7854, 85, SetGraphicsRootConstantBufferView, 
7855, 85, SetGraphicsRoot32BitConstants, 
7856, 85, SetGraphicsRoot32BitConstants, 
7857, 85, SetGraphicsRootShaderResourceView, 
7858, 85, IASetVertexBuffers, 
7859, 85, IASetPrimitiveTopology, 
7860, 85, IASetIndexBuffer, 
7861, 85, DrawIndexedInstanced, 818
7862, 85, SetGraphicsRootSignature, 
7863, 85, SetPipelineState, 
7864, 85, SetGraphicsRootConstantBufferView, 
7865, 85, SetGraphicsRoot32BitConstants, 
7866, 85, SetGraphicsRoot32BitConstants, 
7867, 85, SetGraphicsRootShaderResourceView, 
7868, 85, IASetVertexBuffers, 
7869, 85, IASetPrimitiveTopology, 
7870, 85, IASetIndexBuffer, 
7871, 85, DrawIndexedInstanced, 819
7872, 85, SetGraphicsRootSignature, 
7873, 85, SetPipelineState, 
7874, 85, SetGraphicsRootConstantBufferView, 
7875, 85, SetGraphicsRoot32BitConstants, 
7876, 85, SetGraphicsRoot32BitConstants, 
7877, 85, SetGraphicsRootShaderResourceView, 
7878, 85, IASetVertexBuffers, 
7879, 85, IASetPrimitiveTopology, 
7880, 85, IASetIndexBuffer, 
7881, 85, DrawIndexedInstanced, 820
7882, 85, SetGraphicsRootSignature, 
7883, 85, SetPipelineState, 
7884, 85, SetGraphicsRootConstantBufferView, 
7885, 85, SetGraphicsRoot32BitConstants, 
7886, 85, SetGraphicsRoot32BitConstants, 
7887, 85, SetGraphicsRootShaderResourceView, 
7888, 85, IASetVertexBuffers, 
7889, 85, IASetPrimitiveTopology, 
7890, 85, IASetIndexBuffer, 
7891, 85, DrawIndexedInstanced, 821
7892, 85, SetGraphicsRootSignature, 
7893, 85, SetPipelineState, 
7894, 85, SetGraphicsRootConstantBufferView, 
7895, 85, SetGraphicsRoot32BitConstants, 
7896, 85, SetGraphicsRoot32BitConstants, 
7897, 85, SetGraphicsRootShaderResourceView, 
7898, 85, IASetVertexBuffers, 
7899, 85, IASetPrimitiveTopology, 
7900, 85, IASetIndexBuffer, 
7901, 85, DrawIndexedInstanced, 822
7902, 85, SetGraphicsRootSignature, 
7903, 85, SetPipelineState, 
7904, 85, SetGraphicsRootConstantBufferView, 
7905, 85, SetGraphicsRoot32BitConstants, 
7906, 85, SetGraphicsRoot32BitConstants, 
7907, 85, SetGraphicsRootShaderResourceView, 
7908, 85, IASetVertexBuffers, 
7909, 85, IASetPrimitiveTopology, 
7910, 85, IASetIndexBuffer, 
7911, 85, DrawIndexedInstanced, 823
7912, 85, SetGraphicsRootSignature, 
7913, 85, SetPipelineState, 
7914, 85, SetGraphicsRootConstantBufferView, 
7915, 85, SetGraphicsRoot32BitConstants, 
7916, 85, SetGraphicsRoot32BitConstants, 
7917, 85, SetGraphicsRootShaderResourceView, 
7918, 85, IASetVertexBuffers, 
7919, 85, IASetPrimitiveTopology, 
7920, 85, IASetIndexBuffer, 
7921, 85, DrawIndexedInstanced, 824
7922, 85, SetGraphicsRootSignature, 
7923, 85, SetPipelineState, 
7924, 85, SetGraphicsRootConstantBufferView, 
7925, 85, SetGraphicsRoot32BitConstants, 
7926, 85, SetGraphicsRoot32BitConstants, 
7927, 85, SetGraphicsRootShaderResourceView, 
7928, 85, IASetVertexBuffers, 
7929, 85, IASetPrimitiveTopology, 
7930, 85, IASetIndexBuffer, 
7931, 85, DrawIndexedInstanced, 825
7932, 85, SetGraphicsRootSignature, 
7933, 85, SetPipelineState, 
7934, 85, SetGraphicsRootConstantBufferView, 
7935, 85, SetGraphicsRoot32BitConstants, 
7936, 85, SetGraphicsRoot32BitConstants, 
7937, 85, SetGraphicsRootShaderResourceView, 
7938, 85, IASetVertexBuffers, 
7939, 85, IASetPrimitiveTopology, 
7940, 85, IASetIndexBuffer, 
7941, 85, DrawIndexedInstanced, 826
7942, 85, SetGraphicsRootSignature, 
7943, 85, SetPipelineState, 
7944, 85, SetGraphicsRootConstantBufferView, 
7945, 85, SetGraphicsRoot32BitConstants, 
7946, 85, SetGraphicsRoot32BitConstants, 
7947, 85, SetGraphicsRootShaderResourceView, 
7948, 85, IASetVertexBuffers, 
7949, 85, IASetPrimitiveTopology, 
7950, 85, IASetIndexBuffer, 
7951, 85, DrawIndexedInstanced, 827
7952, 85, SetGraphicsRootSignature, 
7953, 85, SetPipelineState, 
7954, 85, SetGraphicsRootConstantBufferView, 
7955, 85, SetGraphicsRoot32BitConstants, 
7956, 85, SetGraphicsRoot32BitConstants, 
7957, 85, SetGraphicsRootShaderResourceView, 
7958, 85, IASetVertexBuffers, 
7959, 85, IASetPrimitiveTopology, 
7960, 85, IASetIndexBuffer, 
7961, 85, DrawIndexedInstanced, 828
7962, 85, SetGraphicsRootSignature, 
7963, 85, SetPipelineState, 
7964, 85, SetGraphicsRootConstantBufferView, 
7965, 85, SetGraphicsRoot32BitConstants, 
7966, 85, SetGraphicsRoot32BitConstants, 
7967, 85, SetGraphicsRootShaderResourceView, 
7968, 85, IASetVertexBuffers, 
7969, 85, IASetPrimitiveTopology, 
7970, 85, IASetIndexBuffer, 
7971, 85, DrawIndexedInstanced, 829
7972, 85, SetGraphicsRootSignature, 
7973, 85, SetPipelineState, 
7974, 85, SetGraphicsRootConstantBufferView, 
7975, 85, SetGraphicsRoot32BitConstants, 
7976, 85, SetGraphicsRoot32BitConstants, 
7977, 85, SetGraphicsRootShaderResourceView, 
7978, 85, IASetVertexBuffers, 
7979, 85, IASetPrimitiveTopology, 
7980, 85, IASetIndexBuffer, 
7981, 85, DrawIndexedInstanced, 830
7982, 85, SetGraphicsRootSignature, 
7983, 85, SetPipelineState, 
7984, 85, SetGraphicsRootConstantBufferView, 
7985, 85, SetGraphicsRoot32BitConstants, 
7986, 85, SetGraphicsRoot32BitConstants, 
7987, 85, SetGraphicsRootShaderResourceView, 
7988, 85, IASetVertexBuffers, 
7989, 85, IASetPrimitiveTopology, 
7990, 85, IASetIndexBuffer, 
7991, 85, DrawIndexedInstanced, 831
7992, 85, SetGraphicsRootSignature, 
7993, 85, SetPipelineState, 
7994, 85, SetGraphicsRootConstantBufferView, 
7995, 85, SetGraphicsRoot32BitConstants, 
7996, 85, SetGraphicsRoot32BitConstants, 
7997, 85, SetGraphicsRootShaderResourceView, 
7998, 85, IASetVertexBuffers, 
7999, 85, IASetPrimitiveTopology, 
8000, 85, IASetIndexBuffer, 
8001, 85, DrawIndexedInstanced, 832
8002, 85, SetGraphicsRootSignature, 
8003, 85, SetPipelineState, 
8004, 85, SetGraphicsRootConstantBufferView, 
8005, 85, SetGraphicsRoot32BitConstants, 
8006, 85, SetGraphicsRoot32BitConstants, 
8007, 85, SetGraphicsRootShaderResourceView, 
8008, 85, IASetVertexBuffers, 
8009, 85, IASetPrimitiveTopology, 
8010, 85, IASetIndexBuffer, 
8011, 85, DrawIndexedInstanced, 833
8012, 85, SetGraphicsRootSignature, 
8013, 85, SetPipelineState, 
8014, 85, SetGraphicsRootConstantBufferView, 
8015, 85, SetGraphicsRoot32BitConstants, 
8016, 85, SetGraphicsRoot32BitConstants, 
8017, 85, SetGraphicsRootShaderResourceView, 
8018, 85, IASetVertexBuffers, 
8019, 85, IASetPrimitiveTopology, 
8020, 85, DrawInstanced, 834
8021, 85, SetGraphicsRootSignature, 
8022, 85, SetPipelineState, 
8023, 85, SetDescriptorHeaps, 
8024, 85, SetGraphicsRootDescriptorTable, 
8025, 85, SetGraphicsRootConstantBufferView, 
8026, 85, SetGraphicsRoot32BitConstants, 
8027, 85, SetGraphicsRoot32BitConstants, 
8028, 85, SetGraphicsRootShaderResourceView, 
8029, 85, IASetVertexBuffers, 
8030, 85, IASetPrimitiveTopology, 
8031, 85, IASetIndexBuffer, 
8032, 85, DrawIndexedInstanced, 835
8033, 85, SetGraphicsRootSignature, 
8034, 85, SetPipelineState, 
8035, 85, SetGraphicsRootConstantBufferView, 
8036, 85, SetGraphicsRoot32BitConstants, 
8037, 85, SetGraphicsRoot32BitConstants, 
8038, 85, SetGraphicsRootShaderResourceView, 
8039, 85, IASetVertexBuffers, 
8040, 85, IASetPrimitiveTopology, 
8041, 85, IASetIndexBuffer, 
8042, 85, DrawIndexedInstanced, 836
8043, 85, SetGraphicsRootSignature, 
8044, 85, SetPipelineState, 
8045, 85, SetGraphicsRootConstantBufferView, 
8046, 85, SetGraphicsRoot32BitConstants, 
8047, 85, SetGraphicsRoot32BitConstants, 
8048, 85, SetGraphicsRootShaderResourceView, 
8049, 85, IASetVertexBuffers, 
8050, 85, IASetPrimitiveTopology, 
8051, 85, IASetIndexBuffer, 
8052, 85, DrawIndexedInstanced, 837
8053, 85, SetGraphicsRootSignature, 
8054, 85, SetPipelineState, 
8055, 85, SetGraphicsRootConstantBufferView, 
8056, 85, SetGraphicsRoot32BitConstants, 
8057, 85, SetGraphicsRoot32BitConstants, 
8058, 85, SetGraphicsRootShaderResourceView, 
8059, 85, IASetVertexBuffers, 
8060, 85, IASetPrimitiveTopology, 
8061, 85, IASetIndexBuffer, 
8062, 85, DrawIndexedInstanced, 838
8063, 85, SetGraphicsRootSignature, 
8064, 85, SetPipelineState, 
8065, 85, SetGraphicsRootConstantBufferView, 
8066, 85, SetGraphicsRoot32BitConstants, 
8067, 85, SetGraphicsRoot32BitConstants, 
8068, 85, SetGraphicsRootShaderResourceView, 
8069, 85, IASetVertexBuffers, 
8070, 85, IASetPrimitiveTopology, 
8071, 85, IASetIndexBuffer, 
8072, 85, DrawIndexedInstanced, 839
8073, 85, SetGraphicsRootSignature, 
8074, 85, SetPipelineState, 
8075, 85, SetGraphicsRootConstantBufferView, 
8076, 85, SetGraphicsRoot32BitConstants, 
8077, 85, SetGraphicsRoot32BitConstants, 
8078, 85, SetGraphicsRootShaderResourceView, 
8079, 85, IASetVertexBuffers, 
8080, 85, IASetPrimitiveTopology, 
8081, 85, IASetIndexBuffer, 
8082, 85, DrawIndexedInstanced, 840
8083, 85, SetGraphicsRootSignature, 
8084, 85, SetPipelineState, 
8085, 85, SetGraphicsRootConstantBufferView, 
8086, 85, SetGraphicsRoot32BitConstants, 
8087, 85, SetGraphicsRoot32BitConstants, 
8088, 85, SetGraphicsRootShaderResourceView, 
8089, 85, IASetVertexBuffers, 
8090, 85, IASetPrimitiveTopology, 
8091, 85, IASetIndexBuffer, 
8092, 85, DrawIndexedInstanced, 841
8093, 85, SetGraphicsRootSignature, 
8094, 85, SetPipelineState, 
8095, 85, SetGraphicsRootConstantBufferView, 
8096, 85, SetGraphicsRoot32BitConstants, 
8097, 85, SetGraphicsRoot32BitConstants, 
8098, 85, SetGraphicsRootShaderResourceView, 
8099, 85, IASetVertexBuffers, 
8100, 85, IASetPrimitiveTopology, 
8101, 85, IASetIndexBuffer, 
8102, 85, DrawIndexedInstanced, 842
8103, 85, SetGraphicsRootSignature, 
8104, 85, SetPipelineState, 
8105, 85, SetGraphicsRootConstantBufferView, 
8106, 85, SetGraphicsRoot32BitConstants, 
8107, 85, SetGraphicsRoot32BitConstants, 
8108, 85, SetGraphicsRootShaderResourceView, 
8109, 85, IASetVertexBuffers, 
8110, 85, IASetPrimitiveTopology, 
8111, 85, IASetIndexBuffer, 
8112, 85, DrawIndexedInstanced, 843
8113, 85, SetGraphicsRootSignature, 
8114, 85, SetPipelineState, 
8115, 85, SetGraphicsRootConstantBufferView, 
8116, 85, SetGraphicsRoot32BitConstants, 
8117, 85, SetGraphicsRoot32BitConstants, 
8118, 85, SetGraphicsRootShaderResourceView, 
8119, 85, IASetVertexBuffers, 
8120, 85, IASetPrimitiveTopology, 
8121, 85, IASetIndexBuffer, 
8122, 85, DrawIndexedInstanced, 844
8123, 85, SetGraphicsRootSignature, 
8124, 85, SetPipelineState, 
8125, 85, SetGraphicsRootConstantBufferView, 
8126, 85, SetGraphicsRoot32BitConstants, 
8127, 85, SetGraphicsRoot32BitConstants, 
8128, 85, SetGraphicsRootShaderResourceView, 
8129, 85, IASetVertexBuffers, 
8130, 85, IASetPrimitiveTopology, 
8131, 85, IASetIndexBuffer, 
8132, 85, DrawIndexedInstanced, 845
8133, 85, SetGraphicsRootSignature, 
8134, 85, SetPipelineState, 
8135, 85, SetGraphicsRootConstantBufferView, 
8136, 85, SetGraphicsRoot32BitConstants, 
8137, 85, SetGraphicsRoot32BitConstants, 
8138, 85, SetGraphicsRootShaderResourceView, 
8139, 85, IASetVertexBuffers, 
8140, 85, IASetPrimitiveTopology, 
8141, 85, IASetIndexBuffer, 
8142, 85, DrawIndexedInstanced, 846
8143, 85, SetGraphicsRootSignature, 
8144, 85, SetPipelineState, 
8145, 85, SetGraphicsRootConstantBufferView, 
8146, 85, SetGraphicsRoot32BitConstants, 
8147, 85, SetGraphicsRoot32BitConstants, 
8148, 85, SetGraphicsRootShaderResourceView, 
8149, 85, IASetVertexBuffers, 
8150, 85, IASetPrimitiveTopology, 
8151, 85, IASetIndexBuffer, 
8152, 85, DrawIndexedInstanced, 847
8153, 85, SetGraphicsRootSignature, 
8154, 85, SetPipelineState, 
8155, 85, SetGraphicsRootConstantBufferView, 
8156, 85, SetGraphicsRoot32BitConstants, 
8157, 85, SetGraphicsRoot32BitConstants, 
8158, 85, SetGraphicsRootShaderResourceView, 
8159, 85, IASetVertexBuffers, 
8160, 85, IASetPrimitiveTopology, 
8161, 85, IASetIndexBuffer, 
8162, 85, DrawIndexedInstanced, 848
8163, 85, SetGraphicsRootSignature, 
8164, 85, SetPipelineState, 
8165, 85, SetGraphicsRootConstantBufferView, 
8166, 85, SetGraphicsRoot32BitConstants, 
8167, 85, SetGraphicsRoot32BitConstants, 
8168, 85, SetGraphicsRootShaderResourceView, 
8169, 85, IASetVertexBuffers, 
8170, 85, IASetPrimitiveTopology, 
8171, 85, IASetIndexBuffer, 
8172, 85, DrawIndexedInstanced, 849
8173, 85, SetGraphicsRootSignature, 
8174, 85, SetPipelineState, 
8175, 85, SetGraphicsRootConstantBufferView, 
8176, 85, SetGraphicsRoot32BitConstants, 
8177, 85, SetGraphicsRoot32BitConstants, 
8178, 85, SetGraphicsRootShaderResourceView, 
8179, 85, IASetVertexBuffers, 
8180, 85, IASetPrimitiveTopology, 
8181, 85, IASetIndexBuffer, 
8182, 85, DrawIndexedInstanced, 850
8183, 85, SetGraphicsRootSignature, 
8184, 85, SetPipelineState, 
8185, 85, SetGraphicsRootConstantBufferView, 
8186, 85, SetGraphicsRoot32BitConstants, 
8187, 85, SetGraphicsRoot32BitConstants, 
8188, 85, SetGraphicsRootShaderResourceView, 
8189, 85, IASetVertexBuffers, 
8190, 85, IASetPrimitiveTopology, 
8191, 85, IASetIndexBuffer, 
8192, 85, DrawIndexedInstanced, 851
8193, 85, SetGraphicsRootSignature, 
8194, 85, SetPipelineState, 
8195, 85, SetGraphicsRootConstantBufferView, 
8196, 85, SetGraphicsRoot32BitConstants, 
8197, 85, SetGraphicsRoot32BitConstants, 
8198, 85, SetGraphicsRootShaderResourceView, 
8199, 85, IASetVertexBuffers, 
8200, 85, IASetPrimitiveTopology, 
8201, 85, IASetIndexBuffer, 
8202, 85, DrawIndexedInstanced, 852
8203, 85, SetGraphicsRootSignature, 
8204, 85, SetPipelineState, 
8205, 85, SetGraphicsRootConstantBufferView, 
8206, 85, SetGraphicsRoot32BitConstants, 
8207, 85, SetGraphicsRoot32BitConstants, 
8208, 85, SetGraphicsRootShaderResourceView, 
8209, 85, IASetVertexBuffers, 
8210, 85, IASetPrimitiveTopology, 
8211, 85, DrawInstanced, 853
8212, 85, SetGraphicsRootSignature, 
8213, 85, SetPipelineState, 
8214, 85, SetDescriptorHeaps, 
8215, 85, SetGraphicsRootDescriptorTable, 
8216, 85, SetGraphicsRootConstantBufferView, 
8217, 85, SetGraphicsRoot32BitConstants, 
8218, 85, SetGraphicsRoot32BitConstants, 
8219, 85, SetGraphicsRootShaderResourceView, 
8220, 85, IASetVertexBuffers, 
8221, 85, IASetPrimitiveTopology, 
8222, 85, IASetIndexBuffer, 
8223, 85, DrawIndexedInstanced, 854
8224, 85, SetGraphicsRootSignature, 
8225, 85, SetPipelineState, 
8226, 85, SetGraphicsRootConstantBufferView, 
8227, 85, SetGraphicsRoot32BitConstants, 
8228, 85, SetGraphicsRoot32BitConstants, 
8229, 85, SetGraphicsRootShaderResourceView, 
8230, 85, IASetVertexBuffers, 
8231, 85, IASetPrimitiveTopology, 
8232, 85, IASetIndexBuffer, 
8233, 85, DrawIndexedInstanced, 855
8234, 85, SetGraphicsRootSignature, 
8235, 85, SetPipelineState, 
8236, 85, SetGraphicsRootConstantBufferView, 
8237, 85, SetGraphicsRoot32BitConstants, 
8238, 85, SetGraphicsRoot32BitConstants, 
8239, 85, SetGraphicsRootShaderResourceView, 
8240, 85, IASetVertexBuffers, 
8241, 85, IASetPrimitiveTopology, 
8242, 85, IASetIndexBuffer, 
8243, 85, DrawIndexedInstanced, 856
8244, 85, SetGraphicsRootSignature, 
8245, 85, SetPipelineState, 
8246, 85, SetGraphicsRootConstantBufferView, 
8247, 85, SetGraphicsRoot32BitConstants, 
8248, 85, SetGraphicsRoot32BitConstants, 
8249, 85, SetGraphicsRootShaderResourceView, 
8250, 85, IASetVertexBuffers, 
8251, 85, IASetPrimitiveTopology, 
8252, 85, IASetIndexBuffer, 
8253, 85, DrawIndexedInstanced, 857
8254, 85, SetGraphicsRootSignature, 
8255, 85, SetPipelineState, 
8256, 85, SetGraphicsRootConstantBufferView, 
8257, 85, SetGraphicsRoot32BitConstants, 
8258, 85, SetGraphicsRoot32BitConstants, 
8259, 85, SetGraphicsRootShaderResourceView, 
8260, 85, IASetVertexBuffers, 
8261, 85, IASetPrimitiveTopology, 
8262, 85, IASetIndexBuffer, 
8263, 85, DrawIndexedInstanced, 858
8264, 85, SetGraphicsRootSignature, 
8265, 85, SetPipelineState, 
8266, 85, SetGraphicsRootConstantBufferView, 
8267, 85, SetGraphicsRoot32BitConstants, 
8268, 85, SetGraphicsRoot32BitConstants, 
8269, 85, SetGraphicsRootShaderResourceView, 
8270, 85, IASetVertexBuffers, 
8271, 85, IASetPrimitiveTopology, 
8272, 85, IASetIndexBuffer, 
8273, 85, DrawIndexedInstanced, 859
8274, 85, SetGraphicsRootSignature, 
8275, 85, SetPipelineState, 
8276, 85, SetGraphicsRootConstantBufferView, 
8277, 85, SetGraphicsRoot32BitConstants, 
8278, 85, SetGraphicsRoot32BitConstants, 
8279, 85, SetGraphicsRootShaderResourceView, 
8280, 85, IASetVertexBuffers, 
8281, 85, IASetPrimitiveTopology, 
8282, 85, IASetIndexBuffer, 
8283, 85, DrawIndexedInstanced, 860
8284, 85, SetGraphicsRootSignature, 
8285, 85, SetPipelineState, 
8286, 85, SetGraphicsRootConstantBufferView, 
8287, 85, SetGraphicsRoot32BitConstants, 
8288, 85, SetGraphicsRoot32BitConstants, 
8289, 85, SetGraphicsRootShaderResourceView, 
8290, 85, IASetVertexBuffers, 
8291, 85, IASetPrimitiveTopology, 
8292, 85, IASetIndexBuffer, 
8293, 85, DrawIndexedInstanced, 861
8294, 85, SetGraphicsRootSignature, 
8295, 85, SetPipelineState, 
8296, 85, SetGraphicsRootConstantBufferView, 
8297, 85, SetGraphicsRoot32BitConstants, 
8298, 85, SetGraphicsRoot32BitConstants, 
8299, 85, SetGraphicsRootShaderResourceView, 
8300, 85, IASetVertexBuffers, 
8301, 85, IASetPrimitiveTopology, 
8302, 85, IASetIndexBuffer, 
8303, 85, DrawIndexedInstanced, 862
8304, 85, SetGraphicsRootSignature, 
8305, 85, SetPipelineState, 
8306, 85, SetGraphicsRootConstantBufferView, 
8307, 85, SetGraphicsRoot32BitConstants, 
8308, 85, SetGraphicsRoot32BitConstants, 
8309, 85, SetGraphicsRootShaderResourceView, 
8310, 85, IASetVertexBuffers, 
8311, 85, IASetPrimitiveTopology, 
8312, 85, IASetIndexBuffer, 
8313, 85, DrawIndexedInstanced, 863
8314, 85, SetGraphicsRootSignature, 
8315, 85, SetPipelineState, 
8316, 85, SetGraphicsRootConstantBufferView, 
8317, 85, SetGraphicsRoot32BitConstants, 
8318, 85, SetGraphicsRoot32BitConstants, 
8319, 85, SetGraphicsRootShaderResourceView, 
8320, 85, IASetVertexBuffers, 
8321, 85, IASetPrimitiveTopology, 
8322, 85, IASetIndexBuffer, 
8323, 85, DrawIndexedInstanced, 864
8324, 85, SetGraphicsRootSignature, 
8325, 85, SetPipelineState, 
8326, 85, SetGraphicsRootConstantBufferView, 
8327, 85, SetGraphicsRoot32BitConstants, 
8328, 85, SetGraphicsRoot32BitConstants, 
8329, 85, SetGraphicsRootShaderResourceView, 
8330, 85, IASetVertexBuffers, 
8331, 85, IASetPrimitiveTopology, 
8332, 85, IASetIndexBuffer, 
8333, 85, DrawIndexedInstanced, 865
8334, 85, SetGraphicsRootSignature, 
8335, 85, SetPipelineState, 
8336, 85, SetGraphicsRootConstantBufferView, 
8337, 85, SetGraphicsRoot32BitConstants, 
8338, 85, SetGraphicsRoot32BitConstants, 
8339, 85, SetGraphicsRootShaderResourceView, 
8340, 85, IASetVertexBuffers, 
8341, 85, IASetPrimitiveTopology, 
8342, 85, IASetIndexBuffer, 
8343, 85, DrawIndexedInstanced, 866
8344, 85, SetGraphicsRootSignature, 
8345, 85, SetPipelineState, 
8346, 85, SetGraphicsRootConstantBufferView, 
8347, 85, SetGraphicsRoot32BitConstants, 
8348, 85, SetGraphicsRoot32BitConstants, 
8349, 85, SetGraphicsRootShaderResourceView, 
8350, 85, IASetVertexBuffers, 
8351, 85, IASetPrimitiveTopology, 
8352, 85, IASetIndexBuffer, 
8353, 85, DrawIndexedInstanced, 867
8354, 85, SetGraphicsRootSignature, 
8355, 85, SetPipelineState, 
8356, 85, SetGraphicsRootConstantBufferView, 
8357, 85, SetGraphicsRoot32BitConstants, 
8358, 85, SetGraphicsRoot32BitConstants, 
8359, 85, SetGraphicsRootShaderResourceView, 
8360, 85, IASetVertexBuffers, 
8361, 85, IASetPrimitiveTopology, 
8362, 85, IASetIndexBuffer, 
8363, 85, DrawIndexedInstanced, 868
8364, 85, SetGraphicsRootSignature, 
8365, 85, SetPipelineState, 
8366, 85, SetGraphicsRootConstantBufferView, 
8367, 85, SetGraphicsRoot32BitConstants, 
8368, 85, SetGraphicsRoot32BitConstants, 
8369, 85, SetGraphicsRootShaderResourceView, 
8370, 85, IASetVertexBuffers, 
8371, 85, IASetPrimitiveTopology, 
8372, 85, IASetIndexBuffer, 
8373, 85, DrawIndexedInstanced, 869
8374, 85, SetGraphicsRootSignature, 
8375, 85, SetPipelineState, 
8376, 85, SetGraphicsRootConstantBufferView, 
8377, 85, SetGraphicsRoot32BitConstants, 
8378, 85, SetGraphicsRoot32BitConstants, 
8379, 85, SetGraphicsRootShaderResourceView, 
8380, 85, IASetVertexBuffers, 
8381, 85, IASetPrimitiveTopology, 
8382, 85, IASetIndexBuffer, 
8383, 85, DrawIndexedInstanced, 870
8384, 85, SetGraphicsRootSignature, 
8385, 85, SetPipelineState, 
8386, 85, SetGraphicsRootConstantBufferView, 
8387, 85, SetGraphicsRoot32BitConstants, 
8388, 85, SetGraphicsRoot32BitConstants, 
8389, 85, SetGraphicsRootShaderResourceView, 
8390, 85, IASetVertexBuffers, 
8391, 85, IASetPrimitiveTopology, 
8392, 85, IASetIndexBuffer, 
8393, 85, DrawIndexedInstanced, 871
8394, 85, SetGraphicsRootSignature, 
8395, 85, SetPipelineState, 
8396, 85, SetGraphicsRootConstantBufferView, 
8397, 85, SetGraphicsRoot32BitConstants, 
8398, 85, SetGraphicsRoot32BitConstants, 
8399, 85, SetGraphicsRootShaderResourceView, 
8400, 85, IASetVertexBuffers, 
8401, 85, IASetPrimitiveTopology, 
8402, 85, DrawInstanced, 872
8403, 85, SetGraphicsRootSignature, 
8404, 85, SetPipelineState, 
8405, 85, SetDescriptorHeaps, 
8406, 85, SetGraphicsRootDescriptorTable, 
8407, 85, SetGraphicsRootConstantBufferView, 
8408, 85, SetGraphicsRoot32BitConstants, 
8409, 85, SetGraphicsRoot32BitConstants, 
8410, 85, SetGraphicsRootShaderResourceView, 
8411, 85, IASetVertexBuffers, 
8412, 85, IASetPrimitiveTopology, 
8413, 85, IASetIndexBuffer, 
8414, 85, DrawIndexedInstanced, 873
8415, 85, SetGraphicsRootSignature, 
8416, 85, SetPipelineState, 
8417, 85, SetGraphicsRootConstantBufferView, 
8418, 85, SetGraphicsRoot32BitConstants, 
8419, 85, SetGraphicsRoot32BitConstants, 
8420, 85, SetGraphicsRootShaderResourceView, 
8421, 85, IASetVertexBuffers, 
8422, 85, IASetPrimitiveTopology, 
8423, 85, IASetIndexBuffer, 
8424, 85, DrawIndexedInstanced, 874
8425, 85, SetGraphicsRootSignature, 
8426, 85, SetPipelineState, 
8427, 85, SetGraphicsRootConstantBufferView, 
8428, 85, SetGraphicsRoot32BitConstants, 
8429, 85, SetGraphicsRoot32BitConstants, 
8430, 85, SetGraphicsRootShaderResourceView, 
8431, 85, IASetVertexBuffers, 
8432, 85, IASetPrimitiveTopology, 
8433, 85, IASetIndexBuffer, 
8434, 85, DrawIndexedInstanced, 875
8435, 85, SetGraphicsRootSignature, 
8436, 85, SetPipelineState, 
8437, 85, SetGraphicsRootConstantBufferView, 
8438, 85, SetGraphicsRoot32BitConstants, 
8439, 85, SetGraphicsRoot32BitConstants, 
8440, 85, SetGraphicsRootShaderResourceView, 
8441, 85, IASetVertexBuffers, 
8442, 85, IASetPrimitiveTopology, 
8443, 85, IASetIndexBuffer, 
8444, 85, DrawIndexedInstanced, 876
8445, 85, SetGraphicsRootSignature, 
8446, 85, SetPipelineState, 
8447, 85, SetGraphicsRootConstantBufferView, 
8448, 85, SetGraphicsRoot32BitConstants, 
8449, 85, SetGraphicsRoot32BitConstants, 
8450, 85, SetGraphicsRootShaderResourceView, 
8451, 85, IASetVertexBuffers, 
8452, 85, IASetPrimitiveTopology, 
8453, 85, IASetIndexBuffer, 
8454, 85, DrawIndexedInstanced, 877
8455, 85, SetGraphicsRootSignature, 
8456, 85, SetPipelineState, 
8457, 85, SetGraphicsRootConstantBufferView, 
8458, 85, SetGraphicsRoot32BitConstants, 
8459, 85, SetGraphicsRoot32BitConstants, 
8460, 85, SetGraphicsRootShaderResourceView, 
8461, 85, IASetVertexBuffers, 
8462, 85, IASetPrimitiveTopology, 
8463, 85, IASetIndexBuffer, 
8464, 85, DrawIndexedInstanced, 878
8465, 85, SetGraphicsRootSignature, 
8466, 85, SetPipelineState, 
8467, 85, SetGraphicsRootConstantBufferView, 
8468, 85, SetGraphicsRoot32BitConstants, 
8469, 85, SetGraphicsRoot32BitConstants, 
8470, 85, SetGraphicsRootShaderResourceView, 
8471, 85, IASetVertexBuffers, 
8472, 85, IASetPrimitiveTopology, 
8473, 85, IASetIndexBuffer, 
8474, 85, DrawIndexedInstanced, 879
8475, 85, SetGraphicsRootSignature, 
8476, 85, SetPipelineState, 
8477, 85, SetGraphicsRootConstantBufferView, 
8478, 85, SetGraphicsRoot32BitConstants, 
8479, 85, SetGraphicsRoot32BitConstants, 
8480, 85, SetGraphicsRootShaderResourceView, 
8481, 85, IASetVertexBuffers, 
8482, 85, IASetPrimitiveTopology, 
8483, 85, IASetIndexBuffer, 
8484, 85, DrawIndexedInstanced, 880
8485, 85, SetGraphicsRootSignature, 
8486, 85, SetPipelineState, 
8487, 85, SetGraphicsRootConstantBufferView, 
8488, 85, SetGraphicsRoot32BitConstants, 
8489, 85, SetGraphicsRoot32BitConstants, 
8490, 85, SetGraphicsRootShaderResourceView, 
8491, 85, IASetVertexBuffers, 
8492, 85, IASetPrimitiveTopology, 
8493, 85, IASetIndexBuffer, 
8494, 85, DrawIndexedInstanced, 881
8495, 85, SetGraphicsRootSignature, 
8496, 85, SetPipelineState, 
8497, 85, SetGraphicsRootConstantBufferView, 
8498, 85, SetGraphicsRoot32BitConstants, 
8499, 85, SetGraphicsRoot32BitConstants, 
8500, 85, SetGraphicsRootShaderResourceView, 
8501, 85, IASetVertexBuffers, 
8502, 85, IASetPrimitiveTopology, 
8503, 85, IASetIndexBuffer, 
8504, 85, DrawIndexedInstanced, 882
8505, 85, SetGraphicsRootSignature, 
8506, 85, SetPipelineState, 
8507, 85, SetGraphicsRootConstantBufferView, 
8508, 85, SetGraphicsRoot32BitConstants, 
8509, 85, SetGraphicsRoot32BitConstants, 
8510, 85, SetGraphicsRootShaderResourceView, 
8511, 85, IASetVertexBuffers, 
8512, 85, IASetPrimitiveTopology, 
8513, 85, IASetIndexBuffer, 
8514, 85, DrawIndexedInstanced, 883
8515, 85, SetGraphicsRootSignature, 
8516, 85, SetPipelineState, 
8517, 85, SetGraphicsRootConstantBufferView, 
8518, 85, SetGraphicsRoot32BitConstants, 
8519, 85, SetGraphicsRoot32BitConstants, 
8520, 85, SetGraphicsRootShaderResourceView, 
8521, 85, IASetVertexBuffers, 
8522, 85, IASetPrimitiveTopology, 
8523, 85, IASetIndexBuffer, 
8524, 85, DrawIndexedInstanced, 884
8525, 85, SetGraphicsRootSignature, 
8526, 85, SetPipelineState, 
8527, 85, SetGraphicsRootConstantBufferView, 
8528, 85, SetGraphicsRoot32BitConstants, 
8529, 85, SetGraphicsRoot32BitConstants, 
8530, 85, SetGraphicsRootShaderResourceView, 
8531, 85, IASetVertexBuffers, 
8532, 85, IASetPrimitiveTopology, 
8533, 85, IASetIndexBuffer, 
8534, 85, DrawIndexedInstanced, 885
8535, 85, SetGraphicsRootSignature, 
8536, 85, SetPipelineState, 
8537, 85, SetGraphicsRootConstantBufferView, 
8538, 85, SetGraphicsRoot32BitConstants, 
8539, 85, SetGraphicsRoot32BitConstants, 
8540, 85, SetGraphicsRootShaderResourceView, 
8541, 85, IASetVertexBuffers, 
8542, 85, IASetPrimitiveTopology, 
8543, 85, IASetIndexBuffer, 
8544, 85, DrawIndexedInstanced, 886
8545, 85, SetGraphicsRootSignature, 
8546, 85, SetPipelineState, 
8547, 85, SetGraphicsRootConstantBufferView, 
8548, 85, SetGraphicsRoot32BitConstants, 
8549, 85, SetGraphicsRoot32BitConstants, 
8550, 85, SetGraphicsRootShaderResourceView, 
8551, 85, IASetVertexBuffers, 
8552, 85, IASetPrimitiveTopology, 
8553, 85, IASetIndexBuffer, 
8554, 85, DrawIndexedInstanced, 887
8555, 85, SetGraphicsRootSignature, 
8556, 85, SetPipelineState, 
8557, 85, SetGraphicsRootConstantBufferView, 
8558, 85, SetGraphicsRoot32BitConstants, 
8559, 85, SetGraphicsRoot32BitConstants, 
8560, 85, SetGraphicsRootShaderResourceView, 
8561, 85, IASetVertexBuffers, 
8562, 85, IASetPrimitiveTopology, 
8563, 85, IASetIndexBuffer, 
8564, 85, DrawIndexedInstanced, 888
8565, 85, SetGraphicsRootSignature, 
8566, 85, SetPipelineState, 
8567, 85, SetGraphicsRootConstantBufferView, 
8568, 85, SetGraphicsRoot32BitConstants, 
8569, 85, SetGraphicsRoot32BitConstants, 
8570, 85, SetGraphicsRootShaderResourceView, 
8571, 85, IASetVertexBuffers, 
8572, 85, IASetPrimitiveTopology, 
8573, 85, IASetIndexBuffer, 
8574, 85, DrawIndexedInstanced, 889
8575, 85, SetGraphicsRootSignature, 
8576, 85, SetPipelineState, 
8577, 85, SetGraphicsRootConstantBufferView, 
8578, 85, SetGraphicsRoot32BitConstants, 
8579, 85, SetGraphicsRoot32BitConstants, 
8580, 85, SetGraphicsRootShaderResourceView, 
8581, 85, IASetVertexBuffers, 
8582, 85, IASetPrimitiveTopology, 
8583, 85, IASetIndexBuffer, 
8584, 85, DrawIndexedInstanced, 890
8585, 85, SetGraphicsRootSignature, 
8586, 85, SetPipelineState, 
8587, 85, SetGraphicsRootConstantBufferView, 
8588, 85, SetGraphicsRoot32BitConstants, 
8589, 85, SetGraphicsRoot32BitConstants, 
8590, 85, SetGraphicsRootShaderResourceView, 
8591, 85, IASetVertexBuffers, 
8592, 85, IASetPrimitiveTopology, 
8593, 85, DrawInstanced, 891
8594, 85, SetGraphicsRootSignature, 
8595, 85, SetPipelineState, 
8596, 85, SetDescriptorHeaps, 
8597, 85, SetGraphicsRootDescriptorTable, 
8598, 85, SetGraphicsRootConstantBufferView, 
8599, 85, SetGraphicsRoot32BitConstants, 
8600, 85, SetGraphicsRoot32BitConstants, 
8601, 85, SetGraphicsRootShaderResourceView, 
8602, 85, IASetVertexBuffers, 
8603, 85, IASetPrimitiveTopology, 
8604, 85, IASetIndexBuffer, 
8605, 85, DrawIndexedInstanced, 892
8606, 85, SetGraphicsRootSignature, 
8607, 85, SetPipelineState, 
8608, 85, SetGraphicsRootConstantBufferView, 
8609, 85, SetGraphicsRoot32BitConstants, 
8610, 85, SetGraphicsRoot32BitConstants, 
8611, 85, SetGraphicsRootShaderResourceView, 
8612, 85, IASetVertexBuffers, 
8613, 85, IASetPrimitiveTopology, 
8614, 85, IASetIndexBuffer, 
8615, 85, DrawIndexedInstanced, 893
8616, 85, SetGraphicsRootSignature, 
8617, 85, SetPipelineState, 
8618, 85, SetGraphicsRootConstantBufferView, 
8619, 85, SetGraphicsRoot32BitConstants, 
8620, 85, SetGraphicsRoot32BitConstants, 
8621, 85, SetGraphicsRootShaderResourceView, 
8622, 85, IASetVertexBuffers, 
8623, 85, IASetPrimitiveTopology, 
8624, 85, IASetIndexBuffer, 
8625, 85, DrawIndexedInstanced, 894
8626, 85, SetGraphicsRootSignature, 
8627, 85, SetPipelineState, 
8628, 85, SetGraphicsRootConstantBufferView, 
8629, 85, SetGraphicsRoot32BitConstants, 
8630, 85, SetGraphicsRoot32BitConstants, 
8631, 85, SetGraphicsRootShaderResourceView, 
8632, 85, IASetVertexBuffers, 
8633, 85, IASetPrimitiveTopology, 
8634, 85, IASetIndexBuffer, 
8635, 85, DrawIndexedInstanced, 895
8636, 85, SetGraphicsRootSignature, 
8637, 85, SetPipelineState, 
8638, 85, SetGraphicsRootConstantBufferView, 
8639, 85, SetGraphicsRoot32BitConstants, 
8640, 85, SetGraphicsRoot32BitConstants, 
8641, 85, SetGraphicsRootShaderResourceView, 
8642, 85, IASetVertexBuffers, 
8643, 85, IASetPrimitiveTopology, 
8644, 85, IASetIndexBuffer, 
8645, 85, DrawIndexedInstanced, 896
8646, 85, SetGraphicsRootSignature, 
8647, 85, SetPipelineState, 
8648, 85, SetGraphicsRootConstantBufferView, 
8649, 85, SetGraphicsRoot32BitConstants, 
8650, 85, SetGraphicsRoot32BitConstants, 
8651, 85, SetGraphicsRootShaderResourceView, 
8652, 85, IASetVertexBuffers, 
8653, 85, IASetPrimitiveTopology, 
8654, 85, IASetIndexBuffer, 
8655, 85, DrawIndexedInstanced, 897
8656, 85, SetGraphicsRootSignature, 
8657, 85, SetPipelineState, 
8658, 85, SetDescriptorHeaps, 
8659, 85, SetGraphicsRootDescriptorTable, 
8660, 85, SetGraphicsRootConstantBufferView, 
8661, 85, SetGraphicsRoot32BitConstants, 
8662, 85, SetGraphicsRoot32BitConstants, 
8663, 85, SetGraphicsRootShaderResourceView, 
8664, 85, IASetVertexBuffers, 
8665, 85, IASetPrimitiveTopology, 
8666, 85, IASetIndexBuffer, 
8667, 85, DrawIndexedInstanced, 898
8668, 85, SetGraphicsRootSignature, 
8669, 85, SetPipelineState, 
8670, 85, SetGraphicsRootConstantBufferView, 
8671, 85, SetGraphicsRoot32BitConstants, 
8672, 85, SetGraphicsRoot32BitConstants, 
8673, 85, SetGraphicsRootShaderResourceView, 
8674, 85, SetGraphicsRoot32BitConstants, 
8675, 85, SetGraphicsRootShaderResourceView, 
8676, 85, IASetVertexBuffers, 
8677, 85, IASetPrimitiveTopology, 
8678, 85, IASetIndexBuffer, 
8679, 85, DrawIndexedInstanced, 899
8680, 85, SetGraphicsRootConstantBufferView, 
8681, 85, SetGraphicsRoot32BitConstants, 
8682, 85, SetGraphicsRoot32BitConstants, 
8683, 85, SetGraphicsRootShaderResourceView, 
8684, 85, SetGraphicsRoot32BitConstants, 
8685, 85, SetGraphicsRoot32BitConstants, 
8686, 85, SetGraphicsRootShaderResourceView, 
8687, 85, SetGraphicsRootShaderResourceView, 
8688, 85, IASetVertexBuffers, 
8689, 85, IASetPrimitiveTopology, 
8690, 85, IASetIndexBuffer, 
8691, 85, DrawIndexedInstanced, 900
8692, 85, SetGraphicsRootConstantBufferView, 
8693, 85, SetGraphicsRoot32BitConstants, 
8694, 85, SetGraphicsRoot32BitConstants, 
8695, 85, SetGraphicsRootShaderResourceView, 
8696, 85, SetGraphicsRoot32BitConstants, 
8697, 85, SetGraphicsRoot32BitConstants, 
8698, 85, SetGraphicsRootShaderResourceView, 
8699, 85, SetGraphicsRootShaderResourceView, 
8700, 85, IASetVertexBuffers, 
8701, 85, IASetPrimitiveTopology, 
8702, 85, IASetIndexBuffer, 
8703, 85, DrawIndexedInstanced, 901
8704, 85, SetGraphicsRootConstantBufferView, 
8705, 85, SetGraphicsRoot32BitConstants, 
8706, 85, SetGraphicsRoot32BitConstants, 
8707, 85, SetGraphicsRootShaderResourceView, 
8708, 85, SetGraphicsRoot32BitConstants, 
8709, 85, SetGraphicsRoot32BitConstants, 
8710, 85, SetGraphicsRootShaderResourceView, 
8711, 85, SetGraphicsRootShaderResourceView, 
8712, 85, IASetVertexBuffers, 
8713, 85, IASetPrimitiveTopology, 
8714, 85, IASetIndexBuffer, 
8715, 85, DrawIndexedInstanced, 902
8716, 85, SetGraphicsRootConstantBufferView, 
8717, 85, SetGraphicsRoot32BitConstants, 
8718, 85, SetGraphicsRoot32BitConstants, 
8719, 85, SetGraphicsRootShaderResourceView, 
8720, 85, SetGraphicsRoot32BitConstants, 
8721, 85, SetGraphicsRoot32BitConstants, 
8722, 85, SetGraphicsRootShaderResourceView, 
8723, 85, SetGraphicsRootShaderResourceView, 
8724, 85, IASetVertexBuffers, 
8725, 85, IASetPrimitiveTopology, 
8726, 85, IASetIndexBuffer, 
8727, 85, DrawIndexedInstanced, 903
8728, 85, SetGraphicsRootConstantBufferView, 
8729, 85, SetGraphicsRoot32BitConstants, 
8730, 85, SetGraphicsRoot32BitConstants, 
8731, 85, SetGraphicsRootShaderResourceView, 
8732, 85, SetGraphicsRoot32BitConstants, 
8733, 85, SetGraphicsRoot32BitConstants, 
8734, 85, SetGraphicsRootShaderResourceView, 
8735, 85, SetGraphicsRootShaderResourceView, 
8736, 85, IASetVertexBuffers, 
8737, 85, IASetPrimitiveTopology, 
8738, 85, IASetIndexBuffer, 
8739, 85, DrawIndexedInstanced, 904
8740, 85, SetGraphicsRootConstantBufferView, 
8741, 85, SetGraphicsRoot32BitConstants, 
8742, 85, SetGraphicsRoot32BitConstants, 
8743, 85, SetGraphicsRootShaderResourceView, 
8744, 85, SetGraphicsRoot32BitConstants, 
8745, 85, SetGraphicsRoot32BitConstants, 
8746, 85, SetGraphicsRootShaderResourceView, 
8747, 85, SetGraphicsRootShaderResourceView, 
8748, 85, IASetVertexBuffers, 
8749, 85, IASetPrimitiveTopology, 
8750, 85, IASetIndexBuffer, 
8751, 85, DrawIndexedInstanced, 905
8752, 85, SetGraphicsRootConstantBufferView, 
8753, 85, SetGraphicsRoot32BitConstants, 
8754, 85, SetGraphicsRoot32BitConstants, 
8755, 85, SetGraphicsRootShaderResourceView, 
8756, 85, SetGraphicsRoot32BitConstants, 
8757, 85, SetGraphicsRoot32BitConstants, 
8758, 85, SetGraphicsRootShaderResourceView, 
8759, 85, SetGraphicsRootShaderResourceView, 
8760, 85, IASetVertexBuffers, 
8761, 85, IASetPrimitiveTopology, 
8762, 85, IASetIndexBuffer, 
8763, 85, DrawIndexedInstanced, 906
8764, 85, SetGraphicsRootConstantBufferView, 
8765, 85, SetGraphicsRoot32BitConstants, 
8766, 85, SetGraphicsRoot32BitConstants, 
8767, 85, SetGraphicsRootShaderResourceView, 
8768, 85, SetGraphicsRoot32BitConstants, 
8769, 85, SetGraphicsRoot32BitConstants, 
8770, 85, SetGraphicsRootShaderResourceView, 
8771, 85, SetGraphicsRootShaderResourceView, 
8772, 85, IASetVertexBuffers, 
8773, 85, IASetPrimitiveTopology, 
8774, 85, IASetIndexBuffer, 
8775, 85, DrawIndexedInstanced, 907
8776, 85, SetGraphicsRootConstantBufferView, 
8777, 85, SetGraphicsRoot32BitConstants, 
8778, 85, SetGraphicsRoot32BitConstants, 
8779, 85, SetGraphicsRootShaderResourceView, 
8780, 85, SetGraphicsRoot32BitConstants, 
8781, 85, SetGraphicsRoot32BitConstants, 
8782, 85, SetGraphicsRootShaderResourceView, 
8783, 85, SetGraphicsRootShaderResourceView, 
8784, 85, IASetVertexBuffers, 
8785, 85, IASetPrimitiveTopology, 
8786, 85, IASetIndexBuffer, 
8787, 85, DrawIndexedInstanced, 908
8788, 85, SetGraphicsRootConstantBufferView, 
8789, 85, SetGraphicsRoot32BitConstants, 
8790, 85, SetGraphicsRoot32BitConstants, 
8791, 85, SetGraphicsRootShaderResourceView, 
8792, 85, SetGraphicsRoot32BitConstants, 
8793, 85, SetGraphicsRoot32BitConstants, 
8794, 85, SetGraphicsRootShaderResourceView, 
8795, 85, SetGraphicsRootShaderResourceView, 
8796, 85, IASetVertexBuffers, 
8797, 85, IASetPrimitiveTopology, 
8798, 85, IASetIndexBuffer, 
8799, 85, DrawIndexedInstanced, 909
8800, 85, SetGraphicsRootConstantBufferView, 
8801, 85, SetGraphicsRoot32BitConstants, 
8802, 85, SetGraphicsRoot32BitConstants, 
8803, 85, SetGraphicsRootShaderResourceView, 
8804, 85, SetGraphicsRoot32BitConstants, 
8805, 85, SetGraphicsRoot32BitConstants, 
8806, 85, SetGraphicsRootShaderResourceView, 
8807, 85, SetGraphicsRootShaderResourceView, 
8808, 85, IASetVertexBuffers, 
8809, 85, IASetPrimitiveTopology, 
8810, 85, IASetIndexBuffer, 
8811, 85, DrawIndexedInstanced, 910
8812, 85, SetGraphicsRootConstantBufferView, 
8813, 85, SetGraphicsRoot32BitConstants, 
8814, 85, SetGraphicsRoot32BitConstants, 
8815, 85, SetGraphicsRootShaderResourceView, 
8816, 85, SetGraphicsRoot32BitConstants, 
8817, 85, SetGraphicsRoot32BitConstants, 
8818, 85, SetGraphicsRootShaderResourceView, 
8819, 85, SetGraphicsRootShaderResourceView, 
8820, 85, IASetVertexBuffers, 
8821, 85, IASetPrimitiveTopology, 
8822, 85, IASetIndexBuffer, 
8823, 85, DrawIndexedInstanced, 911
8824, 85, SetGraphicsRootConstantBufferView, 
8825, 85, SetGraphicsRoot32BitConstants, 
8826, 85, SetGraphicsRoot32BitConstants, 
8827, 85, SetGraphicsRootShaderResourceView, 
8828, 85, SetGraphicsRoot32BitConstants, 
8829, 85, SetGraphicsRoot32BitConstants, 
8830, 85, SetGraphicsRootShaderResourceView, 
8831, 85, SetGraphicsRootShaderResourceView, 
8832, 85, IASetVertexBuffers, 
8833, 85, IASetPrimitiveTopology, 
8834, 85, IASetIndexBuffer, 
8835, 85, DrawIndexedInstanced, 912
8836, 85, SetGraphicsRootConstantBufferView, 
8837, 85, SetGraphicsRoot32BitConstants, 
8838, 85, SetGraphicsRoot32BitConstants, 
8839, 85, SetGraphicsRootShaderResourceView, 
8840, 85, SetGraphicsRoot32BitConstants, 
8841, 85, SetGraphicsRoot32BitConstants, 
8842, 85, SetGraphicsRootShaderResourceView, 
8843, 85, SetGraphicsRootShaderResourceView, 
8844, 85, IASetVertexBuffers, 
8845, 85, IASetPrimitiveTopology, 
8846, 85, IASetIndexBuffer, 
8847, 85, DrawIndexedInstanced, 913
8848, 85, SetGraphicsRootConstantBufferView, 
8849, 85, SetGraphicsRoot32BitConstants, 
8850, 85, SetGraphicsRoot32BitConstants, 
8851, 85, SetGraphicsRootShaderResourceView, 
8852, 85, SetGraphicsRoot32BitConstants, 
8853, 85, SetGraphicsRoot32BitConstants, 
8854, 85, SetGraphicsRootShaderResourceView, 
8855, 85, SetGraphicsRootShaderResourceView, 
8856, 85, IASetVertexBuffers, 
8857, 85, IASetPrimitiveTopology, 
8858, 85, IASetIndexBuffer, 
8859, 85, DrawIndexedInstanced, 914
8860, 85, SetGraphicsRootConstantBufferView, 
8861, 85, SetGraphicsRoot32BitConstants, 
8862, 85, SetGraphicsRoot32BitConstants, 
8863, 85, SetGraphicsRootShaderResourceView, 
8864, 85, SetGraphicsRoot32BitConstants, 
8865, 85, SetGraphicsRoot32BitConstants, 
8866, 85, SetGraphicsRootShaderResourceView, 
8867, 85, SetGraphicsRootShaderResourceView, 
8868, 85, IASetVertexBuffers, 
8869, 85, IASetPrimitiveTopology, 
8870, 85, IASetIndexBuffer, 
8871, 85, DrawIndexedInstanced, 915
8872, 85, SetGraphicsRootConstantBufferView, 
8873, 85, SetGraphicsRoot32BitConstants, 
8874, 85, SetGraphicsRoot32BitConstants, 
8875, 85, SetGraphicsRootShaderResourceView, 
8876, 85, SetGraphicsRoot32BitConstants, 
8877, 85, SetGraphicsRoot32BitConstants, 
8878, 85, SetGraphicsRootShaderResourceView, 
8879, 85, SetGraphicsRootShaderResourceView, 
8880, 85, IASetVertexBuffers, 
8881, 85, IASetPrimitiveTopology, 
8882, 85, IASetIndexBuffer, 
8883, 85, DrawIndexedInstanced, 916
8884, 85, SetGraphicsRootConstantBufferView, 
8885, 85, SetGraphicsRoot32BitConstants, 
8886, 85, SetGraphicsRoot32BitConstants, 
8887, 85, SetGraphicsRootShaderResourceView, 
8888, 85, SetGraphicsRoot32BitConstants, 
8889, 85, SetGraphicsRoot32BitConstants, 
8890, 85, SetGraphicsRootShaderResourceView, 
8891, 85, SetGraphicsRootShaderResourceView, 
8892, 85, IASetVertexBuffers, 
8893, 85, IASetPrimitiveTopology, 
8894, 85, IASetIndexBuffer, 
8895, 85, DrawIndexedInstanced, 917
8896, 85, SetGraphicsRootConstantBufferView, 
8897, 85, SetGraphicsRoot32BitConstants, 
8898, 85, SetGraphicsRoot32BitConstants, 
8899, 85, SetGraphicsRootShaderResourceView, 
8900, 85, IASetVertexBuffers, 
8901, 85, IASetPrimitiveTopology, 
8902, 85, DrawInstanced, 918
8903, 85, ClearDepthStencilView, 919
8904, 85, OMSetRenderTargets, 
8905, 85, SetGraphicsRootSignature, 
8906, 85, SetPipelineState, 
8907, 85, SetGraphicsRootConstantBufferView, 
8908, 85, SetGraphicsRoot32BitConstants, 
8909, 85, SetGraphicsRoot32BitConstants, 
8910, 85, SetGraphicsRootShaderResourceView, 
8911, 85, SetGraphicsRoot32BitConstants, 
8912, 85, SetGraphicsRoot32BitConstants, 
8913, 85, IASetVertexBuffers, 
8914, 85, IASetPrimitiveTopology, 
8915, 85, IASetIndexBuffer, 
8916, 85, DrawIndexedInstanced, 920
8917, 85, SetGraphicsRootConstantBufferView, 
8918, 85, SetGraphicsRoot32BitConstants, 
8919, 85, SetGraphicsRoot32BitConstants, 
8920, 85, SetGraphicsRootShaderResourceView, 
8921, 85, SetGraphicsRoot32BitConstants, 
8922, 85, SetGraphicsRoot32BitConstants, 
8923, 85, IASetVertexBuffers, 
8924, 85, IASetPrimitiveTopology, 
8925, 85, IASetIndexBuffer, 
8926, 85, DrawIndexedInstanced, 921
8927, 85, SetGraphicsRootConstantBufferView, 
8928, 85, SetGraphicsRoot32BitConstants, 
8929, 85, SetGraphicsRoot32BitConstants, 
8930, 85, SetGraphicsRootShaderResourceView, 
8931, 85, SetGraphicsRoot32BitConstants, 
8932, 85, SetGraphicsRoot32BitConstants, 
8933, 85, IASetVertexBuffers, 
8934, 85, IASetPrimitiveTopology, 
8935, 85, IASetIndexBuffer, 
8936, 85, DrawIndexedInstanced, 922
8937, 85, SetGraphicsRootConstantBufferView, 
8938, 85, SetGraphicsRoot32BitConstants, 
8939, 85, SetGraphicsRoot32BitConstants, 
8940, 85, SetGraphicsRootShaderResourceView, 
8941, 85, SetGraphicsRoot32BitConstants, 
8942, 85, SetGraphicsRoot32BitConstants, 
8943, 85, IASetVertexBuffers, 
8944, 85, IASetPrimitiveTopology, 
8945, 85, IASetIndexBuffer, 
8946, 85, DrawIndexedInstanced, 923
8947, 85, SetGraphicsRootConstantBufferView, 
8948, 85, SetGraphicsRoot32BitConstants, 
8949, 85, SetGraphicsRoot32BitConstants, 
8950, 85, SetGraphicsRootShaderResourceView, 
8951, 85, SetGraphicsRoot32BitConstants, 
8952, 85, SetGraphicsRoot32BitConstants, 
8953, 85, IASetVertexBuffers, 
8954, 85, IASetPrimitiveTopology, 
8955, 85, IASetIndexBuffer, 
8956, 85, DrawIndexedInstanced, 924
8957, 85, SetGraphicsRootConstantBufferView, 
8958, 85, SetGraphicsRoot32BitConstants, 
8959, 85, SetGraphicsRoot32BitConstants, 
8960, 85, SetGraphicsRootShaderResourceView, 
8961, 85, SetGraphicsRoot32BitConstants, 
8962, 85, SetGraphicsRoot32BitConstants, 
8963, 85, IASetVertexBuffers, 
8964, 85, IASetPrimitiveTopology, 
8965, 85, IASetIndexBuffer, 
8966, 85, DrawIndexedInstanced, 925
8967, 85, SetGraphicsRootConstantBufferView, 
8968, 85, SetGraphicsRoot32BitConstants, 
8969, 85, SetGraphicsRoot32BitConstants, 
8970, 85, SetGraphicsRootShaderResourceView, 
8971, 85, SetGraphicsRoot32BitConstants, 
8972, 85, SetGraphicsRoot32BitConstants, 
8973, 85, IASetVertexBuffers, 
8974, 85, IASetPrimitiveTopology, 
8975, 85, IASetIndexBuffer, 
8976, 85, DrawIndexedInstanced, 926
8977, 85, SetGraphicsRootConstantBufferView, 
8978, 85, SetGraphicsRoot32BitConstants, 
8979, 85, SetGraphicsRoot32BitConstants, 
8980, 85, SetGraphicsRootShaderResourceView, 
8981, 85, SetGraphicsRoot32BitConstants, 
8982, 85, SetGraphicsRoot32BitConstants, 
8983, 85, IASetVertexBuffers, 
8984, 85, IASetPrimitiveTopology, 
8985, 85, IASetIndexBuffer, 
8986, 85, DrawIndexedInstanced, 927
8987, 85, SetGraphicsRootConstantBufferView, 
8988, 85, SetGraphicsRoot32BitConstants, 
8989, 85, SetGraphicsRoot32BitConstants, 
8990, 85, SetGraphicsRootShaderResourceView, 
8991, 85, SetGraphicsRoot32BitConstants, 
8992, 85, SetGraphicsRoot32BitConstants, 
8993, 85, IASetVertexBuffers, 
8994, 85, IASetPrimitiveTopology, 
8995, 85, IASetIndexBuffer, 
8996, 85, DrawIndexedInstanced, 928
8997, 85, SetGraphicsRootConstantBufferView, 
8998, 85, SetGraphicsRoot32BitConstants, 
8999, 85, SetGraphicsRoot32BitConstants, 
9000, 85, SetGraphicsRootShaderResourceView, 
9001, 85, SetGraphicsRoot32BitConstants, 
9002, 85, SetGraphicsRoot32BitConstants, 
9003, 85, IASetVertexBuffers, 
9004, 85, IASetPrimitiveTopology, 
9005, 85, IASetIndexBuffer, 
9006, 85, DrawIndexedInstanced, 929
9007, 85, SetGraphicsRootConstantBufferView, 
9008, 85, SetGraphicsRoot32BitConstants, 
9009, 85, SetGraphicsRoot32BitConstants, 
9010, 85, SetGraphicsRootShaderResourceView, 
9011, 85, SetGraphicsRoot32BitConstants, 
9012, 85, SetGraphicsRoot32BitConstants, 
9013, 85, IASetVertexBuffers, 
9014, 85, IASetPrimitiveTopology, 
9015, 85, IASetIndexBuffer, 
9016, 85, DrawIndexedInstanced, 930
9017, 85, SetGraphicsRootConstantBufferView, 
9018, 85, SetGraphicsRoot32BitConstants, 
9019, 85, SetGraphicsRoot32BitConstants, 
9020, 85, SetGraphicsRootShaderResourceView, 
9021, 85, SetGraphicsRoot32BitConstants, 
9022, 85, SetGraphicsRoot32BitConstants, 
9023, 85, IASetVertexBuffers, 
9024, 85, IASetPrimitiveTopology, 
9025, 85, IASetIndexBuffer, 
9026, 85, DrawIndexedInstanced, 931
9027, 85, SetGraphicsRootConstantBufferView, 
9028, 85, SetGraphicsRoot32BitConstants, 
9029, 85, SetGraphicsRoot32BitConstants, 
9030, 85, SetGraphicsRootShaderResourceView, 
9031, 85, SetGraphicsRoot32BitConstants, 
9032, 85, SetGraphicsRoot32BitConstants, 
9033, 85, IASetVertexBuffers, 
9034, 85, IASetPrimitiveTopology, 
9035, 85, IASetIndexBuffer, 
9036, 85, DrawIndexedInstanced, 932
9037, 85, SetGraphicsRootConstantBufferView, 
9038, 85, SetGraphicsRoot32BitConstants, 
9039, 85, SetGraphicsRoot32BitConstants, 
9040, 85, SetGraphicsRootShaderResourceView, 
9041, 85, SetGraphicsRoot32BitConstants, 
9042, 85, SetGraphicsRoot32BitConstants, 
9043, 85, IASetVertexBuffers, 
9044, 85, IASetPrimitiveTopology, 
9045, 85, IASetIndexBuffer, 
9046, 85, DrawIndexedInstanced, 933
9047, 85, SetGraphicsRootConstantBufferView, 
9048, 85, SetGraphicsRoot32BitConstants, 
9049, 85, SetGraphicsRoot32BitConstants, 
9050, 85, SetGraphicsRootShaderResourceView, 
9051, 85, SetGraphicsRoot32BitConstants, 
9052, 85, SetGraphicsRoot32BitConstants, 
9053, 85, IASetVertexBuffers, 
9054, 85, IASetPrimitiveTopology, 
9055, 85, IASetIndexBuffer, 
9056, 85, DrawIndexedInstanced, 934
9057, 85, SetGraphicsRootConstantBufferView, 
9058, 85, SetGraphicsRoot32BitConstants, 
9059, 85, SetGraphicsRoot32BitConstants, 
9060, 85, SetGraphicsRootShaderResourceView, 
9061, 85, SetGraphicsRoot32BitConstants, 
9062, 85, SetGraphicsRoot32BitConstants, 
9063, 85, IASetVertexBuffers, 
9064, 85, IASetPrimitiveTopology, 
9065, 85, IASetIndexBuffer, 
9066, 85, DrawIndexedInstanced, 935
9067, 85, SetGraphicsRootConstantBufferView, 
9068, 85, SetGraphicsRoot32BitConstants, 
9069, 85, SetGraphicsRoot32BitConstants, 
9070, 85, SetGraphicsRootShaderResourceView, 
9071, 85, SetGraphicsRoot32BitConstants, 
9072, 85, SetGraphicsRoot32BitConstants, 
9073, 85, IASetVertexBuffers, 
9074, 85, IASetPrimitiveTopology, 
9075, 85, IASetIndexBuffer, 
9076, 85, DrawIndexedInstanced, 936
9077, 85, SetGraphicsRootConstantBufferView, 
9078, 85, SetGraphicsRoot32BitConstants, 
9079, 85, SetGraphicsRoot32BitConstants, 
9080, 85, SetGraphicsRootShaderResourceView, 
9081, 85, SetGraphicsRoot32BitConstants, 
9082, 85, SetGraphicsRoot32BitConstants, 
9083, 85, IASetVertexBuffers, 
9084, 85, IASetPrimitiveTopology, 
9085, 85, IASetIndexBuffer, 
9086, 85, DrawIndexedInstanced, 937
9087, 85, SetGraphicsRootConstantBufferView, 
9088, 85, SetGraphicsRoot32BitConstants, 
9089, 85, SetGraphicsRoot32BitConstants, 
9090, 85, SetGraphicsRootShaderResourceView, 
9091, 85, SetGraphicsRoot32BitConstants, 
9092, 85, SetGraphicsRoot32BitConstants, 
9093, 85, IASetVertexBuffers, 
9094, 85, IASetPrimitiveTopology, 
9095, 85, IASetIndexBuffer, 
9096, 85, DrawIndexedInstanced, 938
9097, 85, SetGraphicsRootConstantBufferView, 
9098, 85, SetGraphicsRoot32BitConstants, 
9099, 85, SetGraphicsRoot32BitConstants, 
9100, 85, SetGraphicsRootShaderResourceView, 
9101, 85, SetGraphicsRoot32BitConstants, 
9102, 85, SetGraphicsRoot32BitConstants, 
9103, 85, IASetVertexBuffers, 
9104, 85, IASetPrimitiveTopology, 
9105, 85, IASetIndexBuffer, 
9106, 85, DrawIndexedInstanced, 939
9107, 85, SetGraphicsRootConstantBufferView, 
9108, 85, SetGraphicsRoot32BitConstants, 
9109, 85, SetGraphicsRoot32BitConstants, 
9110, 85, SetGraphicsRootShaderResourceView, 
9111, 85, SetGraphicsRoot32BitConstants, 
9112, 85, SetGraphicsRoot32BitConstants, 
9113, 85, IASetVertexBuffers, 
9114, 85, IASetPrimitiveTopology, 
9115, 85, IASetIndexBuffer, 
9116, 85, DrawIndexedInstanced, 940
9117, 85, SetGraphicsRootConstantBufferView, 
9118, 85, SetGraphicsRoot32BitConstants, 
9119, 85, SetGraphicsRoot32BitConstants, 
9120, 85, SetGraphicsRootShaderResourceView, 
9121, 85, SetGraphicsRoot32BitConstants, 
9122, 85, SetGraphicsRoot32BitConstants, 
9123, 85, IASetVertexBuffers, 
9124, 85, IASetPrimitiveTopology, 
9125, 85, IASetIndexBuffer, 
9126, 85, DrawIndexedInstanced, 941
9127, 85, SetGraphicsRootConstantBufferView, 
9128, 85, SetGraphicsRoot32BitConstants, 
9129, 85, SetGraphicsRoot32BitConstants, 
9130, 85, SetGraphicsRootShaderResourceView, 
9131, 85, SetGraphicsRoot32BitConstants, 
9132, 85, SetGraphicsRoot32BitConstants, 
9133, 85, IASetVertexBuffers, 
9134, 85, IASetPrimitiveTopology, 
9135, 85, IASetIndexBuffer, 
9136, 85, DrawIndexedInstanced, 942
9137, 85, SetGraphicsRootConstantBufferView, 
9138, 85, SetGraphicsRoot32BitConstants, 
9139, 85, SetGraphicsRoot32BitConstants, 
9140, 85, SetGraphicsRootShaderResourceView, 
9141, 85, SetGraphicsRoot32BitConstants, 
9142, 85, SetGraphicsRoot32BitConstants, 
9143, 85, IASetVertexBuffers, 
9144, 85, IASetPrimitiveTopology, 
9145, 85, IASetIndexBuffer, 
9146, 85, DrawIndexedInstanced, 943
9147, 85, SetGraphicsRootConstantBufferView, 
9148, 85, SetGraphicsRoot32BitConstants, 
9149, 85, SetGraphicsRoot32BitConstants, 
9150, 85, SetGraphicsRootShaderResourceView, 
9151, 85, SetGraphicsRoot32BitConstants, 
9152, 85, SetGraphicsRoot32BitConstants, 
9153, 85, IASetVertexBuffers, 
9154, 85, IASetPrimitiveTopology, 
9155, 85, IASetIndexBuffer, 
9156, 85, DrawIndexedInstanced, 944
9157, 85, SetGraphicsRootConstantBufferView, 
9158, 85, SetGraphicsRoot32BitConstants, 
9159, 85, SetGraphicsRoot32BitConstants, 
9160, 85, SetGraphicsRootShaderResourceView, 
9161, 85, SetGraphicsRoot32BitConstants, 
9162, 85, SetGraphicsRoot32BitConstants, 
9163, 85, IASetVertexBuffers, 
9164, 85, IASetPrimitiveTopology, 
9165, 85, IASetIndexBuffer, 
9166, 85, DrawIndexedInstanced, 945
9167, 85, SetGraphicsRootConstantBufferView, 
9168, 85, SetGraphicsRoot32BitConstants, 
9169, 85, SetGraphicsRoot32BitConstants, 
9170, 85, SetGraphicsRootShaderResourceView, 
9171, 85, SetGraphicsRoot32BitConstants, 
9172, 85, SetGraphicsRoot32BitConstants, 
9173, 85, IASetVertexBuffers, 
9174, 85, IASetPrimitiveTopology, 
9175, 85, IASetIndexBuffer, 
9176, 85, DrawIndexedInstanced, 946
9177, 85, SetGraphicsRootConstantBufferView, 
9178, 85, SetGraphicsRoot32BitConstants, 
9179, 85, SetGraphicsRoot32BitConstants, 
9180, 85, SetGraphicsRootShaderResourceView, 
9181, 85, SetGraphicsRoot32BitConstants, 
9182, 85, SetGraphicsRoot32BitConstants, 
9183, 85, IASetVertexBuffers, 
9184, 85, IASetPrimitiveTopology, 
9185, 85, IASetIndexBuffer, 
9186, 85, DrawIndexedInstanced, 947
9187, 85, SetGraphicsRootConstantBufferView, 
9188, 85, SetGraphicsRoot32BitConstants, 
9189, 85, SetGraphicsRoot32BitConstants, 
9190, 85, SetGraphicsRootShaderResourceView, 
9191, 85, SetGraphicsRoot32BitConstants, 
9192, 85, SetGraphicsRoot32BitConstants, 
9193, 85, IASetVertexBuffers, 
9194, 85, IASetPrimitiveTopology, 
9195, 85, IASetIndexBuffer, 
9196, 85, DrawIndexedInstanced, 948
9197, 85, SetGraphicsRootConstantBufferView, 
9198, 85, SetGraphicsRoot32BitConstants, 
9199, 85, SetGraphicsRoot32BitConstants, 
9200, 85, SetGraphicsRootShaderResourceView, 
9201, 85, SetGraphicsRoot32BitConstants, 
9202, 85, SetGraphicsRoot32BitConstants, 
9203, 85, IASetVertexBuffers, 
9204, 85, IASetPrimitiveTopology, 
9205, 85, IASetIndexBuffer, 
9206, 85, DrawIndexedInstanced, 949
9207, 85, SetGraphicsRootConstantBufferView, 
9208, 85, SetGraphicsRoot32BitConstants, 
9209, 85, SetGraphicsRoot32BitConstants, 
9210, 85, SetGraphicsRootShaderResourceView, 
9211, 85, SetGraphicsRoot32BitConstants, 
9212, 85, SetGraphicsRoot32BitConstants, 
9213, 85, IASetVertexBuffers, 
9214, 85, IASetPrimitiveTopology, 
9215, 85, IASetIndexBuffer, 
9216, 85, DrawIndexedInstanced, 950
9217, 85, SetGraphicsRootConstantBufferView, 
9218, 85, SetGraphicsRoot32BitConstants, 
9219, 85, SetGraphicsRoot32BitConstants, 
9220, 85, SetGraphicsRootShaderResourceView, 
9221, 85, SetGraphicsRoot32BitConstants, 
9222, 85, SetGraphicsRoot32BitConstants, 
9223, 85, IASetVertexBuffers, 
9224, 85, IASetPrimitiveTopology, 
9225, 85, IASetIndexBuffer, 
9226, 85, DrawIndexedInstanced, 951
9227, 85, SetGraphicsRootConstantBufferView, 
9228, 85, SetGraphicsRoot32BitConstants, 
9229, 85, SetGraphicsRoot32BitConstants, 
9230, 85, SetGraphicsRootShaderResourceView, 
9231, 85, SetGraphicsRoot32BitConstants, 
9232, 85, SetGraphicsRoot32BitConstants, 
9233, 85, IASetVertexBuffers, 
9234, 85, IASetPrimitiveTopology, 
9235, 85, IASetIndexBuffer, 
9236, 85, DrawIndexedInstanced, 952
9237, 85, SetGraphicsRootConstantBufferView, 
9238, 85, SetGraphicsRoot32BitConstants, 
9239, 85, SetGraphicsRoot32BitConstants, 
9240, 85, SetGraphicsRootShaderResourceView, 
9241, 85, SetGraphicsRoot32BitConstants, 
9242, 85, SetGraphicsRoot32BitConstants, 
9243, 85, IASetVertexBuffers, 
9244, 85, IASetPrimitiveTopology, 
9245, 85, IASetIndexBuffer, 
9246, 85, DrawIndexedInstanced, 953
9247, 85, SetGraphicsRootConstantBufferView, 
9248, 85, SetGraphicsRoot32BitConstants, 
9249, 85, SetGraphicsRoot32BitConstants, 
9250, 85, SetGraphicsRootShaderResourceView, 
9251, 85, SetGraphicsRoot32BitConstants, 
9252, 85, SetGraphicsRoot32BitConstants, 
9253, 85, IASetVertexBuffers, 
9254, 85, IASetPrimitiveTopology, 
9255, 85, IASetIndexBuffer, 
9256, 85, DrawIndexedInstanced, 954
9257, 85, SetGraphicsRootConstantBufferView, 
9258, 85, SetGraphicsRoot32BitConstants, 
9259, 85, SetGraphicsRoot32BitConstants, 
9260, 85, SetGraphicsRootShaderResourceView, 
9261, 85, SetGraphicsRoot32BitConstants, 
9262, 85, SetGraphicsRoot32BitConstants, 
9263, 85, IASetVertexBuffers, 
9264, 85, IASetPrimitiveTopology, 
9265, 85, IASetIndexBuffer, 
9266, 85, DrawIndexedInstanced, 955
9267, 85, SetGraphicsRootConstantBufferView, 
9268, 85, SetGraphicsRoot32BitConstants, 
9269, 85, SetGraphicsRoot32BitConstants, 
9270, 85, SetGraphicsRootShaderResourceView, 
9271, 85, SetGraphicsRoot32BitConstants, 
9272, 85, SetGraphicsRoot32BitConstants, 
9273, 85, IASetVertexBuffers, 
9274, 85, IASetPrimitiveTopology, 
9275, 85, IASetIndexBuffer, 
9276, 85, DrawIndexedInstanced, 956
9277, 85, SetGraphicsRootConstantBufferView, 
9278, 85, SetGraphicsRoot32BitConstants, 
9279, 85, SetGraphicsRoot32BitConstants, 
9280, 85, SetGraphicsRootShaderResourceView, 
9281, 85, SetGraphicsRoot32BitConstants, 
9282, 85, SetGraphicsRoot32BitConstants, 
9283, 85, IASetVertexBuffers, 
9284, 85, IASetPrimitiveTopology, 
9285, 85, IASetIndexBuffer, 
9286, 85, DrawIndexedInstanced, 957
9287, 85, SetGraphicsRootConstantBufferView, 
9288, 85, SetGraphicsRoot32BitConstants, 
9289, 85, SetGraphicsRoot32BitConstants, 
9290, 85, SetGraphicsRootShaderResourceView, 
9291, 85, SetGraphicsRoot32BitConstants, 
9292, 85, SetGraphicsRoot32BitConstants, 
9293, 85, IASetVertexBuffers, 
9294, 85, IASetPrimitiveTopology, 
9295, 85, IASetIndexBuffer, 
9296, 85, DrawIndexedInstanced, 958
9297, 85, SetGraphicsRootConstantBufferView, 
9298, 85, SetGraphicsRoot32BitConstants, 
9299, 85, SetGraphicsRoot32BitConstants, 
9300, 85, SetGraphicsRootShaderResourceView, 
9301, 85, SetGraphicsRoot32BitConstants, 
9302, 85, SetGraphicsRoot32BitConstants, 
9303, 85, IASetVertexBuffers, 
9304, 85, IASetPrimitiveTopology, 
9305, 85, IASetIndexBuffer, 
9306, 85, DrawIndexedInstanced, 959
9307, 85, SetGraphicsRootConstantBufferView, 
9308, 85, SetGraphicsRoot32BitConstants, 
9309, 85, SetGraphicsRoot32BitConstants, 
9310, 85, SetGraphicsRootShaderResourceView, 
9311, 85, SetGraphicsRoot32BitConstants, 
9312, 85, SetGraphicsRoot32BitConstants, 
9313, 85, IASetVertexBuffers, 
9314, 85, IASetPrimitiveTopology, 
9315, 85, IASetIndexBuffer, 
9316, 85, DrawIndexedInstanced, 960
9317, 85, SetGraphicsRootConstantBufferView, 
9318, 85, SetGraphicsRoot32BitConstants, 
9319, 85, SetGraphicsRoot32BitConstants, 
9320, 85, SetGraphicsRootShaderResourceView, 
9321, 85, SetGraphicsRoot32BitConstants, 
9322, 85, SetGraphicsRoot32BitConstants, 
9323, 85, IASetVertexBuffers, 
9324, 85, IASetPrimitiveTopology, 
9325, 85, IASetIndexBuffer, 
9326, 85, DrawIndexedInstanced, 961
9327, 85, SetGraphicsRootConstantBufferView, 
9328, 85, SetGraphicsRoot32BitConstants, 
9329, 85, SetGraphicsRoot32BitConstants, 
9330, 85, SetGraphicsRootShaderResourceView, 
9331, 85, SetGraphicsRoot32BitConstants, 
9332, 85, SetGraphicsRoot32BitConstants, 
9333, 85, IASetVertexBuffers, 
9334, 85, IASetPrimitiveTopology, 
9335, 85, IASetIndexBuffer, 
9336, 85, DrawIndexedInstanced, 962
9337, 85, SetGraphicsRootConstantBufferView, 
9338, 85, SetGraphicsRoot32BitConstants, 
9339, 85, SetGraphicsRoot32BitConstants, 
9340, 85, SetGraphicsRootShaderResourceView, 
9341, 85, SetGraphicsRoot32BitConstants, 
9342, 85, SetGraphicsRoot32BitConstants, 
9343, 85, IASetVertexBuffers, 
9344, 85, IASetPrimitiveTopology, 
9345, 85, IASetIndexBuffer, 
9346, 85, DrawIndexedInstanced, 963
9347, 85, SetGraphicsRootConstantBufferView, 
9348, 85, SetGraphicsRoot32BitConstants, 
9349, 85, SetGraphicsRoot32BitConstants, 
9350, 85, SetGraphicsRootShaderResourceView, 
9351, 85, SetGraphicsRoot32BitConstants, 
9352, 85, SetGraphicsRoot32BitConstants, 
9353, 85, IASetVertexBuffers, 
9354, 85, IASetPrimitiveTopology, 
9355, 85, IASetIndexBuffer, 
9356, 85, DrawIndexedInstanced, 964
9357, 85, SetGraphicsRootConstantBufferView, 
9358, 85, SetGraphicsRoot32BitConstants, 
9359, 85, SetGraphicsRoot32BitConstants, 
9360, 85, SetGraphicsRootShaderResourceView, 
9361, 85, SetGraphicsRoot32BitConstants, 
9362, 85, SetGraphicsRoot32BitConstants, 
9363, 85, IASetVertexBuffers, 
9364, 85, IASetPrimitiveTopology, 
9365, 85, IASetIndexBuffer, 
9366, 85, DrawIndexedInstanced, 965
9367, 85, SetGraphicsRootConstantBufferView, 
9368, 85, SetGraphicsRoot32BitConstants, 
9369, 85, SetGraphicsRoot32BitConstants, 
9370, 85, SetGraphicsRootShaderResourceView, 
9371, 85, SetGraphicsRoot32BitConstants, 
9372, 85, SetGraphicsRoot32BitConstants, 
9373, 85, IASetVertexBuffers, 
9374, 85, IASetPrimitiveTopology, 
9375, 85, IASetIndexBuffer, 
9376, 85, DrawIndexedInstanced, 966
9377, 85, SetGraphicsRootConstantBufferView, 
9378, 85, SetGraphicsRoot32BitConstants, 
9379, 85, SetGraphicsRoot32BitConstants, 
9380, 85, SetGraphicsRootShaderResourceView, 
9381, 85, SetGraphicsRoot32BitConstants, 
9382, 85, SetGraphicsRoot32BitConstants, 
9383, 85, IASetVertexBuffers, 
9384, 85, IASetPrimitiveTopology, 
9385, 85, IASetIndexBuffer, 
9386, 85, DrawIndexedInstanced, 967
9387, 85, SetGraphicsRootConstantBufferView, 
9388, 85, SetGraphicsRoot32BitConstants, 
9389, 85, SetGraphicsRoot32BitConstants, 
9390, 85, SetGraphicsRootShaderResourceView, 
9391, 85, SetGraphicsRoot32BitConstants, 
9392, 85, SetGraphicsRoot32BitConstants, 
9393, 85, IASetVertexBuffers, 
9394, 85, IASetPrimitiveTopology, 
9395, 85, IASetIndexBuffer, 
9396, 85, DrawIndexedInstanced, 968
9397, 85, SetGraphicsRootConstantBufferView, 
9398, 85, SetGraphicsRoot32BitConstants, 
9399, 85, SetGraphicsRoot32BitConstants, 
9400, 85, SetGraphicsRootShaderResourceView, 
9401, 85, SetGraphicsRoot32BitConstants, 
9402, 85, SetGraphicsRoot32BitConstants, 
9403, 85, IASetVertexBuffers, 
9404, 85, IASetPrimitiveTopology, 
9405, 85, IASetIndexBuffer, 
9406, 85, DrawIndexedInstanced, 969
9407, 85, SetGraphicsRootConstantBufferView, 
9408, 85, SetGraphicsRoot32BitConstants, 
9409, 85, SetGraphicsRoot32BitConstants, 
9410, 85, SetGraphicsRootShaderResourceView, 
9411, 85, SetGraphicsRoot32BitConstants, 
9412, 85, SetGraphicsRoot32BitConstants, 
9413, 85, IASetVertexBuffers, 
9414, 85, IASetPrimitiveTopology, 
9415, 85, IASetIndexBuffer, 
9416, 85, DrawIndexedInstanced, 970
9417, 85, SetGraphicsRootConstantBufferView, 
9418, 85, SetGraphicsRoot32BitConstants, 
9419, 85, SetGraphicsRoot32BitConstants, 
9420, 85, SetGraphicsRootShaderResourceView, 
9421, 85, SetGraphicsRoot32BitConstants, 
9422, 85, SetGraphicsRoot32BitConstants, 
9423, 85, IASetVertexBuffers, 
9424, 85, IASetPrimitiveTopology, 
9425, 85, IASetIndexBuffer, 
9426, 85, DrawIndexedInstanced, 971
9427, 85, SetGraphicsRootConstantBufferView, 
9428, 85, SetGraphicsRoot32BitConstants, 
9429, 85, SetGraphicsRoot32BitConstants, 
9430, 85, SetGraphicsRootShaderResourceView, 
9431, 85, SetGraphicsRoot32BitConstants, 
9432, 85, SetGraphicsRoot32BitConstants, 
9433, 85, IASetVertexBuffers, 
9434, 85, IASetPrimitiveTopology, 
9435, 85, IASetIndexBuffer, 
9436, 85, DrawIndexedInstanced, 972
9437, 85, SetGraphicsRootConstantBufferView, 
9438, 85, SetGraphicsRoot32BitConstants, 
9439, 85, SetGraphicsRoot32BitConstants, 
9440, 85, SetGraphicsRootShaderResourceView, 
9441, 85, SetGraphicsRoot32BitConstants, 
9442, 85, SetGraphicsRoot32BitConstants, 
9443, 85, IASetVertexBuffers, 
9444, 85, IASetPrimitiveTopology, 
9445, 85, IASetIndexBuffer, 
9446, 85, DrawIndexedInstanced, 973
9447, 85, SetGraphicsRootConstantBufferView, 
9448, 85, SetGraphicsRoot32BitConstants, 
9449, 85, SetGraphicsRoot32BitConstants, 
9450, 85, SetGraphicsRootShaderResourceView, 
9451, 85, SetGraphicsRoot32BitConstants, 
9452, 85, SetGraphicsRoot32BitConstants, 
9453, 85, IASetVertexBuffers, 
9454, 85, IASetPrimitiveTopology, 
9455, 85, IASetIndexBuffer, 
9456, 85, DrawIndexedInstanced, 974
9457, 85, SetGraphicsRootConstantBufferView, 
9458, 85, SetGraphicsRoot32BitConstants, 
9459, 85, SetGraphicsRoot32BitConstants, 
9460, 85, SetGraphicsRootShaderResourceView, 
9461, 85, SetGraphicsRoot32BitConstants, 
9462, 85, SetGraphicsRoot32BitConstants, 
9463, 85, IASetVertexBuffers, 
9464, 85, IASetPrimitiveTopology, 
9465, 85, IASetIndexBuffer, 
9466, 85, DrawIndexedInstanced, 975
9467, 85, SetGraphicsRootConstantBufferView, 
9468, 85, SetGraphicsRoot32BitConstants, 
9469, 85, SetGraphicsRoot32BitConstants, 
9470, 85, SetGraphicsRootShaderResourceView, 
9471, 85, SetGraphicsRoot32BitConstants, 
9472, 85, SetGraphicsRoot32BitConstants, 
9473, 85, IASetVertexBuffers, 
9474, 85, IASetPrimitiveTopology, 
9475, 85, IASetIndexBuffer, 
9476, 85, DrawIndexedInstanced, 976
9477, 85, SetGraphicsRootConstantBufferView, 
9478, 85, SetGraphicsRoot32BitConstants, 
9479, 85, SetGraphicsRoot32BitConstants, 
9480, 85, SetGraphicsRootShaderResourceView, 
9481, 85, SetGraphicsRoot32BitConstants, 
9482, 85, SetGraphicsRoot32BitConstants, 
9483, 85, IASetVertexBuffers, 
9484, 85, IASetPrimitiveTopology, 
9485, 85, IASetIndexBuffer, 
9486, 85, DrawIndexedInstanced, 977
9487, 85, SetGraphicsRootConstantBufferView, 
9488, 85, SetGraphicsRoot32BitConstants, 
9489, 85, SetGraphicsRoot32BitConstants, 
9490, 85, SetGraphicsRootShaderResourceView, 
9491, 85, SetGraphicsRoot32BitConstants, 
9492, 85, SetGraphicsRoot32BitConstants, 
9493, 85, IASetVertexBuffers, 
9494, 85, IASetPrimitiveTopology, 
9495, 85, IASetIndexBuffer, 
9496, 85, DrawIndexedInstanced, 978
9497, 85, SetGraphicsRootConstantBufferView, 
9498, 85, SetGraphicsRoot32BitConstants, 
9499, 85, SetGraphicsRoot32BitConstants, 
9500, 85, SetGraphicsRootShaderResourceView, 
9501, 85, SetGraphicsRoot32BitConstants, 
9502, 85, SetGraphicsRoot32BitConstants, 
9503, 85, IASetVertexBuffers, 
9504, 85, IASetPrimitiveTopology, 
9505, 85, IASetIndexBuffer, 
9506, 85, DrawIndexedInstanced, 979
9507, 85, SetGraphicsRootConstantBufferView, 
9508, 85, SetGraphicsRoot32BitConstants, 
9509, 85, SetGraphicsRoot32BitConstants, 
9510, 85, SetGraphicsRootShaderResourceView, 
9511, 85, SetGraphicsRoot32BitConstants, 
9512, 85, SetGraphicsRoot32BitConstants, 
9513, 85, IASetVertexBuffers, 
9514, 85, IASetPrimitiveTopology, 
9515, 85, IASetIndexBuffer, 
9516, 85, DrawIndexedInstanced, 980
9517, 85, SetGraphicsRootConstantBufferView, 
9518, 85, SetGraphicsRoot32BitConstants, 
9519, 85, SetGraphicsRoot32BitConstants, 
9520, 85, SetGraphicsRootShaderResourceView, 
9521, 85, SetGraphicsRoot32BitConstants, 
9522, 85, SetGraphicsRoot32BitConstants, 
9523, 85, IASetVertexBuffers, 
9524, 85, IASetPrimitiveTopology, 
9525, 85, IASetIndexBuffer, 
9526, 85, DrawIndexedInstanced, 981
9527, 85, SetGraphicsRootConstantBufferView, 
9528, 85, SetGraphicsRoot32BitConstants, 
9529, 85, SetGraphicsRoot32BitConstants, 
9530, 85, SetGraphicsRootShaderResourceView, 
9531, 85, SetGraphicsRoot32BitConstants, 
9532, 85, SetGraphicsRoot32BitConstants, 
9533, 85, IASetVertexBuffers, 
9534, 85, IASetPrimitiveTopology, 
9535, 85, IASetIndexBuffer, 
9536, 85, DrawIndexedInstanced, 982
9537, 85, SetGraphicsRootConstantBufferView, 
9538, 85, SetGraphicsRoot32BitConstants, 
9539, 85, SetGraphicsRoot32BitConstants, 
9540, 85, SetGraphicsRootShaderResourceView, 
9541, 85, SetGraphicsRoot32BitConstants, 
9542, 85, SetGraphicsRoot32BitConstants, 
9543, 85, IASetVertexBuffers, 
9544, 85, IASetPrimitiveTopology, 
9545, 85, IASetIndexBuffer, 
9546, 85, DrawIndexedInstanced, 983
9547, 85, SetGraphicsRootConstantBufferView, 
9548, 85, SetGraphicsRoot32BitConstants, 
9549, 85, SetGraphicsRoot32BitConstants, 
9550, 85, SetGraphicsRootShaderResourceView, 
9551, 85, SetGraphicsRoot32BitConstants, 
9552, 85, SetGraphicsRoot32BitConstants, 
9553, 85, IASetVertexBuffers, 
9554, 85, IASetPrimitiveTopology, 
9555, 85, IASetIndexBuffer, 
9556, 85, DrawIndexedInstanced, 984
9557, 85, SetGraphicsRootConstantBufferView, 
9558, 85, SetGraphicsRoot32BitConstants, 
9559, 85, SetGraphicsRoot32BitConstants, 
9560, 85, SetGraphicsRootShaderResourceView, 
9561, 85, SetGraphicsRoot32BitConstants, 
9562, 85, SetGraphicsRoot32BitConstants, 
9563, 85, IASetVertexBuffers, 
9564, 85, IASetPrimitiveTopology, 
9565, 85, IASetIndexBuffer, 
9566, 85, DrawIndexedInstanced, 985
9567, 85, SetGraphicsRootConstantBufferView, 
9568, 85, SetGraphicsRoot32BitConstants, 
9569, 85, SetGraphicsRoot32BitConstants, 
9570, 85, SetGraphicsRootShaderResourceView, 
9571, 85, SetGraphicsRoot32BitConstants, 
9572, 85, SetGraphicsRoot32BitConstants, 
9573, 85, IASetVertexBuffers, 
9574, 85, IASetPrimitiveTopology, 
9575, 85, IASetIndexBuffer, 
9576, 85, DrawIndexedInstanced, 986
9577, 85, SetGraphicsRootConstantBufferView, 
9578, 85, SetGraphicsRoot32BitConstants, 
9579, 85, SetGraphicsRoot32BitConstants, 
9580, 85, SetGraphicsRootShaderResourceView, 
9581, 85, SetGraphicsRoot32BitConstants, 
9582, 85, SetGraphicsRoot32BitConstants, 
9583, 85, IASetVertexBuffers, 
9584, 85, IASetPrimitiveTopology, 
9585, 85, IASetIndexBuffer, 
9586, 85, DrawIndexedInstanced, 987
9587, 85, SetGraphicsRootConstantBufferView, 
9588, 85, SetGraphicsRoot32BitConstants, 
9589, 85, SetGraphicsRoot32BitConstants, 
9590, 85, SetGraphicsRootShaderResourceView, 
9591, 85, SetGraphicsRoot32BitConstants, 
9592, 85, SetGraphicsRoot32BitConstants, 
9593, 85, IASetVertexBuffers, 
9594, 85, IASetPrimitiveTopology, 
9595, 85, IASetIndexBuffer, 
9596, 85, DrawIndexedInstanced, 988
9597, 85, SetGraphicsRootConstantBufferView, 
9598, 85, SetGraphicsRoot32BitConstants, 
9599, 85, SetGraphicsRoot32BitConstants, 
9600, 85, SetGraphicsRootShaderResourceView, 
9601, 85, SetGraphicsRoot32BitConstants, 
9602, 85, SetGraphicsRoot32BitConstants, 
9603, 85, IASetVertexBuffers, 
9604, 85, IASetPrimitiveTopology, 
9605, 85, IASetIndexBuffer, 
9606, 85, DrawIndexedInstanced, 989
9607, 85, SetGraphicsRootConstantBufferView, 
9608, 85, SetGraphicsRoot32BitConstants, 
9609, 85, SetGraphicsRoot32BitConstants, 
9610, 85, SetGraphicsRootShaderResourceView, 
9611, 85, SetGraphicsRoot32BitConstants, 
9612, 85, SetGraphicsRoot32BitConstants, 
9613, 85, IASetVertexBuffers, 
9614, 85, IASetPrimitiveTopology, 
9615, 85, IASetIndexBuffer, 
9616, 85, DrawIndexedInstanced, 990
9617, 85, SetGraphicsRootConstantBufferView, 
9618, 85, SetGraphicsRoot32BitConstants, 
9619, 85, SetGraphicsRoot32BitConstants, 
9620, 85, SetGraphicsRootShaderResourceView, 
9621, 85, SetGraphicsRoot32BitConstants, 
9622, 85, SetGraphicsRoot32BitConstants, 
9623, 85, IASetVertexBuffers, 
9624, 85, IASetPrimitiveTopology, 
9625, 85, IASetIndexBuffer, 
9626, 85, DrawIndexedInstanced, 991
9627, 85, SetGraphicsRootConstantBufferView, 
9628, 85, SetGraphicsRoot32BitConstants, 
9629, 85, SetGraphicsRoot32BitConstants, 
9630, 85, SetGraphicsRootShaderResourceView, 
9631, 85, SetGraphicsRoot32BitConstants, 
9632, 85, SetGraphicsRoot32BitConstants, 
9633, 85, IASetVertexBuffers, 
9634, 85, IASetPrimitiveTopology, 
9635, 85, IASetIndexBuffer, 
9636, 85, DrawIndexedInstanced, 992
9637, 85, SetGraphicsRootConstantBufferView, 
9638, 85, SetGraphicsRoot32BitConstants, 
9639, 85, SetGraphicsRoot32BitConstants, 
9640, 85, SetGraphicsRootShaderResourceView, 
9641, 85, SetGraphicsRoot32BitConstants, 
9642, 85, SetGraphicsRoot32BitConstants, 
9643, 85, IASetVertexBuffers, 
9644, 85, IASetPrimitiveTopology, 
9645, 85, IASetIndexBuffer, 
9646, 85, DrawIndexedInstanced, 993
9647, 85, SetGraphicsRootConstantBufferView, 
9648, 85, SetGraphicsRoot32BitConstants, 
9649, 85, SetGraphicsRoot32BitConstants, 
9650, 85, SetGraphicsRootShaderResourceView, 
9651, 85, SetGraphicsRoot32BitConstants, 
9652, 85, SetGraphicsRoot32BitConstants, 
9653, 85, IASetVertexBuffers, 
9654, 85, IASetPrimitiveTopology, 
9655, 85, IASetIndexBuffer, 
9656, 85, DrawIndexedInstanced, 994
9657, 85, SetGraphicsRootConstantBufferView, 
9658, 85, SetGraphicsRoot32BitConstants, 
9659, 85, SetGraphicsRoot32BitConstants, 
9660, 85, SetGraphicsRootShaderResourceView, 
9661, 85, SetGraphicsRoot32BitConstants, 
9662, 85, SetGraphicsRoot32BitConstants, 
9663, 85, IASetVertexBuffers, 
9664, 85, IASetPrimitiveTopology, 
9665, 85, IASetIndexBuffer, 
9666, 85, DrawIndexedInstanced, 995
9667, 85, SetGraphicsRootConstantBufferView, 
9668, 85, SetGraphicsRoot32BitConstants, 
9669, 85, SetGraphicsRoot32BitConstants, 
9670, 85, SetGraphicsRootShaderResourceView, 
9671, 85, SetGraphicsRoot32BitConstants, 
9672, 85, SetGraphicsRoot32BitConstants, 
9673, 85, IASetVertexBuffers, 
9674, 85, IASetPrimitiveTopology, 
9675, 85, IASetIndexBuffer, 
9676, 85, DrawIndexedInstanced, 996
9677, 85, SetGraphicsRootConstantBufferView, 
9678, 85, SetGraphicsRoot32BitConstants, 
9679, 85, SetGraphicsRoot32BitConstants, 
9680, 85, SetGraphicsRootShaderResourceView, 
9681, 85, SetGraphicsRoot32BitConstants, 
9682, 85, SetGraphicsRoot32BitConstants, 
9683, 85, IASetVertexBuffers, 
9684, 85, IASetPrimitiveTopology, 
9685, 85, IASetIndexBuffer, 
9686, 85, DrawIndexedInstanced, 997
9687, 85, SetGraphicsRootConstantBufferView, 
9688, 85, SetGraphicsRoot32BitConstants, 
9689, 85, SetGraphicsRoot32BitConstants, 
9690, 85, SetGraphicsRootShaderResourceView, 
9691, 85, SetGraphicsRoot32BitConstants, 
9692, 85, SetGraphicsRoot32BitConstants, 
9693, 85, IASetVertexBuffers, 
9694, 85, IASetPrimitiveTopology, 
9695, 85, IASetIndexBuffer, 
9696, 85, DrawIndexedInstanced, 998
9697, 85, SetGraphicsRootConstantBufferView, 
9698, 85, SetGraphicsRoot32BitConstants, 
9699, 85, SetGraphicsRoot32BitConstants, 
9700, 85, SetGraphicsRootShaderResourceView, 
9701, 85, SetGraphicsRoot32BitConstants, 
9702, 85, SetGraphicsRoot32BitConstants, 
9703, 85, IASetVertexBuffers, 
9704, 85, IASetPrimitiveTopology, 
9705, 85, IASetIndexBuffer, 
9706, 85, DrawIndexedInstanced, 999
9707, 85, SetGraphicsRootConstantBufferView, 
9708, 85, SetGraphicsRoot32BitConstants, 
9709, 85, SetGraphicsRoot32BitConstants, 
9710, 85, SetGraphicsRootShaderResourceView, 
9711, 85, SetGraphicsRoot32BitConstants, 
9712, 85, SetGraphicsRoot32BitConstants, 
9713, 85, IASetVertexBuffers, 
9714, 85, IASetPrimitiveTopology, 
9715, 85, IASetIndexBuffer, 
9716, 85, DrawIndexedInstanced, 1000
9717, 85, SetGraphicsRootConstantBufferView, 
9718, 85, SetGraphicsRoot32BitConstants, 
9719, 85, SetGraphicsRoot32BitConstants, 
9720, 85, SetGraphicsRootShaderResourceView, 
9721, 85, SetGraphicsRoot32BitConstants, 
9722, 85, SetGraphicsRoot32BitConstants, 
9723, 85, IASetVertexBuffers, 
9724, 85, IASetPrimitiveTopology, 
9725, 85, IASetIndexBuffer, 
9726, 85, DrawIndexedInstanced, 1001
9727, 85, SetGraphicsRootConstantBufferView, 
9728, 85, SetGraphicsRoot32BitConstants, 
9729, 85, SetGraphicsRoot32BitConstants, 
9730, 85, SetGraphicsRootShaderResourceView, 
9731, 85, SetGraphicsRoot32BitConstants, 
9732, 85, SetGraphicsRoot32BitConstants, 
9733, 85, IASetVertexBuffers, 
9734, 85, IASetPrimitiveTopology, 
9735, 85, IASetIndexBuffer, 
9736, 85, DrawIndexedInstanced, 1002
9737, 85, SetGraphicsRootConstantBufferView, 
9738, 85, SetGraphicsRoot32BitConstants, 
9739, 85, SetGraphicsRoot32BitConstants, 
9740, 85, SetGraphicsRootShaderResourceView, 
9741, 85, SetGraphicsRoot32BitConstants, 
9742, 85, SetGraphicsRoot32BitConstants, 
9743, 85, IASetVertexBuffers, 
9744, 85, IASetPrimitiveTopology, 
9745, 85, IASetIndexBuffer, 
9746, 85, DrawIndexedInstanced, 1003
9747, 85, SetGraphicsRootConstantBufferView, 
9748, 85, SetGraphicsRoot32BitConstants, 
9749, 85, SetGraphicsRoot32BitConstants, 
9750, 85, SetGraphicsRootShaderResourceView, 
9751, 85, SetGraphicsRoot32BitConstants, 
9752, 85, SetGraphicsRoot32BitConstants, 
9753, 85, IASetVertexBuffers, 
9754, 85, IASetPrimitiveTopology, 
9755, 85, IASetIndexBuffer, 
9756, 85, DrawIndexedInstanced, 1004
9757, 85, SetGraphicsRootConstantBufferView, 
9758, 85, SetGraphicsRoot32BitConstants, 
9759, 85, SetGraphicsRoot32BitConstants, 
9760, 85, SetGraphicsRootShaderResourceView, 
9761, 85, SetGraphicsRoot32BitConstants, 
9762, 85, SetGraphicsRoot32BitConstants, 
9763, 85, IASetVertexBuffers, 
9764, 85, IASetPrimitiveTopology, 
9765, 85, IASetIndexBuffer, 
9766, 85, DrawIndexedInstanced, 1005
9767, 85, SetGraphicsRootConstantBufferView, 
9768, 85, SetGraphicsRoot32BitConstants, 
9769, 85, SetGraphicsRoot32BitConstants, 
9770, 85, SetGraphicsRootShaderResourceView, 
9771, 85, SetGraphicsRoot32BitConstants, 
9772, 85, SetGraphicsRoot32BitConstants, 
9773, 85, IASetVertexBuffers, 
9774, 85, IASetPrimitiveTopology, 
9775, 85, IASetIndexBuffer, 
9776, 85, DrawIndexedInstanced, 1006
9777, 85, SetGraphicsRootConstantBufferView, 
9778, 85, SetGraphicsRoot32BitConstants, 
9779, 85, SetGraphicsRoot32BitConstants, 
9780, 85, SetGraphicsRootShaderResourceView, 
9781, 85, SetGraphicsRoot32BitConstants, 
9782, 85, SetGraphicsRoot32BitConstants, 
9783, 85, IASetVertexBuffers, 
9784, 85, IASetPrimitiveTopology, 
9785, 85, IASetIndexBuffer, 
9786, 85, DrawIndexedInstanced, 1007
9787, 85, SetGraphicsRootConstantBufferView, 
9788, 85, SetGraphicsRoot32BitConstants, 
9789, 85, SetGraphicsRoot32BitConstants, 
9790, 85, SetGraphicsRootShaderResourceView, 
9791, 85, SetGraphicsRoot32BitConstants, 
9792, 85, SetGraphicsRoot32BitConstants, 
9793, 85, IASetVertexBuffers, 
9794, 85, IASetPrimitiveTopology, 
9795, 85, IASetIndexBuffer, 
9796, 85, DrawIndexedInstanced, 1008
9797, 85, SetGraphicsRootConstantBufferView, 
9798, 85, SetGraphicsRoot32BitConstants, 
9799, 85, SetGraphicsRoot32BitConstants, 
9800, 85, SetGraphicsRootShaderResourceView, 
9801, 85, SetGraphicsRoot32BitConstants, 
9802, 85, SetGraphicsRoot32BitConstants, 
9803, 85, IASetVertexBuffers, 
9804, 85, IASetPrimitiveTopology, 
9805, 85, IASetIndexBuffer, 
9806, 85, DrawIndexedInstanced, 1009
9807, 85, SetGraphicsRootConstantBufferView, 
9808, 85, SetGraphicsRoot32BitConstants, 
9809, 85, SetGraphicsRoot32BitConstants, 
9810, 85, SetGraphicsRootShaderResourceView, 
9811, 85, SetGraphicsRoot32BitConstants, 
9812, 85, SetGraphicsRoot32BitConstants, 
9813, 85, IASetVertexBuffers, 
9814, 85, IASetPrimitiveTopology, 
9815, 85, IASetIndexBuffer, 
9816, 85, DrawIndexedInstanced, 1010
9817, 85, SetGraphicsRootConstantBufferView, 
9818, 85, SetGraphicsRoot32BitConstants, 
9819, 85, SetGraphicsRoot32BitConstants, 
9820, 85, SetGraphicsRootShaderResourceView, 
9821, 85, SetGraphicsRoot32BitConstants, 
9822, 85, SetGraphicsRoot32BitConstants, 
9823, 85, IASetVertexBuffers, 
9824, 85, IASetPrimitiveTopology, 
9825, 85, IASetIndexBuffer, 
9826, 85, DrawIndexedInstanced, 1011
9827, 85, SetGraphicsRootConstantBufferView, 
9828, 85, SetGraphicsRoot32BitConstants, 
9829, 85, SetGraphicsRoot32BitConstants, 
9830, 85, SetGraphicsRootShaderResourceView, 
9831, 85, SetGraphicsRoot32BitConstants, 
9832, 85, SetGraphicsRoot32BitConstants, 
9833, 85, IASetVertexBuffers, 
9834, 85, IASetPrimitiveTopology, 
9835, 85, IASetIndexBuffer, 
9836, 85, DrawIndexedInstanced, 1012
9837, 85, SetGraphicsRootConstantBufferView, 
9838, 85, SetGraphicsRoot32BitConstants, 
9839, 85, SetGraphicsRoot32BitConstants, 
9840, 85, SetGraphicsRootShaderResourceView, 
9841, 85, SetGraphicsRoot32BitConstants, 
9842, 85, SetGraphicsRoot32BitConstants, 
9843, 85, IASetVertexBuffers, 
9844, 85, IASetPrimitiveTopology, 
9845, 85, IASetIndexBuffer, 
9846, 85, DrawIndexedInstanced, 1013
9847, 85, SetGraphicsRootConstantBufferView, 
9848, 85, SetGraphicsRoot32BitConstants, 
9849, 85, SetGraphicsRoot32BitConstants, 
9850, 85, SetGraphicsRootShaderResourceView, 
9851, 85, SetGraphicsRoot32BitConstants, 
9852, 85, SetGraphicsRoot32BitConstants, 
9853, 85, IASetVertexBuffers, 
9854, 85, IASetPrimitiveTopology, 
9855, 85, IASetIndexBuffer, 
9856, 85, DrawIndexedInstanced, 1014
9857, 85, SetGraphicsRootConstantBufferView, 
9858, 85, SetGraphicsRoot32BitConstants, 
9859, 85, SetGraphicsRoot32BitConstants, 
9860, 85, SetGraphicsRootShaderResourceView, 
9861, 85, SetGraphicsRoot32BitConstants, 
9862, 85, SetGraphicsRoot32BitConstants, 
9863, 85, IASetVertexBuffers, 
9864, 85, IASetPrimitiveTopology, 
9865, 85, IASetIndexBuffer, 
9866, 85, DrawIndexedInstanced, 1015
9867, 85, SetGraphicsRootConstantBufferView, 
9868, 85, SetGraphicsRoot32BitConstants, 
9869, 85, SetGraphicsRoot32BitConstants, 
9870, 85, SetGraphicsRootShaderResourceView, 
9871, 85, SetGraphicsRoot32BitConstants, 
9872, 85, SetGraphicsRoot32BitConstants, 
9873, 85, IASetVertexBuffers, 
9874, 85, IASetPrimitiveTopology, 
9875, 85, IASetIndexBuffer, 
9876, 85, DrawIndexedInstanced, 1016
9877, 85, SetGraphicsRootConstantBufferView, 
9878, 85, SetGraphicsRoot32BitConstants, 
9879, 85, SetGraphicsRoot32BitConstants, 
9880, 85, SetGraphicsRootShaderResourceView, 
9881, 85, SetGraphicsRoot32BitConstants, 
9882, 85, SetGraphicsRoot32BitConstants, 
9883, 85, IASetVertexBuffers, 
9884, 85, IASetPrimitiveTopology, 
9885, 85, IASetIndexBuffer, 
9886, 85, DrawIndexedInstanced, 1017
9887, 85, SetGraphicsRootConstantBufferView, 
9888, 85, SetGraphicsRoot32BitConstants, 
9889, 85, SetGraphicsRoot32BitConstants, 
9890, 85, SetGraphicsRootShaderResourceView, 
9891, 85, SetGraphicsRoot32BitConstants, 
9892, 85, SetGraphicsRoot32BitConstants, 
9893, 85, IASetVertexBuffers, 
9894, 85, IASetPrimitiveTopology, 
9895, 85, IASetIndexBuffer, 
9896, 85, DrawIndexedInstanced, 1018
9897, 85, SetGraphicsRootConstantBufferView, 
9898, 85, SetGraphicsRoot32BitConstants, 
9899, 85, SetGraphicsRoot32BitConstants, 
9900, 85, SetGraphicsRootShaderResourceView, 
9901, 85, SetGraphicsRoot32BitConstants, 
9902, 85, SetGraphicsRoot32BitConstants, 
9903, 85, IASetVertexBuffers, 
9904, 85, IASetPrimitiveTopology, 
9905, 85, IASetIndexBuffer, 
9906, 85, DrawIndexedInstanced, 1019
9907, 85, SetGraphicsRootConstantBufferView, 
9908, 85, SetGraphicsRoot32BitConstants, 
9909, 85, SetGraphicsRoot32BitConstants, 
9910, 85, SetGraphicsRootShaderResourceView, 
9911, 85, SetGraphicsRoot32BitConstants, 
9912, 85, SetGraphicsRoot32BitConstants, 
9913, 85, IASetVertexBuffers, 
9914, 85, IASetPrimitiveTopology, 
9915, 85, IASetIndexBuffer, 
9916, 85, DrawIndexedInstanced, 1020
9917, 85, SetGraphicsRootConstantBufferView, 
9918, 85, SetGraphicsRoot32BitConstants, 
9919, 85, SetGraphicsRoot32BitConstants, 
9920, 85, SetGraphicsRootShaderResourceView, 
9921, 85, SetGraphicsRoot32BitConstants, 
9922, 85, SetGraphicsRoot32BitConstants, 
9923, 85, IASetVertexBuffers, 
9924, 85, IASetPrimitiveTopology, 
9925, 85, IASetIndexBuffer, 
9926, 85, DrawIndexedInstanced, 1021
9927, 85, SetGraphicsRootConstantBufferView, 
9928, 85, SetGraphicsRoot32BitConstants, 
9929, 85, SetGraphicsRoot32BitConstants, 
9930, 85, SetGraphicsRootShaderResourceView, 
9931, 85, SetGraphicsRoot32BitConstants, 
9932, 85, SetGraphicsRoot32BitConstants, 
9933, 85, IASetVertexBuffers, 
9934, 85, IASetPrimitiveTopology, 
9935, 85, IASetIndexBuffer, 
9936, 85, DrawIndexedInstanced, 1022
9937, 85, SetGraphicsRootConstantBufferView, 
9938, 85, SetGraphicsRoot32BitConstants, 
9939, 85, SetGraphicsRoot32BitConstants, 
9940, 85, SetGraphicsRootShaderResourceView, 
9941, 85, SetGraphicsRoot32BitConstants, 
9942, 85, SetGraphicsRoot32BitConstants, 
9943, 85, IASetVertexBuffers, 
9944, 85, IASetPrimitiveTopology, 
9945, 85, IASetIndexBuffer, 
9946, 85, DrawIndexedInstanced, 1023
9947, 85, SetGraphicsRootConstantBufferView, 
9948, 85, SetGraphicsRoot32BitConstants, 
9949, 85, SetGraphicsRoot32BitConstants, 
9950, 85, SetGraphicsRootShaderResourceView, 
9951, 85, SetGraphicsRoot32BitConstants, 
9952, 85, SetGraphicsRoot32BitConstants, 
9953, 85, IASetVertexBuffers, 
9954, 85, IASetPrimitiveTopology, 
9955, 85, IASetIndexBuffer, 
9956, 85, DrawIndexedInstanced, 1024
9957, 85, SetGraphicsRootConstantBufferView, 
9958, 85, SetGraphicsRoot32BitConstants, 
9959, 85, SetGraphicsRoot32BitConstants, 
9960, 85, SetGraphicsRootShaderResourceView, 
9961, 85, SetGraphicsRoot32BitConstants, 
9962, 85, SetGraphicsRoot32BitConstants, 
9963, 85, IASetVertexBuffers, 
9964, 85, IASetPrimitiveTopology, 
9965, 85, IASetIndexBuffer, 
9966, 85, DrawIndexedInstanced, 1025
9967, 85, SetGraphicsRootConstantBufferView, 
9968, 85, SetGraphicsRoot32BitConstants, 
9969, 85, SetGraphicsRoot32BitConstants, 
9970, 85, SetGraphicsRootShaderResourceView, 
9971, 85, SetGraphicsRoot32BitConstants, 
9972, 85, SetGraphicsRoot32BitConstants, 
9973, 85, IASetVertexBuffers, 
9974, 85, IASetPrimitiveTopology, 
9975, 85, IASetIndexBuffer, 
9976, 85, DrawIndexedInstanced, 1026
9977, 85, SetGraphicsRootConstantBufferView, 
9978, 85, SetGraphicsRoot32BitConstants, 
9979, 85, SetGraphicsRoot32BitConstants, 
9980, 85, SetGraphicsRootShaderResourceView, 
9981, 85, SetGraphicsRoot32BitConstants, 
9982, 85, SetGraphicsRoot32BitConstants, 
9983, 85, IASetVertexBuffers, 
9984, 85, IASetPrimitiveTopology, 
9985, 85, IASetIndexBuffer, 
9986, 85, DrawIndexedInstanced, 1027
9987, 85, SetGraphicsRootConstantBufferView, 
9988, 85, SetGraphicsRoot32BitConstants, 
9989, 85, SetGraphicsRoot32BitConstants, 
9990, 85, SetGraphicsRootShaderResourceView, 
9991, 85, SetGraphicsRoot32BitConstants, 
9992, 85, SetGraphicsRoot32BitConstants, 
9993, 85, IASetVertexBuffers, 
9994, 85, IASetPrimitiveTopology, 
9995, 85, IASetIndexBuffer, 
9996, 85, DrawIndexedInstanced, 1028
9997, 85, SetGraphicsRootConstantBufferView, 
9998, 85, SetGraphicsRoot32BitConstants, 
9999, 85, SetGraphicsRoot32BitConstants, 
10000, 85, SetGraphicsRootShaderResourceView, 
10001, 85, SetGraphicsRoot32BitConstants, 
10002, 85, SetGraphicsRoot32BitConstants, 
10003, 85, IASetVertexBuffers, 
10004, 85, IASetPrimitiveTopology, 
10005, 85, IASetIndexBuffer, 
10006, 85, DrawIndexedInstanced, 1029
10007, 85, SetGraphicsRootConstantBufferView, 
10008, 85, SetGraphicsRoot32BitConstants, 
10009, 85, SetGraphicsRoot32BitConstants, 
10010, 85, SetGraphicsRootShaderResourceView, 
10011, 85, SetGraphicsRoot32BitConstants, 
10012, 85, SetGraphicsRoot32BitConstants, 
10013, 85, IASetVertexBuffers, 
10014, 85, IASetPrimitiveTopology, 
10015, 85, IASetIndexBuffer, 
10016, 85, DrawIndexedInstanced, 1030
10017, 85, SetGraphicsRootConstantBufferView, 
10018, 85, SetGraphicsRoot32BitConstants, 
10019, 85, SetGraphicsRoot32BitConstants, 
10020, 85, SetGraphicsRootShaderResourceView, 
10021, 85, SetGraphicsRoot32BitConstants, 
10022, 85, SetGraphicsRoot32BitConstants, 
10023, 85, IASetVertexBuffers, 
10024, 85, IASetPrimitiveTopology, 
10025, 85, IASetIndexBuffer, 
10026, 85, DrawIndexedInstanced, 1031
10027, 85, SetGraphicsRootConstantBufferView, 
10028, 85, SetGraphicsRoot32BitConstants, 
10029, 85, SetGraphicsRoot32BitConstants, 
10030, 85, SetGraphicsRootShaderResourceView, 
10031, 85, SetGraphicsRoot32BitConstants, 
10032, 85, SetGraphicsRoot32BitConstants, 
10033, 85, IASetVertexBuffers, 
10034, 85, IASetPrimitiveTopology, 
10035, 85, IASetIndexBuffer, 
10036, 85, DrawIndexedInstanced, 1032
10037, 85, SetGraphicsRootConstantBufferView, 
10038, 85, SetGraphicsRoot32BitConstants, 
10039, 85, SetGraphicsRoot32BitConstants, 
10040, 85, SetGraphicsRootShaderResourceView, 
10041, 85, SetGraphicsRoot32BitConstants, 
10042, 85, SetGraphicsRoot32BitConstants, 
10043, 85, IASetVertexBuffers, 
10044, 85, IASetPrimitiveTopology, 
10045, 85, IASetIndexBuffer, 
10046, 85, DrawIndexedInstanced, 1033
10047, 85, SetGraphicsRootConstantBufferView, 
10048, 85, SetGraphicsRoot32BitConstants, 
10049, 85, SetGraphicsRoot32BitConstants, 
10050, 85, SetGraphicsRootShaderResourceView, 
10051, 85, SetGraphicsRoot32BitConstants, 
10052, 85, SetGraphicsRoot32BitConstants, 
10053, 85, IASetVertexBuffers, 
10054, 85, IASetPrimitiveTopology, 
10055, 85, IASetIndexBuffer, 
10056, 85, DrawIndexedInstanced, 1034
10057, 85, SetGraphicsRootConstantBufferView, 
10058, 85, SetGraphicsRoot32BitConstants, 
10059, 85, SetGraphicsRoot32BitConstants, 
10060, 85, SetGraphicsRootShaderResourceView, 
10061, 85, SetGraphicsRoot32BitConstants, 
10062, 85, SetGraphicsRoot32BitConstants, 
10063, 85, IASetVertexBuffers, 
10064, 85, IASetPrimitiveTopology, 
10065, 85, IASetIndexBuffer, 
10066, 85, DrawIndexedInstanced, 1035
10067, 85, SetGraphicsRootConstantBufferView, 
10068, 85, SetGraphicsRoot32BitConstants, 
10069, 85, SetGraphicsRoot32BitConstants, 
10070, 85, SetGraphicsRootShaderResourceView, 
10071, 85, SetGraphicsRoot32BitConstants, 
10072, 85, SetGraphicsRoot32BitConstants, 
10073, 85, IASetVertexBuffers, 
10074, 85, IASetPrimitiveTopology, 
10075, 85, IASetIndexBuffer, 
10076, 85, DrawIndexedInstanced, 1036
10077, 85, SetGraphicsRootConstantBufferView, 
10078, 85, SetGraphicsRoot32BitConstants, 
10079, 85, SetGraphicsRoot32BitConstants, 
10080, 85, SetGraphicsRootShaderResourceView, 
10081, 85, SetGraphicsRoot32BitConstants, 
10082, 85, SetGraphicsRoot32BitConstants, 
10083, 85, IASetVertexBuffers, 
10084, 85, IASetPrimitiveTopology, 
10085, 85, IASetIndexBuffer, 
10086, 85, DrawIndexedInstanced, 1037
10087, 85, SetGraphicsRootConstantBufferView, 
10088, 85, SetGraphicsRoot32BitConstants, 
10089, 85, SetGraphicsRoot32BitConstants, 
10090, 85, SetGraphicsRootShaderResourceView, 
10091, 85, SetGraphicsRoot32BitConstants, 
10092, 85, SetGraphicsRoot32BitConstants, 
10093, 85, IASetVertexBuffers, 
10094, 85, IASetPrimitiveTopology, 
10095, 85, IASetIndexBuffer, 
10096, 85, DrawIndexedInstanced, 1038
10097, 85, SetGraphicsRootConstantBufferView, 
10098, 85, SetGraphicsRoot32BitConstants, 
10099, 85, SetGraphicsRoot32BitConstants, 
10100, 85, SetGraphicsRootShaderResourceView, 
10101, 85, SetGraphicsRoot32BitConstants, 
10102, 85, SetGraphicsRoot32BitConstants, 
10103, 85, IASetVertexBuffers, 
10104, 85, IASetPrimitiveTopology, 
10105, 85, IASetIndexBuffer, 
10106, 85, DrawIndexedInstanced, 1039
10107, 85, SetGraphicsRootConstantBufferView, 
10108, 85, SetGraphicsRoot32BitConstants, 
10109, 85, SetGraphicsRoot32BitConstants, 
10110, 85, SetGraphicsRootShaderResourceView, 
10111, 85, SetGraphicsRoot32BitConstants, 
10112, 85, SetGraphicsRoot32BitConstants, 
10113, 85, IASetVertexBuffers, 
10114, 85, IASetPrimitiveTopology, 
10115, 85, IASetIndexBuffer, 
10116, 85, DrawIndexedInstanced, 1040
10117, 85, SetGraphicsRootConstantBufferView, 
10118, 85, SetGraphicsRoot32BitConstants, 
10119, 85, SetGraphicsRoot32BitConstants, 
10120, 85, SetGraphicsRootShaderResourceView, 
10121, 85, SetGraphicsRoot32BitConstants, 
10122, 85, SetGraphicsRoot32BitConstants, 
10123, 85, IASetVertexBuffers, 
10124, 85, IASetPrimitiveTopology, 
10125, 85, IASetIndexBuffer, 
10126, 85, DrawIndexedInstanced, 1041
10127, 85, SetGraphicsRootConstantBufferView, 
10128, 85, SetGraphicsRoot32BitConstants, 
10129, 85, SetGraphicsRoot32BitConstants, 
10130, 85, SetGraphicsRootShaderResourceView, 
10131, 85, SetGraphicsRoot32BitConstants, 
10132, 85, SetGraphicsRoot32BitConstants, 
10133, 85, IASetVertexBuffers, 
10134, 85, IASetPrimitiveTopology, 
10135, 85, IASetIndexBuffer, 
10136, 85, DrawIndexedInstanced, 1042
10137, 85, SetGraphicsRootConstantBufferView, 
10138, 85, SetGraphicsRoot32BitConstants, 
10139, 85, SetGraphicsRoot32BitConstants, 
10140, 85, SetGraphicsRootShaderResourceView, 
10141, 85, SetGraphicsRoot32BitConstants, 
10142, 85, SetGraphicsRoot32BitConstants, 
10143, 85, IASetVertexBuffers, 
10144, 85, IASetPrimitiveTopology, 
10145, 85, IASetIndexBuffer, 
10146, 85, DrawIndexedInstanced, 1043
10147, 85, SetGraphicsRootConstantBufferView, 
10148, 85, SetGraphicsRoot32BitConstants, 
10149, 85, SetGraphicsRoot32BitConstants, 
10150, 85, SetGraphicsRootShaderResourceView, 
10151, 85, SetGraphicsRoot32BitConstants, 
10152, 85, SetGraphicsRoot32BitConstants, 
10153, 85, IASetVertexBuffers, 
10154, 85, IASetPrimitiveTopology, 
10155, 85, IASetIndexBuffer, 
10156, 85, DrawIndexedInstanced, 1044
10157, 85, SetGraphicsRootConstantBufferView, 
10158, 85, SetGraphicsRoot32BitConstants, 
10159, 85, SetGraphicsRoot32BitConstants, 
10160, 85, SetGraphicsRootShaderResourceView, 
10161, 85, SetGraphicsRoot32BitConstants, 
10162, 85, SetGraphicsRoot32BitConstants, 
10163, 85, IASetVertexBuffers, 
10164, 85, IASetPrimitiveTopology, 
10165, 85, IASetIndexBuffer, 
10166, 85, DrawIndexedInstanced, 1045
10167, 85, SetGraphicsRootConstantBufferView, 
10168, 85, SetGraphicsRoot32BitConstants, 
10169, 85, SetGraphicsRoot32BitConstants, 
10170, 85, SetGraphicsRootShaderResourceView, 
10171, 85, SetGraphicsRoot32BitConstants, 
10172, 85, SetGraphicsRoot32BitConstants, 
10173, 85, IASetVertexBuffers, 
10174, 85, IASetPrimitiveTopology, 
10175, 85, IASetIndexBuffer, 
10176, 85, DrawIndexedInstanced, 1046
10177, 85, SetGraphicsRootConstantBufferView, 
10178, 85, SetGraphicsRoot32BitConstants, 
10179, 85, SetGraphicsRoot32BitConstants, 
10180, 85, SetGraphicsRootShaderResourceView, 
10181, 85, SetGraphicsRoot32BitConstants, 
10182, 85, SetGraphicsRoot32BitConstants, 
10183, 85, IASetVertexBuffers, 
10184, 85, IASetPrimitiveTopology, 
10185, 85, IASetIndexBuffer, 
10186, 85, DrawIndexedInstanced, 1047
10187, 85, SetGraphicsRootConstantBufferView, 
10188, 85, SetGraphicsRoot32BitConstants, 
10189, 85, SetGraphicsRoot32BitConstants, 
10190, 85, SetGraphicsRootShaderResourceView, 
10191, 85, SetGraphicsRoot32BitConstants, 
10192, 85, SetGraphicsRoot32BitConstants, 
10193, 85, IASetVertexBuffers, 
10194, 85, IASetPrimitiveTopology, 
10195, 85, IASetIndexBuffer, 
10196, 85, DrawIndexedInstanced, 1048
10197, 85, SetGraphicsRootConstantBufferView, 
10198, 85, SetGraphicsRoot32BitConstants, 
10199, 85, SetGraphicsRoot32BitConstants, 
10200, 85, SetGraphicsRootShaderResourceView, 
10201, 85, SetGraphicsRoot32BitConstants, 
10202, 85, SetGraphicsRoot32BitConstants, 
10203, 85, IASetVertexBuffers, 
10204, 85, IASetPrimitiveTopology, 
10205, 85, IASetIndexBuffer, 
10206, 85, DrawIndexedInstanced, 1049
10207, 85, SetGraphicsRootConstantBufferView, 
10208, 85, SetGraphicsRoot32BitConstants, 
10209, 85, SetGraphicsRoot32BitConstants, 
10210, 85, SetGraphicsRootShaderResourceView, 
10211, 85, SetGraphicsRoot32BitConstants, 
10212, 85, SetGraphicsRoot32BitConstants, 
10213, 85, IASetVertexBuffers, 
10214, 85, IASetPrimitiveTopology, 
10215, 85, IASetIndexBuffer, 
10216, 85, DrawIndexedInstanced, 1050
10217, 85, SetGraphicsRootConstantBufferView, 
10218, 85, SetGraphicsRoot32BitConstants, 
10219, 85, SetGraphicsRoot32BitConstants, 
10220, 85, SetGraphicsRootShaderResourceView, 
10221, 85, SetGraphicsRoot32BitConstants, 
10222, 85, SetGraphicsRoot32BitConstants, 
10223, 85, IASetVertexBuffers, 
10224, 85, IASetPrimitiveTopology, 
10225, 85, IASetIndexBuffer, 
10226, 85, DrawIndexedInstanced, 1051
10227, 85, SetGraphicsRootConstantBufferView, 
10228, 85, SetGraphicsRoot32BitConstants, 
10229, 85, SetGraphicsRoot32BitConstants, 
10230, 85, SetGraphicsRootShaderResourceView, 
10231, 85, SetGraphicsRoot32BitConstants, 
10232, 85, SetGraphicsRoot32BitConstants, 
10233, 85, IASetVertexBuffers, 
10234, 85, IASetPrimitiveTopology, 
10235, 85, IASetIndexBuffer, 
10236, 85, DrawIndexedInstanced, 1052
10237, 85, SetGraphicsRootConstantBufferView, 
10238, 85, SetGraphicsRoot32BitConstants, 
10239, 85, SetGraphicsRoot32BitConstants, 
10240, 85, SetGraphicsRootShaderResourceView, 
10241, 85, SetGraphicsRoot32BitConstants, 
10242, 85, SetGraphicsRoot32BitConstants, 
10243, 85, IASetVertexBuffers, 
10244, 85, IASetPrimitiveTopology, 
10245, 85, IASetIndexBuffer, 
10246, 85, DrawIndexedInstanced, 1053
10247, 85, SetGraphicsRootConstantBufferView, 
10248, 85, SetGraphicsRoot32BitConstants, 
10249, 85, SetGraphicsRoot32BitConstants, 
10250, 85, SetGraphicsRootShaderResourceView, 
10251, 85, SetGraphicsRootConstantBufferView, 
10252, 85, SetGraphicsRoot32BitConstants, 
10253, 85, SetGraphicsRoot32BitConstants, 
10254, 85, SetGraphicsRootShaderResourceView, 
10255, 85, SetGraphicsRootConstantBufferView, 
10256, 85, SetGraphicsRoot32BitConstants, 
10257, 85, SetGraphicsRoot32BitConstants, 
10258, 85, SetGraphicsRootShaderResourceView, 
10259, 85, SetGraphicsRoot32BitConstants, 
10260, 85, SetGraphicsRoot32BitConstants, 
10261, 85, IASetVertexBuffers, 
10262, 85, IASetPrimitiveTopology, 
10263, 85, IASetIndexBuffer, 
10264, 85, DrawIndexedInstanced, 1054
10265, 85, SetGraphicsRootConstantBufferView, 
10266, 85, SetGraphicsRoot32BitConstants, 
10267, 85, SetGraphicsRoot32BitConstants, 
10268, 85, SetGraphicsRootShaderResourceView, 
10269, 85, SetGraphicsRoot32BitConstants, 
10270, 85, SetGraphicsRoot32BitConstants, 
10271, 85, IASetVertexBuffers, 
10272, 85, IASetPrimitiveTopology, 
10273, 85, IASetIndexBuffer, 
10274, 85, DrawIndexedInstanced, 1055
10275, 85, SetGraphicsRootConstantBufferView, 
10276, 85, SetGraphicsRoot32BitConstants, 
10277, 85, SetGraphicsRoot32BitConstants, 
10278, 85, SetGraphicsRootShaderResourceView, 
10279, 85, SetGraphicsRoot32BitConstants, 
10280, 85, SetGraphicsRoot32BitConstants, 
10281, 85, IASetVertexBuffers, 
10282, 85, IASetPrimitiveTopology, 
10283, 85, IASetIndexBuffer, 
10284, 85, DrawIndexedInstanced, 1056
10285, 85, SetGraphicsRootConstantBufferView, 
10286, 85, SetGraphicsRoot32BitConstants, 
10287, 85, SetGraphicsRoot32BitConstants, 
10288, 85, SetGraphicsRootShaderResourceView, 
10289, 85, SetGraphicsRoot32BitConstants, 
10290, 85, SetGraphicsRoot32BitConstants, 
10291, 85, IASetVertexBuffers, 
10292, 85, IASetPrimitiveTopology, 
10293, 85, IASetIndexBuffer, 
10294, 85, DrawIndexedInstanced, 1057
10295, 85, SetGraphicsRootConstantBufferView, 
10296, 85, SetGraphicsRoot32BitConstants, 
10297, 85, SetGraphicsRoot32BitConstants, 
10298, 85, SetGraphicsRootShaderResourceView, 
10299, 85, SetGraphicsRoot32BitConstants, 
10300, 85, SetGraphicsRoot32BitConstants, 
10301, 85, IASetVertexBuffers, 
10302, 85, IASetPrimitiveTopology, 
10303, 85, IASetIndexBuffer, 
10304, 85, DrawIndexedInstanced, 1058
10305, 85, SetGraphicsRootConstantBufferView, 
10306, 85, SetGraphicsRoot32BitConstants, 
10307, 85, SetGraphicsRoot32BitConstants, 
10308, 85, SetGraphicsRootShaderResourceView, 
10309, 85, SetGraphicsRoot32BitConstants, 
10310, 85, SetGraphicsRoot32BitConstants, 
10311, 85, IASetVertexBuffers, 
10312, 85, IASetPrimitiveTopology, 
10313, 85, IASetIndexBuffer, 
10314, 85, DrawIndexedInstanced, 1059
10315, 85, SetGraphicsRootConstantBufferView, 
10316, 85, SetGraphicsRoot32BitConstants, 
10317, 85, SetGraphicsRoot32BitConstants, 
10318, 85, SetGraphicsRootShaderResourceView, 
10319, 85, SetGraphicsRoot32BitConstants, 
10320, 85, SetGraphicsRoot32BitConstants, 
10321, 85, IASetVertexBuffers, 
10322, 85, IASetPrimitiveTopology, 
10323, 85, IASetIndexBuffer, 
10324, 85, DrawIndexedInstanced, 1060
10325, 85, SetGraphicsRootConstantBufferView, 
10326, 85, SetGraphicsRoot32BitConstants, 
10327, 85, SetGraphicsRoot32BitConstants, 
10328, 85, SetGraphicsRootShaderResourceView, 
10329, 85, SetGraphicsRoot32BitConstants, 
10330, 85, SetGraphicsRoot32BitConstants, 
10331, 85, IASetVertexBuffers, 
10332, 85, IASetPrimitiveTopology, 
10333, 85, IASetIndexBuffer, 
10334, 85, DrawIndexedInstanced, 1061
10335, 85, SetGraphicsRootConstantBufferView, 
10336, 85, SetGraphicsRoot32BitConstants, 
10337, 85, SetGraphicsRoot32BitConstants, 
10338, 85, SetGraphicsRootShaderResourceView, 
10339, 85, SetGraphicsRoot32BitConstants, 
10340, 85, SetGraphicsRoot32BitConstants, 
10341, 85, IASetVertexBuffers, 
10342, 85, IASetPrimitiveTopology, 
10343, 85, IASetIndexBuffer, 
10344, 85, DrawIndexedInstanced, 1062
10345, 85, SetGraphicsRootConstantBufferView, 
10346, 85, SetGraphicsRoot32BitConstants, 
10347, 85, SetGraphicsRoot32BitConstants, 
10348, 85, SetGraphicsRootShaderResourceView, 
10349, 85, SetGraphicsRoot32BitConstants, 
10350, 85, SetGraphicsRoot32BitConstants, 
10351, 85, IASetVertexBuffers, 
10352, 85, IASetPrimitiveTopology, 
10353, 85, IASetIndexBuffer, 
10354, 85, DrawIndexedInstanced, 1063
10355, 85, SetGraphicsRootConstantBufferView, 
10356, 85, SetGraphicsRoot32BitConstants, 
10357, 85, SetGraphicsRoot32BitConstants, 
10358, 85, SetGraphicsRootShaderResourceView, 
10359, 85, SetGraphicsRoot32BitConstants, 
10360, 85, SetGraphicsRoot32BitConstants, 
10361, 85, IASetVertexBuffers, 
10362, 85, IASetPrimitiveTopology, 
10363, 85, IASetIndexBuffer, 
10364, 85, DrawIndexedInstanced, 1064
10365, 85, SetGraphicsRootConstantBufferView, 
10366, 85, SetGraphicsRoot32BitConstants, 
10367, 85, SetGraphicsRoot32BitConstants, 
10368, 85, SetGraphicsRootShaderResourceView, 
10369, 85, SetGraphicsRoot32BitConstants, 
10370, 85, SetGraphicsRoot32BitConstants, 
10371, 85, IASetVertexBuffers, 
10372, 85, IASetPrimitiveTopology, 
10373, 85, IASetIndexBuffer, 
10374, 85, DrawIndexedInstanced, 1065
10375, 85, SetGraphicsRootConstantBufferView, 
10376, 85, SetGraphicsRoot32BitConstants, 
10377, 85, SetGraphicsRoot32BitConstants, 
10378, 85, SetGraphicsRootShaderResourceView, 
10379, 85, SetGraphicsRoot32BitConstants, 
10380, 85, SetGraphicsRoot32BitConstants, 
10381, 85, IASetVertexBuffers, 
10382, 85, IASetPrimitiveTopology, 
10383, 85, IASetIndexBuffer, 
10384, 85, DrawIndexedInstanced, 1066
10385, 85, SetGraphicsRootConstantBufferView, 
10386, 85, SetGraphicsRoot32BitConstants, 
10387, 85, SetGraphicsRoot32BitConstants, 
10388, 85, SetGraphicsRootShaderResourceView, 
10389, 85, SetGraphicsRoot32BitConstants, 
10390, 85, SetGraphicsRoot32BitConstants, 
10391, 85, IASetVertexBuffers, 
10392, 85, IASetPrimitiveTopology, 
10393, 85, IASetIndexBuffer, 
10394, 85, DrawIndexedInstanced, 1067
10395, 85, SetGraphicsRootConstantBufferView, 
10396, 85, SetGraphicsRoot32BitConstants, 
10397, 85, SetGraphicsRoot32BitConstants, 
10398, 85, SetGraphicsRootShaderResourceView, 
10399, 85, SetGraphicsRoot32BitConstants, 
10400, 85, SetGraphicsRoot32BitConstants, 
10401, 85, IASetVertexBuffers, 
10402, 85, IASetPrimitiveTopology, 
10403, 85, IASetIndexBuffer, 
10404, 85, DrawIndexedInstanced, 1068
10405, 85, SetGraphicsRootConstantBufferView, 
10406, 85, SetGraphicsRoot32BitConstants, 
10407, 85, SetGraphicsRoot32BitConstants, 
10408, 85, SetGraphicsRootShaderResourceView, 
10409, 85, SetGraphicsRoot32BitConstants, 
10410, 85, SetGraphicsRoot32BitConstants, 
10411, 85, IASetVertexBuffers, 
10412, 85, IASetPrimitiveTopology, 
10413, 85, IASetIndexBuffer, 
10414, 85, DrawIndexedInstanced, 1069
10415, 85, SetGraphicsRootConstantBufferView, 
10416, 85, SetGraphicsRoot32BitConstants, 
10417, 85, SetGraphicsRoot32BitConstants, 
10418, 85, SetGraphicsRootShaderResourceView, 
10419, 85, SetGraphicsRoot32BitConstants, 
10420, 85, SetGraphicsRoot32BitConstants, 
10421, 85, IASetVertexBuffers, 
10422, 85, IASetPrimitiveTopology, 
10423, 85, IASetIndexBuffer, 
10424, 85, DrawIndexedInstanced, 1070
10425, 85, SetGraphicsRootConstantBufferView, 
10426, 85, SetGraphicsRoot32BitConstants, 
10427, 85, SetGraphicsRoot32BitConstants, 
10428, 85, SetGraphicsRootShaderResourceView, 
10429, 85, SetGraphicsRoot32BitConstants, 
10430, 85, SetGraphicsRoot32BitConstants, 
10431, 85, IASetVertexBuffers, 
10432, 85, IASetPrimitiveTopology, 
10433, 85, IASetIndexBuffer, 
10434, 85, DrawIndexedInstanced, 1071
10435, 85, SetGraphicsRootConstantBufferView, 
10436, 85, SetGraphicsRoot32BitConstants, 
10437, 85, SetGraphicsRoot32BitConstants, 
10438, 85, SetGraphicsRootShaderResourceView, 
10439, 85, SetGraphicsRoot32BitConstants, 
10440, 85, SetGraphicsRoot32BitConstants, 
10441, 85, IASetVertexBuffers, 
10442, 85, IASetPrimitiveTopology, 
10443, 85, IASetIndexBuffer, 
10444, 85, DrawIndexedInstanced, 1072
10445, 85, SetGraphicsRootConstantBufferView, 
10446, 85, SetGraphicsRoot32BitConstants, 
10447, 85, SetGraphicsRoot32BitConstants, 
10448, 85, SetGraphicsRootShaderResourceView, 
10449, 85, SetGraphicsRoot32BitConstants, 
10450, 85, SetGraphicsRoot32BitConstants, 
10451, 85, IASetVertexBuffers, 
10452, 85, IASetPrimitiveTopology, 
10453, 85, IASetIndexBuffer, 
10454, 85, DrawIndexedInstanced, 1073
10455, 85, SetGraphicsRootConstantBufferView, 
10456, 85, SetGraphicsRoot32BitConstants, 
10457, 85, SetGraphicsRoot32BitConstants, 
10458, 85, SetGraphicsRootShaderResourceView, 
10459, 85, SetGraphicsRoot32BitConstants, 
10460, 85, SetGraphicsRoot32BitConstants, 
10461, 85, IASetVertexBuffers, 
10462, 85, IASetPrimitiveTopology, 
10463, 85, IASetIndexBuffer, 
10464, 85, DrawIndexedInstanced, 1074
10465, 85, SetGraphicsRootConstantBufferView, 
10466, 85, SetGraphicsRoot32BitConstants, 
10467, 85, SetGraphicsRoot32BitConstants, 
10468, 85, SetGraphicsRootShaderResourceView, 
10469, 85, SetGraphicsRoot32BitConstants, 
10470, 85, SetGraphicsRoot32BitConstants, 
10471, 85, IASetVertexBuffers, 
10472, 85, IASetPrimitiveTopology, 
10473, 85, IASetIndexBuffer, 
10474, 85, DrawIndexedInstanced, 1075
10475, 85, SetGraphicsRootConstantBufferView, 
10476, 85, SetGraphicsRoot32BitConstants, 
10477, 85, SetGraphicsRoot32BitConstants, 
10478, 85, SetGraphicsRootShaderResourceView, 
10479, 85, SetGraphicsRoot32BitConstants, 
10480, 85, SetGraphicsRoot32BitConstants, 
10481, 85, IASetVertexBuffers, 
10482, 85, IASetPrimitiveTopology, 
10483, 85, IASetIndexBuffer, 
10484, 85, DrawIndexedInstanced, 1076
10485, 85, SetGraphicsRootConstantBufferView, 
10486, 85, SetGraphicsRoot32BitConstants, 
10487, 85, SetGraphicsRoot32BitConstants, 
10488, 85, SetGraphicsRootShaderResourceView, 
10489, 85, SetGraphicsRoot32BitConstants, 
10490, 85, SetGraphicsRoot32BitConstants, 
10491, 85, IASetVertexBuffers, 
10492, 85, IASetPrimitiveTopology, 
10493, 85, IASetIndexBuffer, 
10494, 85, DrawIndexedInstanced, 1077
10495, 85, SetGraphicsRootConstantBufferView, 
10496, 85, SetGraphicsRoot32BitConstants, 
10497, 85, SetGraphicsRoot32BitConstants, 
10498, 85, SetGraphicsRootShaderResourceView, 
10499, 85, SetGraphicsRoot32BitConstants, 
10500, 85, SetGraphicsRoot32BitConstants, 
10501, 85, IASetVertexBuffers, 
10502, 85, IASetPrimitiveTopology, 
10503, 85, IASetIndexBuffer, 
10504, 85, DrawIndexedInstanced, 1078
10505, 85, SetGraphicsRootConstantBufferView, 
10506, 85, SetGraphicsRoot32BitConstants, 
10507, 85, SetGraphicsRoot32BitConstants, 
10508, 85, SetGraphicsRootShaderResourceView, 
10509, 85, SetGraphicsRoot32BitConstants, 
10510, 85, SetGraphicsRoot32BitConstants, 
10511, 85, IASetVertexBuffers, 
10512, 85, IASetPrimitiveTopology, 
10513, 85, IASetIndexBuffer, 
10514, 85, DrawIndexedInstanced, 1079
10515, 85, SetGraphicsRootConstantBufferView, 
10516, 85, SetGraphicsRoot32BitConstants, 
10517, 85, SetGraphicsRoot32BitConstants, 
10518, 85, SetGraphicsRootShaderResourceView, 
10519, 85, SetGraphicsRoot32BitConstants, 
10520, 85, SetGraphicsRoot32BitConstants, 
10521, 85, IASetVertexBuffers, 
10522, 85, IASetPrimitiveTopology, 
10523, 85, IASetIndexBuffer, 
10524, 85, DrawIndexedInstanced, 1080
10525, 85, SetGraphicsRootConstantBufferView, 
10526, 85, SetGraphicsRoot32BitConstants, 
10527, 85, SetGraphicsRoot32BitConstants, 
10528, 85, SetGraphicsRootShaderResourceView, 
10529, 85, SetGraphicsRoot32BitConstants, 
10530, 85, SetGraphicsRoot32BitConstants, 
10531, 85, IASetVertexBuffers, 
10532, 85, IASetPrimitiveTopology, 
10533, 85, IASetIndexBuffer, 
10534, 85, DrawIndexedInstanced, 1081
10535, 85, SetGraphicsRootConstantBufferView, 
10536, 85, SetGraphicsRoot32BitConstants, 
10537, 85, SetGraphicsRoot32BitConstants, 
10538, 85, SetGraphicsRootShaderResourceView, 
10539, 85, SetGraphicsRoot32BitConstants, 
10540, 85, SetGraphicsRoot32BitConstants, 
10541, 85, IASetVertexBuffers, 
10542, 85, IASetPrimitiveTopology, 
10543, 85, IASetIndexBuffer, 
10544, 85, DrawIndexedInstanced, 1082
10545, 85, SetGraphicsRootConstantBufferView, 
10546, 85, SetGraphicsRoot32BitConstants, 
10547, 85, SetGraphicsRoot32BitConstants, 
10548, 85, SetGraphicsRootShaderResourceView, 
10549, 85, SetGraphicsRoot32BitConstants, 
10550, 85, SetGraphicsRoot32BitConstants, 
10551, 85, IASetVertexBuffers, 
10552, 85, IASetPrimitiveTopology, 
10553, 85, IASetIndexBuffer, 
10554, 85, DrawIndexedInstanced, 1083
10555, 85, SetGraphicsRootConstantBufferView, 
10556, 85, SetGraphicsRoot32BitConstants, 
10557, 85, SetGraphicsRoot32BitConstants, 
10558, 85, SetGraphicsRootShaderResourceView, 
10559, 85, SetGraphicsRoot32BitConstants, 
10560, 85, SetGraphicsRoot32BitConstants, 
10561, 85, IASetVertexBuffers, 
10562, 85, IASetPrimitiveTopology, 
10563, 85, IASetIndexBuffer, 
10564, 85, DrawIndexedInstanced, 1084
10565, 85, SetGraphicsRootConstantBufferView, 
10566, 85, SetGraphicsRoot32BitConstants, 
10567, 85, SetGraphicsRoot32BitConstants, 
10568, 85, SetGraphicsRootShaderResourceView, 
10569, 85, SetGraphicsRoot32BitConstants, 
10570, 85, SetGraphicsRoot32BitConstants, 
10571, 85, IASetVertexBuffers, 
10572, 85, IASetPrimitiveTopology, 
10573, 85, IASetIndexBuffer, 
10574, 85, DrawIndexedInstanced, 1085
10575, 85, SetGraphicsRootConstantBufferView, 
10576, 85, SetGraphicsRoot32BitConstants, 
10577, 85, SetGraphicsRoot32BitConstants, 
10578, 85, SetGraphicsRootShaderResourceView, 
10579, 85, SetGraphicsRoot32BitConstants, 
10580, 85, SetGraphicsRoot32BitConstants, 
10581, 85, IASetVertexBuffers, 
10582, 85, IASetPrimitiveTopology, 
10583, 85, IASetIndexBuffer, 
10584, 85, DrawIndexedInstanced, 1086
10585, 85, SetGraphicsRootConstantBufferView, 
10586, 85, SetGraphicsRoot32BitConstants, 
10587, 85, SetGraphicsRoot32BitConstants, 
10588, 85, SetGraphicsRootShaderResourceView, 
10589, 85, SetGraphicsRoot32BitConstants, 
10590, 85, SetGraphicsRoot32BitConstants, 
10591, 85, IASetVertexBuffers, 
10592, 85, IASetPrimitiveTopology, 
10593, 85, IASetIndexBuffer, 
10594, 85, DrawIndexedInstanced, 1087
10595, 85, SetGraphicsRootConstantBufferView, 
10596, 85, SetGraphicsRoot32BitConstants, 
10597, 85, SetGraphicsRoot32BitConstants, 
10598, 85, SetGraphicsRootShaderResourceView, 
10599, 85, SetGraphicsRoot32BitConstants, 
10600, 85, SetGraphicsRoot32BitConstants, 
10601, 85, IASetVertexBuffers, 
10602, 85, IASetPrimitiveTopology, 
10603, 85, IASetIndexBuffer, 
10604, 85, DrawIndexedInstanced, 1088
10605, 85, SetGraphicsRootConstantBufferView, 
10606, 85, SetGraphicsRoot32BitConstants, 
10607, 85, SetGraphicsRoot32BitConstants, 
10608, 85, SetGraphicsRootShaderResourceView, 
10609, 85, SetGraphicsRootConstantBufferView, 
10610, 85, SetGraphicsRoot32BitConstants, 
10611, 85, SetGraphicsRoot32BitConstants, 
10612, 85, SetGraphicsRootShaderResourceView, 
10613, 85, SetGraphicsRootConstantBufferView, 
10614, 85, SetGraphicsRoot32BitConstants, 
10615, 85, SetGraphicsRoot32BitConstants, 
10616, 85, SetGraphicsRootShaderResourceView, 
10617, 85, SetGraphicsRootConstantBufferView, 
10618, 85, SetGraphicsRoot32BitConstants, 
10619, 85, SetGraphicsRoot32BitConstants, 
10620, 85, SetGraphicsRootShaderResourceView, 
10621, 85, SetGraphicsRoot32BitConstants, 
10622, 85, SetGraphicsRoot32BitConstants, 
10623, 85, IASetVertexBuffers, 
10624, 85, IASetPrimitiveTopology, 
10625, 85, IASetIndexBuffer, 
10626, 85, DrawIndexedInstanced, 1089
10627, 85, SetGraphicsRootConstantBufferView, 
10628, 85, SetGraphicsRoot32BitConstants, 
10629, 85, SetGraphicsRoot32BitConstants, 
10630, 85, SetGraphicsRootShaderResourceView, 
10631, 85, SetGraphicsRoot32BitConstants, 
10632, 85, SetGraphicsRoot32BitConstants, 
10633, 85, IASetVertexBuffers, 
10634, 85, IASetPrimitiveTopology, 
10635, 85, IASetIndexBuffer, 
10636, 85, DrawIndexedInstanced, 1090
10637, 85, SetGraphicsRootConstantBufferView, 
10638, 85, SetGraphicsRoot32BitConstants, 
10639, 85, SetGraphicsRoot32BitConstants, 
10640, 85, SetGraphicsRootShaderResourceView, 
10641, 85, SetGraphicsRoot32BitConstants, 
10642, 85, SetGraphicsRoot32BitConstants, 
10643, 85, IASetVertexBuffers, 
10644, 85, IASetPrimitiveTopology, 
10645, 85, IASetIndexBuffer, 
10646, 85, DrawIndexedInstanced, 1091
10647, 85, SetGraphicsRootConstantBufferView, 
10648, 85, SetGraphicsRoot32BitConstants, 
10649, 85, SetGraphicsRoot32BitConstants, 
10650, 85, SetGraphicsRootShaderResourceView, 
10651, 85, SetGraphicsRoot32BitConstants, 
10652, 85, SetGraphicsRoot32BitConstants, 
10653, 85, IASetVertexBuffers, 
10654, 85, IASetPrimitiveTopology, 
10655, 85, IASetIndexBuffer, 
10656, 85, DrawIndexedInstanced, 1092
10657, 85, SetGraphicsRootConstantBufferView, 
10658, 85, SetGraphicsRoot32BitConstants, 
10659, 85, SetGraphicsRoot32BitConstants, 
10660, 85, SetGraphicsRootShaderResourceView, 
10661, 85, SetGraphicsRoot32BitConstants, 
10662, 85, SetGraphicsRoot32BitConstants, 
10663, 85, IASetVertexBuffers, 
10664, 85, IASetPrimitiveTopology, 
10665, 85, IASetIndexBuffer, 
10666, 85, DrawIndexedInstanced, 1093
10667, 85, SetGraphicsRootConstantBufferView, 
10668, 85, SetGraphicsRoot32BitConstants, 
10669, 85, SetGraphicsRoot32BitConstants, 
10670, 85, SetGraphicsRootShaderResourceView, 
10671, 85, SetGraphicsRoot32BitConstants, 
10672, 85, SetGraphicsRoot32BitConstants, 
10673, 85, IASetVertexBuffers, 
10674, 85, IASetPrimitiveTopology, 
10675, 85, IASetIndexBuffer, 
10676, 85, DrawIndexedInstanced, 1094
10677, 85, SetGraphicsRootConstantBufferView, 
10678, 85, SetGraphicsRoot32BitConstants, 
10679, 85, SetGraphicsRoot32BitConstants, 
10680, 85, SetGraphicsRootShaderResourceView, 
10681, 85, SetGraphicsRoot32BitConstants, 
10682, 85, SetGraphicsRoot32BitConstants, 
10683, 85, IASetVertexBuffers, 
10684, 85, IASetPrimitiveTopology, 
10685, 85, IASetIndexBuffer, 
10686, 85, DrawIndexedInstanced, 1095
10687, 85, SetGraphicsRootConstantBufferView, 
10688, 85, SetGraphicsRoot32BitConstants, 
10689, 85, SetGraphicsRoot32BitConstants, 
10690, 85, SetGraphicsRootShaderResourceView, 
10691, 85, SetGraphicsRoot32BitConstants, 
10692, 85, SetGraphicsRoot32BitConstants, 
10693, 85, IASetVertexBuffers, 
10694, 85, IASetPrimitiveTopology, 
10695, 85, IASetIndexBuffer, 
10696, 85, DrawIndexedInstanced, 1096
10697, 85, SetGraphicsRootConstantBufferView, 
10698, 85, SetGraphicsRoot32BitConstants, 
10699, 85, SetGraphicsRoot32BitConstants, 
10700, 85, SetGraphicsRootShaderResourceView, 
10701, 85, SetGraphicsRoot32BitConstants, 
10702, 85, SetGraphicsRoot32BitConstants, 
10703, 85, IASetVertexBuffers, 
10704, 85, IASetPrimitiveTopology, 
10705, 85, IASetIndexBuffer, 
10706, 85, DrawIndexedInstanced, 1097
10707, 85, SetGraphicsRootConstantBufferView, 
10708, 85, SetGraphicsRoot32BitConstants, 
10709, 85, SetGraphicsRoot32BitConstants, 
10710, 85, SetGraphicsRootShaderResourceView, 
10711, 85, SetGraphicsRoot32BitConstants, 
10712, 85, SetGraphicsRoot32BitConstants, 
10713, 85, IASetVertexBuffers, 
10714, 85, IASetPrimitiveTopology, 
10715, 85, IASetIndexBuffer, 
10716, 85, DrawIndexedInstanced, 1098
10717, 85, SetGraphicsRootConstantBufferView, 
10718, 85, SetGraphicsRoot32BitConstants, 
10719, 85, SetGraphicsRoot32BitConstants, 
10720, 85, SetGraphicsRootShaderResourceView, 
10721, 85, SetGraphicsRoot32BitConstants, 
10722, 85, SetGraphicsRoot32BitConstants, 
10723, 85, IASetVertexBuffers, 
10724, 85, IASetPrimitiveTopology, 
10725, 85, IASetIndexBuffer, 
10726, 85, DrawIndexedInstanced, 1099
10727, 85, SetGraphicsRootConstantBufferView, 
10728, 85, SetGraphicsRoot32BitConstants, 
10729, 85, SetGraphicsRoot32BitConstants, 
10730, 85, SetGraphicsRootShaderResourceView, 
10731, 85, SetGraphicsRoot32BitConstants, 
10732, 85, SetGraphicsRoot32BitConstants, 
10733, 85, IASetVertexBuffers, 
10734, 85, IASetPrimitiveTopology, 
10735, 85, IASetIndexBuffer, 
10736, 85, DrawIndexedInstanced, 1100
10737, 85, SetGraphicsRootConstantBufferView, 
10738, 85, SetGraphicsRoot32BitConstants, 
10739, 85, SetGraphicsRoot32BitConstants, 
10740, 85, SetGraphicsRootShaderResourceView, 
10741, 85, SetGraphicsRoot32BitConstants, 
10742, 85, SetGraphicsRoot32BitConstants, 
10743, 85, IASetVertexBuffers, 
10744, 85, IASetPrimitiveTopology, 
10745, 85, IASetIndexBuffer, 
10746, 85, DrawIndexedInstanced, 1101
10747, 85, SetGraphicsRootConstantBufferView, 
10748, 85, SetGraphicsRoot32BitConstants, 
10749, 85, SetGraphicsRoot32BitConstants, 
10750, 85, SetGraphicsRootShaderResourceView, 
10751, 85, SetGraphicsRoot32BitConstants, 
10752, 85, SetGraphicsRoot32BitConstants, 
10753, 85, IASetVertexBuffers, 
10754, 85, IASetPrimitiveTopology, 
10755, 85, IASetIndexBuffer, 
10756, 85, DrawIndexedInstanced, 1102
10757, 85, SetGraphicsRootConstantBufferView, 
10758, 85, SetGraphicsRoot32BitConstants, 
10759, 85, SetGraphicsRoot32BitConstants, 
10760, 85, SetGraphicsRootShaderResourceView, 
10761, 85, SetGraphicsRoot32BitConstants, 
10762, 85, SetGraphicsRoot32BitConstants, 
10763, 85, IASetVertexBuffers, 
10764, 85, IASetPrimitiveTopology, 
10765, 85, IASetIndexBuffer, 
10766, 85, DrawIndexedInstanced, 1103
10767, 85, SetGraphicsRootConstantBufferView, 
10768, 85, SetGraphicsRoot32BitConstants, 
10769, 85, SetGraphicsRoot32BitConstants, 
10770, 85, SetGraphicsRootShaderResourceView, 
10771, 85, SetGraphicsRoot32BitConstants, 
10772, 85, SetGraphicsRoot32BitConstants, 
10773, 85, IASetVertexBuffers, 
10774, 85, IASetPrimitiveTopology, 
10775, 85, IASetIndexBuffer, 
10776, 85, DrawIndexedInstanced, 1104
10777, 85, SetGraphicsRootConstantBufferView, 
10778, 85, SetGraphicsRoot32BitConstants, 
10779, 85, SetGraphicsRoot32BitConstants, 
10780, 85, SetGraphicsRootShaderResourceView, 
10781, 85, SetGraphicsRoot32BitConstants, 
10782, 85, SetGraphicsRoot32BitConstants, 
10783, 85, IASetVertexBuffers, 
10784, 85, IASetPrimitiveTopology, 
10785, 85, IASetIndexBuffer, 
10786, 85, DrawIndexedInstanced, 1105
10787, 85, SetGraphicsRootConstantBufferView, 
10788, 85, SetGraphicsRoot32BitConstants, 
10789, 85, SetGraphicsRoot32BitConstants, 
10790, 85, SetGraphicsRootShaderResourceView, 
10791, 85, SetGraphicsRoot32BitConstants, 
10792, 85, SetGraphicsRoot32BitConstants, 
10793, 85, IASetVertexBuffers, 
10794, 85, IASetPrimitiveTopology, 
10795, 85, IASetIndexBuffer, 
10796, 85, DrawIndexedInstanced, 1106
10797, 85, SetGraphicsRootConstantBufferView, 
10798, 85, SetGraphicsRoot32BitConstants, 
10799, 85, SetGraphicsRoot32BitConstants, 
10800, 85, SetGraphicsRootShaderResourceView, 
10801, 85, SetGraphicsRoot32BitConstants, 
10802, 85, SetGraphicsRoot32BitConstants, 
10803, 85, IASetVertexBuffers, 
10804, 85, IASetPrimitiveTopology, 
10805, 85, IASetIndexBuffer, 
10806, 85, DrawIndexedInstanced, 1107
10807, 85, SetGraphicsRootConstantBufferView, 
10808, 85, SetGraphicsRoot32BitConstants, 
10809, 85, SetGraphicsRoot32BitConstants, 
10810, 85, SetGraphicsRootShaderResourceView, 
10811, 85, SetGraphicsRoot32BitConstants, 
10812, 85, SetGraphicsRoot32BitConstants, 
10813, 85, IASetVertexBuffers, 
10814, 85, IASetPrimitiveTopology, 
10815, 85, IASetIndexBuffer, 
10816, 85, DrawIndexedInstanced, 1108
10817, 85, SetGraphicsRootConstantBufferView, 
10818, 85, SetGraphicsRoot32BitConstants, 
10819, 85, SetGraphicsRoot32BitConstants, 
10820, 85, SetGraphicsRootShaderResourceView, 
10821, 85, SetGraphicsRoot32BitConstants, 
10822, 85, SetGraphicsRoot32BitConstants, 
10823, 85, IASetVertexBuffers, 
10824, 85, IASetPrimitiveTopology, 
10825, 85, IASetIndexBuffer, 
10826, 85, DrawIndexedInstanced, 1109
10827, 85, SetGraphicsRootConstantBufferView, 
10828, 85, SetGraphicsRoot32BitConstants, 
10829, 85, SetGraphicsRoot32BitConstants, 
10830, 85, SetGraphicsRootShaderResourceView, 
10831, 85, SetGraphicsRoot32BitConstants, 
10832, 85, SetGraphicsRoot32BitConstants, 
10833, 85, IASetVertexBuffers, 
10834, 85, IASetPrimitiveTopology, 
10835, 85, IASetIndexBuffer, 
10836, 85, DrawIndexedInstanced, 1110
10837, 85, SetGraphicsRootConstantBufferView, 
10838, 85, SetGraphicsRoot32BitConstants, 
10839, 85, SetGraphicsRoot32BitConstants, 
10840, 85, SetGraphicsRootShaderResourceView, 
10841, 85, SetGraphicsRoot32BitConstants, 
10842, 85, SetGraphicsRoot32BitConstants, 
10843, 85, IASetVertexBuffers, 
10844, 85, IASetPrimitiveTopology, 
10845, 85, IASetIndexBuffer, 
10846, 85, DrawIndexedInstanced, 1111
10847, 85, SetGraphicsRootConstantBufferView, 
10848, 85, SetGraphicsRoot32BitConstants, 
10849, 85, SetGraphicsRoot32BitConstants, 
10850, 85, SetGraphicsRootShaderResourceView, 
10851, 85, SetGraphicsRoot32BitConstants, 
10852, 85, SetGraphicsRoot32BitConstants, 
10853, 85, IASetVertexBuffers, 
10854, 85, IASetPrimitiveTopology, 
10855, 85, IASetIndexBuffer, 
10856, 85, DrawIndexedInstanced, 1112
10857, 85, SetGraphicsRootConstantBufferView, 
10858, 85, SetGraphicsRoot32BitConstants, 
10859, 85, SetGraphicsRoot32BitConstants, 
10860, 85, SetGraphicsRootShaderResourceView, 
10861, 85, SetGraphicsRoot32BitConstants, 
10862, 85, SetGraphicsRoot32BitConstants, 
10863, 85, IASetVertexBuffers, 
10864, 85, IASetPrimitiveTopology, 
10865, 85, IASetIndexBuffer, 
10866, 85, DrawIndexedInstanced, 1113
10867, 85, SetGraphicsRootConstantBufferView, 
10868, 85, SetGraphicsRoot32BitConstants, 
10869, 85, SetGraphicsRoot32BitConstants, 
10870, 85, SetGraphicsRootShaderResourceView, 
10871, 85, SetGraphicsRoot32BitConstants, 
10872, 85, SetGraphicsRoot32BitConstants, 
10873, 85, IASetVertexBuffers, 
10874, 85, IASetPrimitiveTopology, 
10875, 85, IASetIndexBuffer, 
10876, 85, DrawIndexedInstanced, 1114
10877, 85, SetGraphicsRootConstantBufferView, 
10878, 85, SetGraphicsRoot32BitConstants, 
10879, 85, SetGraphicsRoot32BitConstants, 
10880, 85, SetGraphicsRootShaderResourceView, 
10881, 85, SetGraphicsRoot32BitConstants, 
10882, 85, SetGraphicsRoot32BitConstants, 
10883, 85, IASetVertexBuffers, 
10884, 85, IASetPrimitiveTopology, 
10885, 85, IASetIndexBuffer, 
10886, 85, DrawIndexedInstanced, 1115
10887, 85, SetGraphicsRootConstantBufferView, 
10888, 85, SetGraphicsRoot32BitConstants, 
10889, 85, SetGraphicsRoot32BitConstants, 
10890, 85, SetGraphicsRootShaderResourceView, 
10891, 85, SetGraphicsRoot32BitConstants, 
10892, 85, SetGraphicsRoot32BitConstants, 
10893, 85, IASetVertexBuffers, 
10894, 85, IASetPrimitiveTopology, 
10895, 85, IASetIndexBuffer, 
10896, 85, DrawIndexedInstanced, 1116
10897, 85, SetGraphicsRootConstantBufferView, 
10898, 85, SetGraphicsRoot32BitConstants, 
10899, 85, SetGraphicsRoot32BitConstants, 
10900, 85, SetGraphicsRootShaderResourceView, 
10901, 85, SetGraphicsRootConstantBufferView, 
10902, 85, SetGraphicsRoot32BitConstants, 
10903, 85, SetGraphicsRoot32BitConstants, 
10904, 85, SetGraphicsRootShaderResourceView, 
10905, 85, SetGraphicsRootConstantBufferView, 
10906, 85, SetGraphicsRoot32BitConstants, 
10907, 85, SetGraphicsRoot32BitConstants, 
10908, 85, SetGraphicsRootShaderResourceView, 
10909, 85, SetGraphicsRoot32BitConstants, 
10910, 85, SetGraphicsRoot32BitConstants, 
10911, 85, IASetVertexBuffers, 
10912, 85, IASetPrimitiveTopology, 
10913, 85, IASetIndexBuffer, 
10914, 85, DrawIndexedInstanced, 1117
10915, 85, SetGraphicsRootConstantBufferView, 
10916, 85, SetGraphicsRoot32BitConstants, 
10917, 85, SetGraphicsRoot32BitConstants, 
10918, 85, SetGraphicsRootShaderResourceView, 
10919, 85, SetGraphicsRoot32BitConstants, 
10920, 85, SetGraphicsRoot32BitConstants, 
10921, 85, IASetVertexBuffers, 
10922, 85, IASetPrimitiveTopology, 
10923, 85, IASetIndexBuffer, 
10924, 85, DrawIndexedInstanced, 1118
10925, 85, SetGraphicsRootConstantBufferView, 
10926, 85, SetGraphicsRoot32BitConstants, 
10927, 85, SetGraphicsRoot32BitConstants, 
10928, 85, SetGraphicsRootShaderResourceView, 
10929, 85, SetGraphicsRoot32BitConstants, 
10930, 85, SetGraphicsRoot32BitConstants, 
10931, 85, IASetVertexBuffers, 
10932, 85, IASetPrimitiveTopology, 
10933, 85, IASetIndexBuffer, 
10934, 85, DrawIndexedInstanced, 1119
10935, 85, SetGraphicsRootConstantBufferView, 
10936, 85, SetGraphicsRoot32BitConstants, 
10937, 85, SetGraphicsRoot32BitConstants, 
10938, 85, SetGraphicsRootShaderResourceView, 
10939, 85, SetGraphicsRoot32BitConstants, 
10940, 85, SetGraphicsRoot32BitConstants, 
10941, 85, IASetVertexBuffers, 
10942, 85, IASetPrimitiveTopology, 
10943, 85, IASetIndexBuffer, 
10944, 85, DrawIndexedInstanced, 1120
10945, 85, SetGraphicsRootConstantBufferView, 
10946, 85, SetGraphicsRoot32BitConstants, 
10947, 85, SetGraphicsRoot32BitConstants, 
10948, 85, SetGraphicsRootShaderResourceView, 
10949, 85, SetGraphicsRoot32BitConstants, 
10950, 85, SetGraphicsRoot32BitConstants, 
10951, 85, IASetVertexBuffers, 
10952, 85, IASetPrimitiveTopology, 
10953, 85, IASetIndexBuffer, 
10954, 85, DrawIndexedInstanced, 1121
10955, 85, SetGraphicsRootConstantBufferView, 
10956, 85, SetGraphicsRoot32BitConstants, 
10957, 85, SetGraphicsRoot32BitConstants, 
10958, 85, SetGraphicsRootShaderResourceView, 
10959, 85, SetGraphicsRoot32BitConstants, 
10960, 85, SetGraphicsRoot32BitConstants, 
10961, 85, IASetVertexBuffers, 
10962, 85, IASetPrimitiveTopology, 
10963, 85, IASetIndexBuffer, 
10964, 85, DrawIndexedInstanced, 1122
10965, 85, SetGraphicsRootConstantBufferView, 
10966, 85, SetGraphicsRoot32BitConstants, 
10967, 85, SetGraphicsRoot32BitConstants, 
10968, 85, SetGraphicsRootShaderResourceView, 
10969, 85, SetGraphicsRoot32BitConstants, 
10970, 85, SetGraphicsRoot32BitConstants, 
10971, 85, IASetVertexBuffers, 
10972, 85, IASetPrimitiveTopology, 
10973, 85, IASetIndexBuffer, 
10974, 85, DrawIndexedInstanced, 1123
10975, 85, SetGraphicsRootConstantBufferView, 
10976, 85, SetGraphicsRoot32BitConstants, 
10977, 85, SetGraphicsRoot32BitConstants, 
10978, 85, SetGraphicsRootShaderResourceView, 
10979, 85, SetGraphicsRoot32BitConstants, 
10980, 85, SetGraphicsRoot32BitConstants, 
10981, 85, IASetVertexBuffers, 
10982, 85, IASetPrimitiveTopology, 
10983, 85, IASetIndexBuffer, 
10984, 85, DrawIndexedInstanced, 1124
10985, 85, SetGraphicsRootConstantBufferView, 
10986, 85, SetGraphicsRoot32BitConstants, 
10987, 85, SetGraphicsRoot32BitConstants, 
10988, 85, SetGraphicsRootShaderResourceView, 
10989, 85, SetGraphicsRoot32BitConstants, 
10990, 85, SetGraphicsRoot32BitConstants, 
10991, 85, IASetVertexBuffers, 
10992, 85, IASetPrimitiveTopology, 
10993, 85, IASetIndexBuffer, 
10994, 85, DrawIndexedInstanced, 1125
10995, 85, SetGraphicsRootConstantBufferView, 
10996, 85, SetGraphicsRoot32BitConstants, 
10997, 85, SetGraphicsRoot32BitConstants, 
10998, 85, SetGraphicsRootShaderResourceView, 
10999, 85, SetGraphicsRoot32BitConstants, 
11000, 85, SetGraphicsRoot32BitConstants, 
11001, 85, IASetVertexBuffers, 
11002, 85, IASetPrimitiveTopology, 
11003, 85, IASetIndexBuffer, 
11004, 85, DrawIndexedInstanced, 1126
11005, 85, SetGraphicsRootConstantBufferView, 
11006, 85, SetGraphicsRoot32BitConstants, 
11007, 85, SetGraphicsRoot32BitConstants, 
11008, 85, SetGraphicsRootShaderResourceView, 
11009, 85, SetGraphicsRoot32BitConstants, 
11010, 85, SetGraphicsRoot32BitConstants, 
11011, 85, IASetVertexBuffers, 
11012, 85, IASetPrimitiveTopology, 
11013, 85, IASetIndexBuffer, 
11014, 85, DrawIndexedInstanced, 1127
11015, 85, SetGraphicsRootConstantBufferView, 
11016, 85, SetGraphicsRoot32BitConstants, 
11017, 85, SetGraphicsRoot32BitConstants, 
11018, 85, SetGraphicsRootShaderResourceView, 
11019, 85, SetGraphicsRoot32BitConstants, 
11020, 85, SetGraphicsRoot32BitConstants, 
11021, 85, IASetVertexBuffers, 
11022, 85, IASetPrimitiveTopology, 
11023, 85, IASetIndexBuffer, 
11024, 85, DrawIndexedInstanced, 1128
11025, 85, SetGraphicsRootConstantBufferView, 
11026, 85, SetGraphicsRoot32BitConstants, 
11027, 85, SetGraphicsRoot32BitConstants, 
11028, 85, SetGraphicsRootShaderResourceView, 
11029, 85, SetGraphicsRoot32BitConstants, 
11030, 85, SetGraphicsRoot32BitConstants, 
11031, 85, IASetVertexBuffers, 
11032, 85, IASetPrimitiveTopology, 
11033, 85, IASetIndexBuffer, 
11034, 85, DrawIndexedInstanced, 1129
11035, 85, SetGraphicsRootConstantBufferView, 
11036, 85, SetGraphicsRoot32BitConstants, 
11037, 85, SetGraphicsRoot32BitConstants, 
11038, 85, SetGraphicsRootShaderResourceView, 
11039, 85, SetGraphicsRoot32BitConstants, 
11040, 85, SetGraphicsRoot32BitConstants, 
11041, 85, IASetVertexBuffers, 
11042, 85, IASetPrimitiveTopology, 
11043, 85, IASetIndexBuffer, 
11044, 85, DrawIndexedInstanced, 1130
11045, 85, SetGraphicsRootConstantBufferView, 
11046, 85, SetGraphicsRoot32BitConstants, 
11047, 85, SetGraphicsRoot32BitConstants, 
11048, 85, SetGraphicsRootShaderResourceView, 
11049, 85, SetGraphicsRoot32BitConstants, 
11050, 85, SetGraphicsRoot32BitConstants, 
11051, 85, SetGraphicsRootShaderResourceView, 
11052, 85, SetGraphicsRootShaderResourceView, 
11053, 85, IASetVertexBuffers, 
11054, 85, IASetPrimitiveTopology, 
11055, 85, IASetIndexBuffer, 
11056, 85, DrawIndexedInstanced, 1131
11057, 85, SetGraphicsRoot32BitConstants, 
11058, 85, SetGraphicsRoot32BitConstants, 
11059, 85, SetGraphicsRootShaderResourceView, 
11060, 85, SetGraphicsRootShaderResourceView, 
11061, 85, IASetVertexBuffers, 
11062, 85, IASetPrimitiveTopology, 
11063, 85, IASetIndexBuffer, 
11064, 85, DrawIndexedInstanced, 1132
11065, 85, SetGraphicsRoot32BitConstants, 
11066, 85, SetGraphicsRoot32BitConstants, 
11067, 85, SetGraphicsRootShaderResourceView, 
11068, 85, SetGraphicsRootShaderResourceView, 
11069, 85, IASetVertexBuffers, 
11070, 85, IASetPrimitiveTopology, 
11071, 85, IASetIndexBuffer, 
11072, 85, DrawIndexedInstanced, 1133
11073, 85, SetGraphicsRoot32BitConstants, 
11074, 85, SetGraphicsRoot32BitConstants, 
11075, 85, SetGraphicsRootShaderResourceView, 
11076, 85, SetGraphicsRootShaderResourceView, 
11077, 85, IASetVertexBuffers, 
11078, 85, IASetPrimitiveTopology, 
11079, 85, IASetIndexBuffer, 
11080, 85, DrawIndexedInstanced, 1134
11081, 85, SetGraphicsRoot32BitConstants, 
11082, 85, SetGraphicsRoot32BitConstants, 
11083, 85, SetGraphicsRootShaderResourceView, 
11084, 85, SetGraphicsRootShaderResourceView, 
11085, 85, IASetVertexBuffers, 
11086, 85, IASetPrimitiveTopology, 
11087, 85, IASetIndexBuffer, 
11088, 85, DrawIndexedInstanced, 1135
11089, 85, SetGraphicsRoot32BitConstants, 
11090, 85, SetGraphicsRoot32BitConstants, 
11091, 85, SetGraphicsRootShaderResourceView, 
11092, 85, SetGraphicsRootShaderResourceView, 
11093, 85, IASetVertexBuffers, 
11094, 85, IASetPrimitiveTopology, 
11095, 85, IASetIndexBuffer, 
11096, 85, DrawIndexedInstanced, 1136
11097, 85, SetGraphicsRoot32BitConstants, 
11098, 85, SetGraphicsRoot32BitConstants, 
11099, 85, SetGraphicsRootShaderResourceView, 
11100, 85, SetGraphicsRootShaderResourceView, 
11101, 85, IASetVertexBuffers, 
11102, 85, IASetPrimitiveTopology, 
11103, 85, IASetIndexBuffer, 
11104, 85, DrawIndexedInstanced, 1137
11105, 85, SetGraphicsRoot32BitConstants, 
11106, 85, SetGraphicsRoot32BitConstants, 
11107, 85, SetGraphicsRootShaderResourceView, 
11108, 85, SetGraphicsRootShaderResourceView, 
11109, 85, IASetVertexBuffers, 
11110, 85, IASetPrimitiveTopology, 
11111, 85, IASetIndexBuffer, 
11112, 85, DrawIndexedInstanced, 1138
11113, 85, SetGraphicsRoot32BitConstants, 
11114, 85, SetGraphicsRoot32BitConstants, 
11115, 85, SetGraphicsRootShaderResourceView, 
11116, 85, SetGraphicsRootShaderResourceView, 
11117, 85, IASetVertexBuffers, 
11118, 85, IASetPrimitiveTopology, 
11119, 85, IASetIndexBuffer, 
11120, 85, DrawIndexedInstanced, 1139
11121, 85, SetGraphicsRoot32BitConstants, 
11122, 85, SetGraphicsRoot32BitConstants, 
11123, 85, SetGraphicsRootShaderResourceView, 
11124, 85, SetGraphicsRootShaderResourceView, 
11125, 85, IASetVertexBuffers, 
11126, 85, IASetPrimitiveTopology, 
11127, 85, IASetIndexBuffer, 
11128, 85, DrawIndexedInstanced, 1140
11129, 85, SetGraphicsRoot32BitConstants, 
11130, 85, SetGraphicsRoot32BitConstants, 
11131, 85, SetGraphicsRootShaderResourceView, 
11132, 85, SetGraphicsRootShaderResourceView, 
11133, 85, IASetVertexBuffers, 
11134, 85, IASetPrimitiveTopology, 
11135, 85, IASetIndexBuffer, 
11136, 85, DrawIndexedInstanced, 1141
11137, 85, SetGraphicsRoot32BitConstants, 
11138, 85, SetGraphicsRoot32BitConstants, 
11139, 85, SetGraphicsRootShaderResourceView, 
11140, 85, SetGraphicsRootShaderResourceView, 
11141, 85, IASetVertexBuffers, 
11142, 85, IASetPrimitiveTopology, 
11143, 85, IASetIndexBuffer, 
11144, 85, DrawIndexedInstanced, 1142
11145, 85, SetGraphicsRoot32BitConstants, 
11146, 85, SetGraphicsRoot32BitConstants, 
11147, 85, SetGraphicsRootShaderResourceView, 
11148, 85, SetGraphicsRootShaderResourceView, 
11149, 85, IASetVertexBuffers, 
11150, 85, IASetPrimitiveTopology, 
11151, 85, IASetIndexBuffer, 
11152, 85, DrawIndexedInstanced, 1143
11153, 85, SetGraphicsRoot32BitConstants, 
11154, 85, SetGraphicsRoot32BitConstants, 
11155, 85, SetGraphicsRootShaderResourceView, 
11156, 85, SetGraphicsRootShaderResourceView, 
11157, 85, IASetVertexBuffers, 
11158, 85, IASetPrimitiveTopology, 
11159, 85, IASetIndexBuffer, 
11160, 85, DrawIndexedInstanced, 1144
11161, 85, SetGraphicsRoot32BitConstants, 
11162, 85, SetGraphicsRoot32BitConstants, 
11163, 85, SetGraphicsRootShaderResourceView, 
11164, 85, SetGraphicsRootShaderResourceView, 
11165, 85, IASetVertexBuffers, 
11166, 85, IASetPrimitiveTopology, 
11167, 85, IASetIndexBuffer, 
11168, 85, DrawIndexedInstanced, 1145
11169, 85, SetGraphicsRootConstantBufferView, 
11170, 85, SetGraphicsRoot32BitConstants, 
11171, 85, SetGraphicsRoot32BitConstants, 
11172, 85, SetGraphicsRootShaderResourceView, 
11173, 85, SetGraphicsRoot32BitConstants, 
11174, 85, SetGraphicsRootShaderResourceView, 
11175, 85, IASetVertexBuffers, 
11176, 85, IASetPrimitiveTopology, 
11177, 85, IASetIndexBuffer, 
11178, 85, DrawIndexedInstanced, 1146
11179, 85, SetGraphicsRootConstantBufferView, 
11180, 85, SetGraphicsRoot32BitConstants, 
11181, 85, SetGraphicsRoot32BitConstants, 
11182, 85, SetGraphicsRootShaderResourceView, 
11183, 85, SetGraphicsRoot32BitConstants, 
11184, 85, SetGraphicsRoot32BitConstants, 
11185, 85, IASetVertexBuffers, 
11186, 85, IASetPrimitiveTopology, 
11187, 85, IASetIndexBuffer, 
11188, 85, DrawIndexedInstanced, 1147
11189, 85, SetGraphicsRootConstantBufferView, 
11190, 85, SetGraphicsRoot32BitConstants, 
11191, 85, SetGraphicsRoot32BitConstants, 
11192, 85, SetGraphicsRootShaderResourceView, 
11193, 85, SetGraphicsRoot32BitConstants, 
11194, 85, SetGraphicsRoot32BitConstants, 
11195, 85, IASetVertexBuffers, 
11196, 85, IASetPrimitiveTopology, 
11197, 85, IASetIndexBuffer, 
11198, 85, DrawIndexedInstanced, 1148
11199, 85, SetGraphicsRootConstantBufferView, 
11200, 85, SetGraphicsRoot32BitConstants, 
11201, 85, SetGraphicsRoot32BitConstants, 
11202, 85, SetGraphicsRootShaderResourceView, 
11203, 85, SetGraphicsRoot32BitConstants, 
11204, 85, SetGraphicsRoot32BitConstants, 
11205, 85, IASetVertexBuffers, 
11206, 85, IASetPrimitiveTopology, 
11207, 85, IASetIndexBuffer, 
11208, 85, DrawIndexedInstanced, 1149
11209, 85, SetGraphicsRootConstantBufferView, 
11210, 85, SetGraphicsRoot32BitConstants, 
11211, 85, SetGraphicsRoot32BitConstants, 
11212, 85, SetGraphicsRootShaderResourceView, 
11213, 85, SetGraphicsRoot32BitConstants, 
11214, 85, SetGraphicsRoot32BitConstants, 
11215, 85, IASetVertexBuffers, 
11216, 85, IASetPrimitiveTopology, 
11217, 85, IASetIndexBuffer, 
11218, 85, DrawIndexedInstanced, 1150
11219, 85, SetGraphicsRootConstantBufferView, 
11220, 85, SetGraphicsRoot32BitConstants, 
11221, 85, SetGraphicsRoot32BitConstants, 
11222, 85, SetGraphicsRootShaderResourceView, 
11223, 85, SetGraphicsRoot32BitConstants, 
11224, 85, SetGraphicsRoot32BitConstants, 
11225, 85, IASetVertexBuffers, 
11226, 85, IASetPrimitiveTopology, 
11227, 85, IASetIndexBuffer, 
11228, 85, DrawIndexedInstanced, 1151
11229, 85, SetGraphicsRootConstantBufferView, 
11230, 85, SetGraphicsRoot32BitConstants, 
11231, 85, SetGraphicsRoot32BitConstants, 
11232, 85, SetGraphicsRootShaderResourceView, 
11233, 85, SetGraphicsRoot32BitConstants, 
11234, 85, SetGraphicsRoot32BitConstants, 
11235, 85, IASetVertexBuffers, 
11236, 85, IASetPrimitiveTopology, 
11237, 85, IASetIndexBuffer, 
11238, 85, DrawIndexedInstanced, 1152
11239, 85, SetGraphicsRootConstantBufferView, 
11240, 85, SetGraphicsRoot32BitConstants, 
11241, 85, SetGraphicsRoot32BitConstants, 
11242, 85, SetGraphicsRootShaderResourceView, 
11243, 85, SetGraphicsRoot32BitConstants, 
11244, 85, SetGraphicsRoot32BitConstants, 
11245, 85, IASetVertexBuffers, 
11246, 85, IASetPrimitiveTopology, 
11247, 85, IASetIndexBuffer, 
11248, 85, DrawIndexedInstanced, 1153
11249, 85, SetGraphicsRootConstantBufferView, 
11250, 85, SetGraphicsRoot32BitConstants, 
11251, 85, SetGraphicsRoot32BitConstants, 
11252, 85, SetGraphicsRootShaderResourceView, 
11253, 85, SetGraphicsRoot32BitConstants, 
11254, 85, SetGraphicsRoot32BitConstants, 
11255, 85, IASetVertexBuffers, 
11256, 85, IASetPrimitiveTopology, 
11257, 85, IASetIndexBuffer, 
11258, 85, DrawIndexedInstanced, 1154
11259, 85, SetGraphicsRootConstantBufferView, 
11260, 85, SetGraphicsRoot32BitConstants, 
11261, 85, SetGraphicsRoot32BitConstants, 
11262, 85, SetGraphicsRootShaderResourceView, 
11263, 85, SetGraphicsRoot32BitConstants, 
11264, 85, SetGraphicsRoot32BitConstants, 
11265, 85, IASetVertexBuffers, 
11266, 85, IASetPrimitiveTopology, 
11267, 85, IASetIndexBuffer, 
11268, 85, DrawIndexedInstanced, 1155
11269, 85, SetGraphicsRootConstantBufferView, 
11270, 85, SetGraphicsRoot32BitConstants, 
11271, 85, SetGraphicsRoot32BitConstants, 
11272, 85, SetGraphicsRootShaderResourceView, 
11273, 85, SetGraphicsRoot32BitConstants, 
11274, 85, SetGraphicsRoot32BitConstants, 
11275, 85, IASetVertexBuffers, 
11276, 85, IASetPrimitiveTopology, 
11277, 85, IASetIndexBuffer, 
11278, 85, DrawIndexedInstanced, 1156
11279, 85, SetGraphicsRootConstantBufferView, 
11280, 85, SetGraphicsRoot32BitConstants, 
11281, 85, SetGraphicsRoot32BitConstants, 
11282, 85, SetGraphicsRootShaderResourceView, 
11283, 85, SetGraphicsRoot32BitConstants, 
11284, 85, SetGraphicsRoot32BitConstants, 
11285, 85, IASetVertexBuffers, 
11286, 85, IASetPrimitiveTopology, 
11287, 85, IASetIndexBuffer, 
11288, 85, DrawIndexedInstanced, 1157
11289, 85, SetGraphicsRootConstantBufferView, 
11290, 85, SetGraphicsRoot32BitConstants, 
11291, 85, SetGraphicsRoot32BitConstants, 
11292, 85, SetGraphicsRootShaderResourceView, 
11293, 85, SetGraphicsRoot32BitConstants, 
11294, 85, SetGraphicsRoot32BitConstants, 
11295, 85, IASetVertexBuffers, 
11296, 85, IASetPrimitiveTopology, 
11297, 85, IASetIndexBuffer, 
11298, 85, DrawIndexedInstanced, 1158
11299, 85, SetGraphicsRootSignature, 
11300, 85, SetPipelineState, 
11301, 85, SetGraphicsRootConstantBufferView, 
11302, 85, SetGraphicsRoot32BitConstants, 
11303, 85, SetGraphicsRoot32BitConstants, 
11304, 85, SetGraphicsRootShaderResourceView, 
11305, 85, IASetVertexBuffers, 
11306, 85, IASetPrimitiveTopology, 
11307, 85, IASetIndexBuffer, 
11308, 85, DrawIndexedInstanced, 1159
11309, 85, SetGraphicsRootSignature, 
11310, 85, SetPipelineState, 
11311, 85, SetGraphicsRootConstantBufferView, 
11312, 85, SetGraphicsRoot32BitConstants, 
11313, 85, SetGraphicsRoot32BitConstants, 
11314, 85, SetGraphicsRootShaderResourceView, 
11315, 85, IASetVertexBuffers, 
11316, 85, IASetPrimitiveTopology, 
11317, 85, IASetIndexBuffer, 
11318, 85, DrawIndexedInstanced, 1160
11319, 85, SetGraphicsRootSignature, 
11320, 85, SetPipelineState, 
11321, 85, SetGraphicsRootConstantBufferView, 
11322, 85, SetGraphicsRoot32BitConstants, 
11323, 85, SetGraphicsRoot32BitConstants, 
11324, 85, SetGraphicsRootShaderResourceView, 
11325, 85, IASetVertexBuffers, 
11326, 85, IASetPrimitiveTopology, 
11327, 85, IASetIndexBuffer, 
11328, 85, DrawIndexedInstanced, 1161
11329, 85, SetGraphicsRootSignature, 
11330, 85, SetPipelineState, 
11331, 85, SetGraphicsRootConstantBufferView, 
11332, 85, SetGraphicsRoot32BitConstants, 
11333, 85, SetGraphicsRoot32BitConstants, 
11334, 85, SetGraphicsRootShaderResourceView, 
11335, 85, IASetVertexBuffers, 
11336, 85, IASetPrimitiveTopology, 
11337, 85, IASetIndexBuffer, 
11338, 85, DrawIndexedInstanced, 1162
11339, 85, SetGraphicsRootSignature, 
11340, 85, SetPipelineState, 
11341, 85, SetGraphicsRootConstantBufferView, 
11342, 85, SetGraphicsRoot32BitConstants, 
11343, 85, SetGraphicsRoot32BitConstants, 
11344, 85, SetGraphicsRootShaderResourceView, 
11345, 85, IASetVertexBuffers, 
11346, 85, IASetPrimitiveTopology, 
11347, 85, IASetIndexBuffer, 
11348, 85, DrawIndexedInstanced, 1163
11349, 85, SetGraphicsRootSignature, 
11350, 85, SetPipelineState, 
11351, 85, SetGraphicsRootConstantBufferView, 
11352, 85, SetGraphicsRoot32BitConstants, 
11353, 85, SetGraphicsRoot32BitConstants, 
11354, 85, SetGraphicsRootShaderResourceView, 
11355, 85, IASetVertexBuffers, 
11356, 85, IASetPrimitiveTopology, 
11357, 85, IASetIndexBuffer, 
11358, 85, DrawIndexedInstanced, 1164
11359, 85, SetGraphicsRootSignature, 
11360, 85, SetPipelineState, 
11361, 85, SetGraphicsRootConstantBufferView, 
11362, 85, SetGraphicsRoot32BitConstants, 
11363, 85, SetGraphicsRoot32BitConstants, 
11364, 85, SetGraphicsRootShaderResourceView, 
11365, 85, IASetVertexBuffers, 
11366, 85, IASetPrimitiveTopology, 
11367, 85, IASetIndexBuffer, 
11368, 85, DrawIndexedInstanced, 1165
11369, 85, SetGraphicsRootSignature, 
11370, 85, SetPipelineState, 
11371, 85, SetGraphicsRootConstantBufferView, 
11372, 85, SetGraphicsRoot32BitConstants, 
11373, 85, SetGraphicsRoot32BitConstants, 
11374, 85, SetGraphicsRootShaderResourceView, 
11375, 85, IASetVertexBuffers, 
11376, 85, IASetPrimitiveTopology, 
11377, 85, IASetIndexBuffer, 
11378, 85, DrawIndexedInstanced, 1166
11379, 85, SetGraphicsRootSignature, 
11380, 85, SetPipelineState, 
11381, 85, SetGraphicsRootConstantBufferView, 
11382, 85, SetGraphicsRoot32BitConstants, 
11383, 85, SetGraphicsRoot32BitConstants, 
11384, 85, SetGraphicsRootShaderResourceView, 
11385, 85, IASetVertexBuffers, 
11386, 85, IASetPrimitiveTopology, 
11387, 85, IASetIndexBuffer, 
11388, 85, DrawIndexedInstanced, 1167
11389, 85, SetGraphicsRootSignature, 
11390, 85, SetPipelineState, 
11391, 85, SetGraphicsRootConstantBufferView, 
11392, 85, SetGraphicsRoot32BitConstants, 
11393, 85, SetGraphicsRoot32BitConstants, 
11394, 85, SetGraphicsRootShaderResourceView, 
11395, 85, IASetVertexBuffers, 
11396, 85, IASetPrimitiveTopology, 
11397, 85, IASetIndexBuffer, 
11398, 85, DrawIndexedInstanced, 1168
11399, 85, SetGraphicsRootSignature, 
11400, 85, SetPipelineState, 
11401, 85, SetGraphicsRootConstantBufferView, 
11402, 85, SetGraphicsRoot32BitConstants, 
11403, 85, SetGraphicsRoot32BitConstants, 
11404, 85, SetGraphicsRootShaderResourceView, 
11405, 85, IASetVertexBuffers, 
11406, 85, IASetPrimitiveTopology, 
11407, 85, IASetIndexBuffer, 
11408, 85, DrawIndexedInstanced, 1169
11409, 85, SetGraphicsRootSignature, 
11410, 85, SetPipelineState, 
11411, 85, SetGraphicsRootConstantBufferView, 
11412, 85, SetGraphicsRoot32BitConstants, 
11413, 85, SetGraphicsRoot32BitConstants, 
11414, 85, SetGraphicsRootShaderResourceView, 
11415, 85, IASetVertexBuffers, 
11416, 85, IASetPrimitiveTopology, 
11417, 85, IASetIndexBuffer, 
11418, 85, DrawIndexedInstanced, 1170
11419, 85, SetGraphicsRootSignature, 
11420, 85, SetPipelineState, 
11421, 85, SetGraphicsRootConstantBufferView, 
11422, 85, SetGraphicsRoot32BitConstants, 
11423, 85, SetGraphicsRoot32BitConstants, 
11424, 85, SetGraphicsRootShaderResourceView, 
11425, 85, IASetVertexBuffers, 
11426, 85, IASetPrimitiveTopology, 
11427, 85, IASetIndexBuffer, 
11428, 85, DrawIndexedInstanced, 1171
11429, 85, SetGraphicsRootSignature, 
11430, 85, SetPipelineState, 
11431, 85, SetGraphicsRootConstantBufferView, 
11432, 85, SetGraphicsRoot32BitConstants, 
11433, 85, SetGraphicsRoot32BitConstants, 
11434, 85, SetGraphicsRootShaderResourceView, 
11435, 85, IASetVertexBuffers, 
11436, 85, IASetPrimitiveTopology, 
11437, 85, IASetIndexBuffer, 
11438, 85, DrawIndexedInstanced, 1172
11439, 85, SetGraphicsRootSignature, 
11440, 85, SetPipelineState, 
11441, 85, SetGraphicsRootConstantBufferView, 
11442, 85, SetGraphicsRoot32BitConstants, 
11443, 85, SetGraphicsRoot32BitConstants, 
11444, 85, SetGraphicsRootShaderResourceView, 
11445, 85, IASetVertexBuffers, 
11446, 85, IASetPrimitiveTopology, 
11447, 85, IASetIndexBuffer, 
11448, 85, DrawIndexedInstanced, 1173
11449, 85, SetGraphicsRootSignature, 
11450, 85, SetPipelineState, 
11451, 85, SetGraphicsRootConstantBufferView, 
11452, 85, SetGraphicsRoot32BitConstants, 
11453, 85, SetGraphicsRoot32BitConstants, 
11454, 85, SetGraphicsRootShaderResourceView, 
11455, 85, IASetVertexBuffers, 
11456, 85, IASetPrimitiveTopology, 
11457, 85, IASetIndexBuffer, 
11458, 85, DrawIndexedInstanced, 1174
11459, 85, SetGraphicsRootSignature, 
11460, 85, SetPipelineState, 
11461, 85, SetGraphicsRootConstantBufferView, 
11462, 85, SetGraphicsRoot32BitConstants, 
11463, 85, SetGraphicsRoot32BitConstants, 
11464, 85, SetGraphicsRootShaderResourceView, 
11465, 85, IASetVertexBuffers, 
11466, 85, IASetPrimitiveTopology, 
11467, 85, IASetIndexBuffer, 
11468, 85, DrawIndexedInstanced, 1175
11469, 85, SetGraphicsRootSignature, 
11470, 85, SetPipelineState, 
11471, 85, SetGraphicsRootConstantBufferView, 
11472, 85, SetGraphicsRoot32BitConstants, 
11473, 85, SetGraphicsRoot32BitConstants, 
11474, 85, SetGraphicsRootShaderResourceView, 
11475, 85, IASetVertexBuffers, 
11476, 85, IASetPrimitiveTopology, 
11477, 85, DrawInstanced, 1176
11478, 85, SetGraphicsRootSignature, 
11479, 85, SetPipelineState, 
11480, 85, SetDescriptorHeaps, 
11481, 85, SetGraphicsRootDescriptorTable, 
11482, 85, SetGraphicsRootConstantBufferView, 
11483, 85, SetGraphicsRoot32BitConstants, 
11484, 85, SetGraphicsRoot32BitConstants, 
11485, 85, SetGraphicsRootShaderResourceView, 
11486, 85, IASetVertexBuffers, 
11487, 85, IASetPrimitiveTopology, 
11488, 85, IASetIndexBuffer, 
11489, 85, DrawIndexedInstanced, 1177
11490, 85, SetGraphicsRootSignature, 
11491, 85, SetPipelineState, 
11492, 85, SetGraphicsRootConstantBufferView, 
11493, 85, SetGraphicsRoot32BitConstants, 
11494, 85, SetGraphicsRoot32BitConstants, 
11495, 85, SetGraphicsRootShaderResourceView, 
11496, 85, IASetVertexBuffers, 
11497, 85, IASetPrimitiveTopology, 
11498, 85, IASetIndexBuffer, 
11499, 85, DrawIndexedInstanced, 1178
11500, 85, SetGraphicsRootSignature, 
11501, 85, SetPipelineState, 
11502, 85, SetGraphicsRootConstantBufferView, 
11503, 85, SetGraphicsRoot32BitConstants, 
11504, 85, SetGraphicsRoot32BitConstants, 
11505, 85, SetGraphicsRootShaderResourceView, 
11506, 85, IASetVertexBuffers, 
11507, 85, IASetPrimitiveTopology, 
11508, 85, IASetIndexBuffer, 
11509, 85, DrawIndexedInstanced, 1179
11510, 85, SetGraphicsRootSignature, 
11511, 85, SetPipelineState, 
11512, 85, SetGraphicsRootConstantBufferView, 
11513, 85, SetGraphicsRoot32BitConstants, 
11514, 85, SetGraphicsRoot32BitConstants, 
11515, 85, SetGraphicsRootShaderResourceView, 
11516, 85, IASetVertexBuffers, 
11517, 85, IASetPrimitiveTopology, 
11518, 85, IASetIndexBuffer, 
11519, 85, DrawIndexedInstanced, 1180
11520, 85, SetGraphicsRootSignature, 
11521, 85, SetPipelineState, 
11522, 85, SetGraphicsRootConstantBufferView, 
11523, 85, SetGraphicsRoot32BitConstants, 
11524, 85, SetGraphicsRoot32BitConstants, 
11525, 85, SetGraphicsRootShaderResourceView, 
11526, 85, IASetVertexBuffers, 
11527, 85, IASetPrimitiveTopology, 
11528, 85, IASetIndexBuffer, 
11529, 85, DrawIndexedInstanced, 1181
11530, 85, SetGraphicsRootSignature, 
11531, 85, SetPipelineState, 
11532, 85, SetGraphicsRootConstantBufferView, 
11533, 85, SetGraphicsRoot32BitConstants, 
11534, 85, SetGraphicsRoot32BitConstants, 
11535, 85, SetGraphicsRootShaderResourceView, 
11536, 85, IASetVertexBuffers, 
11537, 85, IASetPrimitiveTopology, 
11538, 85, IASetIndexBuffer, 
11539, 85, DrawIndexedInstanced, 1182
11540, 85, SetGraphicsRootSignature, 
11541, 85, SetPipelineState, 
11542, 85, SetGraphicsRootConstantBufferView, 
11543, 85, SetGraphicsRoot32BitConstants, 
11544, 85, SetGraphicsRoot32BitConstants, 
11545, 85, SetGraphicsRootShaderResourceView, 
11546, 85, IASetVertexBuffers, 
11547, 85, IASetPrimitiveTopology, 
11548, 85, IASetIndexBuffer, 
11549, 85, DrawIndexedInstanced, 1183
11550, 85, SetGraphicsRootSignature, 
11551, 85, SetPipelineState, 
11552, 85, SetGraphicsRootConstantBufferView, 
11553, 85, SetGraphicsRoot32BitConstants, 
11554, 85, SetGraphicsRoot32BitConstants, 
11555, 85, SetGraphicsRootShaderResourceView, 
11556, 85, IASetVertexBuffers, 
11557, 85, IASetPrimitiveTopology, 
11558, 85, IASetIndexBuffer, 
11559, 85, DrawIndexedInstanced, 1184
11560, 85, SetGraphicsRootSignature, 
11561, 85, SetPipelineState, 
11562, 85, SetGraphicsRootConstantBufferView, 
11563, 85, SetGraphicsRoot32BitConstants, 
11564, 85, SetGraphicsRoot32BitConstants, 
11565, 85, SetGraphicsRootShaderResourceView, 
11566, 85, IASetVertexBuffers, 
11567, 85, IASetPrimitiveTopology, 
11568, 85, IASetIndexBuffer, 
11569, 85, DrawIndexedInstanced, 1185
11570, 85, SetGraphicsRootSignature, 
11571, 85, SetPipelineState, 
11572, 85, SetGraphicsRootConstantBufferView, 
11573, 85, SetGraphicsRoot32BitConstants, 
11574, 85, SetGraphicsRoot32BitConstants, 
11575, 85, SetGraphicsRootShaderResourceView, 
11576, 85, IASetVertexBuffers, 
11577, 85, IASetPrimitiveTopology, 
11578, 85, IASetIndexBuffer, 
11579, 85, DrawIndexedInstanced, 1186
11580, 85, SetGraphicsRootSignature, 
11581, 85, SetPipelineState, 
11582, 85, SetGraphicsRootConstantBufferView, 
11583, 85, SetGraphicsRoot32BitConstants, 
11584, 85, SetGraphicsRoot32BitConstants, 
11585, 85, SetGraphicsRootShaderResourceView, 
11586, 85, IASetVertexBuffers, 
11587, 85, IASetPrimitiveTopology, 
11588, 85, IASetIndexBuffer, 
11589, 85, DrawIndexedInstanced, 1187
11590, 85, SetGraphicsRootSignature, 
11591, 85, SetPipelineState, 
11592, 85, SetGraphicsRootConstantBufferView, 
11593, 85, SetGraphicsRoot32BitConstants, 
11594, 85, SetGraphicsRoot32BitConstants, 
11595, 85, SetGraphicsRootShaderResourceView, 
11596, 85, IASetVertexBuffers, 
11597, 85, IASetPrimitiveTopology, 
11598, 85, IASetIndexBuffer, 
11599, 85, DrawIndexedInstanced, 1188
11600, 85, SetGraphicsRootSignature, 
11601, 85, SetPipelineState, 
11602, 85, SetGraphicsRootConstantBufferView, 
11603, 85, SetGraphicsRoot32BitConstants, 
11604, 85, SetGraphicsRoot32BitConstants, 
11605, 85, SetGraphicsRootShaderResourceView, 
11606, 85, IASetVertexBuffers, 
11607, 85, IASetPrimitiveTopology, 
11608, 85, IASetIndexBuffer, 
11609, 85, DrawIndexedInstanced, 1189
11610, 85, SetGraphicsRootSignature, 
11611, 85, SetPipelineState, 
11612, 85, SetGraphicsRootConstantBufferView, 
11613, 85, SetGraphicsRoot32BitConstants, 
11614, 85, SetGraphicsRoot32BitConstants, 
11615, 85, SetGraphicsRootShaderResourceView, 
11616, 85, IASetVertexBuffers, 
11617, 85, IASetPrimitiveTopology, 
11618, 85, IASetIndexBuffer, 
11619, 85, DrawIndexedInstanced, 1190
11620, 85, SetGraphicsRootSignature, 
11621, 85, SetPipelineState, 
11622, 85, SetGraphicsRootConstantBufferView, 
11623, 85, SetGraphicsRoot32BitConstants, 
11624, 85, SetGraphicsRoot32BitConstants, 
11625, 85, SetGraphicsRootShaderResourceView, 
11626, 85, IASetVertexBuffers, 
11627, 85, IASetPrimitiveTopology, 
11628, 85, IASetIndexBuffer, 
11629, 85, DrawIndexedInstanced, 1191
11630, 85, SetGraphicsRootSignature, 
11631, 85, SetPipelineState, 
11632, 85, SetGraphicsRootConstantBufferView, 
11633, 85, SetGraphicsRoot32BitConstants, 
11634, 85, SetGraphicsRoot32BitConstants, 
11635, 85, SetGraphicsRootShaderResourceView, 
11636, 85, IASetVertexBuffers, 
11637, 85, IASetPrimitiveTopology, 
11638, 85, IASetIndexBuffer, 
11639, 85, DrawIndexedInstanced, 1192
11640, 85, SetGraphicsRootSignature, 
11641, 85, SetPipelineState, 
11642, 85, SetGraphicsRootConstantBufferView, 
11643, 85, SetGraphicsRoot32BitConstants, 
11644, 85, SetGraphicsRoot32BitConstants, 
11645, 85, SetGraphicsRootShaderResourceView, 
11646, 85, IASetVertexBuffers, 
11647, 85, IASetPrimitiveTopology, 
11648, 85, IASetIndexBuffer, 
11649, 85, DrawIndexedInstanced, 1193
11650, 85, SetGraphicsRootSignature, 
11651, 85, SetPipelineState, 
11652, 85, SetGraphicsRootConstantBufferView, 
11653, 85, SetGraphicsRoot32BitConstants, 
11654, 85, SetGraphicsRoot32BitConstants, 
11655, 85, SetGraphicsRootShaderResourceView, 
11656, 85, IASetVertexBuffers, 
11657, 85, IASetPrimitiveTopology, 
11658, 85, IASetIndexBuffer, 
11659, 85, DrawIndexedInstanced, 1194
11660, 85, SetGraphicsRootSignature, 
11661, 85, SetPipelineState, 
11662, 85, SetGraphicsRootConstantBufferView, 
11663, 85, SetGraphicsRoot32BitConstants, 
11664, 85, SetGraphicsRoot32BitConstants, 
11665, 85, SetGraphicsRootShaderResourceView, 
11666, 85, IASetVertexBuffers, 
11667, 85, IASetPrimitiveTopology, 
11668, 85, DrawInstanced, 1195
11669, 85, SetGraphicsRootSignature, 
11670, 85, SetPipelineState, 
11671, 85, SetDescriptorHeaps, 
11672, 85, SetGraphicsRootDescriptorTable, 
11673, 85, SetGraphicsRootConstantBufferView, 
11674, 85, SetGraphicsRoot32BitConstants, 
11675, 85, SetGraphicsRoot32BitConstants, 
11676, 85, SetGraphicsRootShaderResourceView, 
11677, 85, IASetVertexBuffers, 
11678, 85, IASetPrimitiveTopology, 
11679, 85, IASetIndexBuffer, 
11680, 85, DrawIndexedInstanced, 1196
11681, 85, SetGraphicsRootSignature, 
11682, 85, SetPipelineState, 
11683, 85, SetGraphicsRootConstantBufferView, 
11684, 85, SetGraphicsRoot32BitConstants, 
11685, 85, SetGraphicsRoot32BitConstants, 
11686, 85, SetGraphicsRootShaderResourceView, 
11687, 85, IASetVertexBuffers, 
11688, 85, IASetPrimitiveTopology, 
11689, 85, IASetIndexBuffer, 
11690, 85, DrawIndexedInstanced, 1197
11691, 85, SetGraphicsRootSignature, 
11692, 85, SetPipelineState, 
11693, 85, SetGraphicsRootConstantBufferView, 
11694, 85, SetGraphicsRoot32BitConstants, 
11695, 85, SetGraphicsRoot32BitConstants, 
11696, 85, SetGraphicsRootShaderResourceView, 
11697, 85, IASetVertexBuffers, 
11698, 85, IASetPrimitiveTopology, 
11699, 85, IASetIndexBuffer, 
11700, 85, DrawIndexedInstanced, 1198
11701, 85, SetGraphicsRootSignature, 
11702, 85, SetPipelineState, 
11703, 85, SetGraphicsRootConstantBufferView, 
11704, 85, SetGraphicsRoot32BitConstants, 
11705, 85, SetGraphicsRoot32BitConstants, 
11706, 85, SetGraphicsRootShaderResourceView, 
11707, 85, IASetVertexBuffers, 
11708, 85, IASetPrimitiveTopology, 
11709, 85, IASetIndexBuffer, 
11710, 85, DrawIndexedInstanced, 1199
11711, 85, SetGraphicsRootSignature, 
11712, 85, SetPipelineState, 
11713, 85, SetGraphicsRootConstantBufferView, 
11714, 85, SetGraphicsRoot32BitConstants, 
11715, 85, SetGraphicsRoot32BitConstants, 
11716, 85, SetGraphicsRootShaderResourceView, 
11717, 85, IASetVertexBuffers, 
11718, 85, IASetPrimitiveTopology, 
11719, 85, IASetIndexBuffer, 
11720, 85, DrawIndexedInstanced, 1200
11721, 85, SetGraphicsRootSignature, 
11722, 85, SetPipelineState, 
11723, 85, SetGraphicsRootConstantBufferView, 
11724, 85, SetGraphicsRoot32BitConstants, 
11725, 85, SetGraphicsRoot32BitConstants, 
11726, 85, SetGraphicsRootShaderResourceView, 
11727, 85, IASetVertexBuffers, 
11728, 85, IASetPrimitiveTopology, 
11729, 85, IASetIndexBuffer, 
11730, 85, DrawIndexedInstanced, 1201
11731, 85, SetGraphicsRootSignature, 
11732, 85, SetPipelineState, 
11733, 85, SetGraphicsRootConstantBufferView, 
11734, 85, SetGraphicsRoot32BitConstants, 
11735, 85, SetGraphicsRoot32BitConstants, 
11736, 85, SetGraphicsRootShaderResourceView, 
11737, 85, IASetVertexBuffers, 
11738, 85, IASetPrimitiveTopology, 
11739, 85, IASetIndexBuffer, 
11740, 85, DrawIndexedInstanced, 1202
11741, 85, SetGraphicsRootSignature, 
11742, 85, SetPipelineState, 
11743, 85, SetGraphicsRootConstantBufferView, 
11744, 85, SetGraphicsRoot32BitConstants, 
11745, 85, SetGraphicsRoot32BitConstants, 
11746, 85, SetGraphicsRootShaderResourceView, 
11747, 85, IASetVertexBuffers, 
11748, 85, IASetPrimitiveTopology, 
11749, 85, IASetIndexBuffer, 
11750, 85, DrawIndexedInstanced, 1203
11751, 85, SetGraphicsRootSignature, 
11752, 85, SetPipelineState, 
11753, 85, SetGraphicsRootConstantBufferView, 
11754, 85, SetGraphicsRoot32BitConstants, 
11755, 85, SetGraphicsRoot32BitConstants, 
11756, 85, SetGraphicsRootShaderResourceView, 
11757, 85, IASetVertexBuffers, 
11758, 85, IASetPrimitiveTopology, 
11759, 85, IASetIndexBuffer, 
11760, 85, DrawIndexedInstanced, 1204
11761, 85, SetGraphicsRootSignature, 
11762, 85, SetPipelineState, 
11763, 85, SetGraphicsRootConstantBufferView, 
11764, 85, SetGraphicsRoot32BitConstants, 
11765, 85, SetGraphicsRoot32BitConstants, 
11766, 85, SetGraphicsRootShaderResourceView, 
11767, 85, IASetVertexBuffers, 
11768, 85, IASetPrimitiveTopology, 
11769, 85, IASetIndexBuffer, 
11770, 85, DrawIndexedInstanced, 1205
11771, 85, SetGraphicsRootSignature, 
11772, 85, SetPipelineState, 
11773, 85, SetGraphicsRootConstantBufferView, 
11774, 85, SetGraphicsRoot32BitConstants, 
11775, 85, SetGraphicsRoot32BitConstants, 
11776, 85, SetGraphicsRootShaderResourceView, 
11777, 85, IASetVertexBuffers, 
11778, 85, IASetPrimitiveTopology, 
11779, 85, IASetIndexBuffer, 
11780, 85, DrawIndexedInstanced, 1206
11781, 85, SetGraphicsRootSignature, 
11782, 85, SetPipelineState, 
11783, 85, SetGraphicsRootConstantBufferView, 
11784, 85, SetGraphicsRoot32BitConstants, 
11785, 85, SetGraphicsRoot32BitConstants, 
11786, 85, SetGraphicsRootShaderResourceView, 
11787, 85, IASetVertexBuffers, 
11788, 85, IASetPrimitiveTopology, 
11789, 85, IASetIndexBuffer, 
11790, 85, DrawIndexedInstanced, 1207
11791, 85, SetGraphicsRootSignature, 
11792, 85, SetPipelineState, 
11793, 85, SetGraphicsRootConstantBufferView, 
11794, 85, SetGraphicsRoot32BitConstants, 
11795, 85, SetGraphicsRoot32BitConstants, 
11796, 85, SetGraphicsRootShaderResourceView, 
11797, 85, IASetVertexBuffers, 
11798, 85, IASetPrimitiveTopology, 
11799, 85, IASetIndexBuffer, 
11800, 85, DrawIndexedInstanced, 1208
11801, 85, SetGraphicsRootSignature, 
11802, 85, SetPipelineState, 
11803, 85, SetGraphicsRootConstantBufferView, 
11804, 85, SetGraphicsRoot32BitConstants, 
11805, 85, SetGraphicsRoot32BitConstants, 
11806, 85, SetGraphicsRootShaderResourceView, 
11807, 85, IASetVertexBuffers, 
11808, 85, IASetPrimitiveTopology, 
11809, 85, IASetIndexBuffer, 
11810, 85, DrawIndexedInstanced, 1209
11811, 85, SetGraphicsRootSignature, 
11812, 85, SetPipelineState, 
11813, 85, SetGraphicsRootConstantBufferView, 
11814, 85, SetGraphicsRoot32BitConstants, 
11815, 85, SetGraphicsRoot32BitConstants, 
11816, 85, SetGraphicsRootShaderResourceView, 
11817, 85, IASetVertexBuffers, 
11818, 85, IASetPrimitiveTopology, 
11819, 85, IASetIndexBuffer, 
11820, 85, DrawIndexedInstanced, 1210
11821, 85, SetGraphicsRootSignature, 
11822, 85, SetPipelineState, 
11823, 85, SetGraphicsRootConstantBufferView, 
11824, 85, SetGraphicsRoot32BitConstants, 
11825, 85, SetGraphicsRoot32BitConstants, 
11826, 85, SetGraphicsRootShaderResourceView, 
11827, 85, IASetVertexBuffers, 
11828, 85, IASetPrimitiveTopology, 
11829, 85, IASetIndexBuffer, 
11830, 85, DrawIndexedInstanced, 1211
11831, 85, SetGraphicsRootSignature, 
11832, 85, SetPipelineState, 
11833, 85, SetGraphicsRootConstantBufferView, 
11834, 85, SetGraphicsRoot32BitConstants, 
11835, 85, SetGraphicsRoot32BitConstants, 
11836, 85, SetGraphicsRootShaderResourceView, 
11837, 85, IASetVertexBuffers, 
11838, 85, IASetPrimitiveTopology, 
11839, 85, IASetIndexBuffer, 
11840, 85, DrawIndexedInstanced, 1212
11841, 85, SetGraphicsRootSignature, 
11842, 85, SetPipelineState, 
11843, 85, SetGraphicsRootConstantBufferView, 
11844, 85, SetGraphicsRoot32BitConstants, 
11845, 85, SetGraphicsRoot32BitConstants, 
11846, 85, SetGraphicsRootShaderResourceView, 
11847, 85, IASetVertexBuffers, 
11848, 85, IASetPrimitiveTopology, 
11849, 85, IASetIndexBuffer, 
11850, 85, DrawIndexedInstanced, 1213
11851, 85, SetGraphicsRootSignature, 
11852, 85, SetPipelineState, 
11853, 85, SetGraphicsRootConstantBufferView, 
11854, 85, SetGraphicsRoot32BitConstants, 
11855, 85, SetGraphicsRoot32BitConstants, 
11856, 85, SetGraphicsRootShaderResourceView, 
11857, 85, IASetVertexBuffers, 
11858, 85, IASetPrimitiveTopology, 
11859, 85, IASetIndexBuffer, 
11860, 85, DrawIndexedInstanced, 1214
11861, 85, SetGraphicsRootSignature, 
11862, 85, SetPipelineState, 
11863, 85, SetGraphicsRootConstantBufferView, 
11864, 85, SetGraphicsRoot32BitConstants, 
11865, 85, SetGraphicsRoot32BitConstants, 
11866, 85, SetGraphicsRootShaderResourceView, 
11867, 85, IASetVertexBuffers, 
11868, 85, IASetPrimitiveTopology, 
11869, 85, IASetIndexBuffer, 
11870, 85, DrawIndexedInstanced, 1215
11871, 85, SetGraphicsRootSignature, 
11872, 85, SetPipelineState, 
11873, 85, SetGraphicsRootConstantBufferView, 
11874, 85, SetGraphicsRoot32BitConstants, 
11875, 85, SetGraphicsRoot32BitConstants, 
11876, 85, SetGraphicsRootShaderResourceView, 
11877, 85, IASetVertexBuffers, 
11878, 85, IASetPrimitiveTopology, 
11879, 85, DrawInstanced, 1216
11880, 85, SetGraphicsRootSignature, 
11881, 85, SetPipelineState, 
11882, 85, SetDescriptorHeaps, 
11883, 85, SetGraphicsRootDescriptorTable, 
11884, 85, SetGraphicsRootConstantBufferView, 
11885, 85, SetGraphicsRoot32BitConstants, 
11886, 85, SetGraphicsRoot32BitConstants, 
11887, 85, SetGraphicsRootShaderResourceView, 
11888, 85, IASetVertexBuffers, 
11889, 85, IASetPrimitiveTopology, 
11890, 85, IASetIndexBuffer, 
11891, 85, DrawIndexedInstanced, 1217
11892, 85, SetGraphicsRootSignature, 
11893, 85, SetPipelineState, 
11894, 85, SetGraphicsRootConstantBufferView, 
11895, 85, SetGraphicsRoot32BitConstants, 
11896, 85, SetGraphicsRoot32BitConstants, 
11897, 85, SetGraphicsRootShaderResourceView, 
11898, 85, IASetVertexBuffers, 
11899, 85, IASetPrimitiveTopology, 
11900, 85, IASetIndexBuffer, 
11901, 85, DrawIndexedInstanced, 1218
11902, 85, SetGraphicsRootSignature, 
11903, 85, SetPipelineState, 
11904, 85, SetGraphicsRootConstantBufferView, 
11905, 85, SetGraphicsRoot32BitConstants, 
11906, 85, SetGraphicsRoot32BitConstants, 
11907, 85, SetGraphicsRootShaderResourceView, 
11908, 85, IASetVertexBuffers, 
11909, 85, IASetPrimitiveTopology, 
11910, 85, IASetIndexBuffer, 
11911, 85, DrawIndexedInstanced, 1219
11912, 85, SetGraphicsRootSignature, 
11913, 85, SetPipelineState, 
11914, 85, SetGraphicsRootConstantBufferView, 
11915, 85, SetGraphicsRoot32BitConstants, 
11916, 85, SetGraphicsRoot32BitConstants, 
11917, 85, SetGraphicsRootShaderResourceView, 
11918, 85, IASetVertexBuffers, 
11919, 85, IASetPrimitiveTopology, 
11920, 85, IASetIndexBuffer, 
11921, 85, DrawIndexedInstanced, 1220
11922, 85, SetGraphicsRootSignature, 
11923, 85, SetPipelineState, 
11924, 85, SetGraphicsRootConstantBufferView, 
11925, 85, SetGraphicsRoot32BitConstants, 
11926, 85, SetGraphicsRoot32BitConstants, 
11927, 85, SetGraphicsRootShaderResourceView, 
11928, 85, IASetVertexBuffers, 
11929, 85, IASetPrimitiveTopology, 
11930, 85, IASetIndexBuffer, 
11931, 85, DrawIndexedInstanced, 1221
11932, 85, SetGraphicsRootSignature, 
11933, 85, SetPipelineState, 
11934, 85, SetGraphicsRootConstantBufferView, 
11935, 85, SetGraphicsRoot32BitConstants, 
11936, 85, SetGraphicsRoot32BitConstants, 
11937, 85, SetGraphicsRootShaderResourceView, 
11938, 85, IASetVertexBuffers, 
11939, 85, IASetPrimitiveTopology, 
11940, 85, IASetIndexBuffer, 
11941, 85, DrawIndexedInstanced, 1222
11942, 85, SetGraphicsRootSignature, 
11943, 85, SetPipelineState, 
11944, 85, SetGraphicsRootConstantBufferView, 
11945, 85, SetGraphicsRoot32BitConstants, 
11946, 85, SetGraphicsRoot32BitConstants, 
11947, 85, SetGraphicsRootShaderResourceView, 
11948, 85, IASetVertexBuffers, 
11949, 85, IASetPrimitiveTopology, 
11950, 85, IASetIndexBuffer, 
11951, 85, DrawIndexedInstanced, 1223
11952, 85, SetGraphicsRootSignature, 
11953, 85, SetPipelineState, 
11954, 85, SetGraphicsRootConstantBufferView, 
11955, 85, SetGraphicsRoot32BitConstants, 
11956, 85, SetGraphicsRoot32BitConstants, 
11957, 85, SetGraphicsRootShaderResourceView, 
11958, 85, IASetVertexBuffers, 
11959, 85, IASetPrimitiveTopology, 
11960, 85, IASetIndexBuffer, 
11961, 85, DrawIndexedInstanced, 1224
11962, 85, SetGraphicsRootSignature, 
11963, 85, SetPipelineState, 
11964, 85, SetGraphicsRootConstantBufferView, 
11965, 85, SetGraphicsRoot32BitConstants, 
11966, 85, SetGraphicsRoot32BitConstants, 
11967, 85, SetGraphicsRootShaderResourceView, 
11968, 85, IASetVertexBuffers, 
11969, 85, IASetPrimitiveTopology, 
11970, 85, IASetIndexBuffer, 
11971, 85, DrawIndexedInstanced, 1225
11972, 85, SetGraphicsRootSignature, 
11973, 85, SetPipelineState, 
11974, 85, SetGraphicsRootConstantBufferView, 
11975, 85, SetGraphicsRoot32BitConstants, 
11976, 85, SetGraphicsRoot32BitConstants, 
11977, 85, SetGraphicsRootShaderResourceView, 
11978, 85, IASetVertexBuffers, 
11979, 85, IASetPrimitiveTopology, 
11980, 85, IASetIndexBuffer, 
11981, 85, DrawIndexedInstanced, 1226
11982, 85, SetGraphicsRootSignature, 
11983, 85, SetPipelineState, 
11984, 85, SetGraphicsRootConstantBufferView, 
11985, 85, SetGraphicsRoot32BitConstants, 
11986, 85, SetGraphicsRoot32BitConstants, 
11987, 85, SetGraphicsRootShaderResourceView, 
11988, 85, IASetVertexBuffers, 
11989, 85, IASetPrimitiveTopology, 
11990, 85, IASetIndexBuffer, 
11991, 85, DrawIndexedInstanced, 1227
11992, 85, SetGraphicsRootSignature, 
11993, 85, SetPipelineState, 
11994, 85, SetGraphicsRootConstantBufferView, 
11995, 85, SetGraphicsRoot32BitConstants, 
11996, 85, SetGraphicsRoot32BitConstants, 
11997, 85, SetGraphicsRootShaderResourceView, 
11998, 85, IASetVertexBuffers, 
11999, 85, IASetPrimitiveTopology, 
12000, 85, IASetIndexBuffer, 
12001, 85, DrawIndexedInstanced, 1228
12002, 85, SetGraphicsRootSignature, 
12003, 85, SetPipelineState, 
12004, 85, SetGraphicsRootConstantBufferView, 
12005, 85, SetGraphicsRoot32BitConstants, 
12006, 85, SetGraphicsRoot32BitConstants, 
12007, 85, SetGraphicsRootShaderResourceView, 
12008, 85, IASetVertexBuffers, 
12009, 85, IASetPrimitiveTopology, 
12010, 85, IASetIndexBuffer, 
12011, 85, DrawIndexedInstanced, 1229
12012, 85, SetGraphicsRootSignature, 
12013, 85, SetPipelineState, 
12014, 85, SetGraphicsRootConstantBufferView, 
12015, 85, SetGraphicsRoot32BitConstants, 
12016, 85, SetGraphicsRoot32BitConstants, 
12017, 85, SetGraphicsRootShaderResourceView, 
12018, 85, IASetVertexBuffers, 
12019, 85, IASetPrimitiveTopology, 
12020, 85, IASetIndexBuffer, 
12021, 85, DrawIndexedInstanced, 1230
12022, 85, SetGraphicsRootSignature, 
12023, 85, SetPipelineState, 
12024, 85, SetGraphicsRootConstantBufferView, 
12025, 85, SetGraphicsRoot32BitConstants, 
12026, 85, SetGraphicsRoot32BitConstants, 
12027, 85, SetGraphicsRootShaderResourceView, 
12028, 85, IASetVertexBuffers, 
12029, 85, IASetPrimitiveTopology, 
12030, 85, IASetIndexBuffer, 
12031, 85, DrawIndexedInstanced, 1231
12032, 85, SetGraphicsRootSignature, 
12033, 85, SetPipelineState, 
12034, 85, SetGraphicsRootConstantBufferView, 
12035, 85, SetGraphicsRoot32BitConstants, 
12036, 85, SetGraphicsRoot32BitConstants, 
12037, 85, SetGraphicsRootShaderResourceView, 
12038, 85, IASetVertexBuffers, 
12039, 85, IASetPrimitiveTopology, 
12040, 85, IASetIndexBuffer, 
12041, 85, DrawIndexedInstanced, 1232
12042, 85, SetGraphicsRootSignature, 
12043, 85, SetPipelineState, 
12044, 85, SetGraphicsRootConstantBufferView, 
12045, 85, SetGraphicsRoot32BitConstants, 
12046, 85, SetGraphicsRoot32BitConstants, 
12047, 85, SetGraphicsRootShaderResourceView, 
12048, 85, IASetVertexBuffers, 
12049, 85, IASetPrimitiveTopology, 
12050, 85, IASetIndexBuffer, 
12051, 85, DrawIndexedInstanced, 1233
12052, 85, SetGraphicsRootSignature, 
12053, 85, SetPipelineState, 
12054, 85, SetGraphicsRootConstantBufferView, 
12055, 85, SetGraphicsRoot32BitConstants, 
12056, 85, SetGraphicsRoot32BitConstants, 
12057, 85, SetGraphicsRootShaderResourceView, 
12058, 85, IASetVertexBuffers, 
12059, 85, IASetPrimitiveTopology, 
12060, 85, IASetIndexBuffer, 
12061, 85, DrawIndexedInstanced, 1234
12062, 85, SetGraphicsRootSignature, 
12063, 85, SetPipelineState, 
12064, 85, SetGraphicsRootConstantBufferView, 
12065, 85, SetGraphicsRoot32BitConstants, 
12066, 85, SetGraphicsRoot32BitConstants, 
12067, 85, SetGraphicsRootShaderResourceView, 
12068, 85, IASetVertexBuffers, 
12069, 85, IASetPrimitiveTopology, 
12070, 85, DrawInstanced, 1235
12071, 85, SetGraphicsRootSignature, 
12072, 85, SetPipelineState, 
12073, 85, SetDescriptorHeaps, 
12074, 85, SetGraphicsRootDescriptorTable, 
12075, 85, SetGraphicsRootConstantBufferView, 
12076, 85, SetGraphicsRoot32BitConstants, 
12077, 85, SetGraphicsRoot32BitConstants, 
12078, 85, SetGraphicsRootShaderResourceView, 
12079, 85, IASetVertexBuffers, 
12080, 85, IASetPrimitiveTopology, 
12081, 85, IASetIndexBuffer, 
12082, 85, DrawIndexedInstanced, 1236
12083, 85, SetGraphicsRootSignature, 
12084, 85, SetPipelineState, 
12085, 85, SetGraphicsRootConstantBufferView, 
12086, 85, SetGraphicsRoot32BitConstants, 
12087, 85, SetGraphicsRoot32BitConstants, 
12088, 85, SetGraphicsRootShaderResourceView, 
12089, 85, IASetVertexBuffers, 
12090, 85, IASetPrimitiveTopology, 
12091, 85, IASetIndexBuffer, 
12092, 85, DrawIndexedInstanced, 1237
12093, 85, SetGraphicsRootSignature, 
12094, 85, SetPipelineState, 
12095, 85, SetGraphicsRootConstantBufferView, 
12096, 85, SetGraphicsRoot32BitConstants, 
12097, 85, SetGraphicsRoot32BitConstants, 
12098, 85, SetGraphicsRootShaderResourceView, 
12099, 85, IASetVertexBuffers, 
12100, 85, IASetPrimitiveTopology, 
12101, 85, IASetIndexBuffer, 
12102, 85, DrawIndexedInstanced, 1238
12103, 85, SetGraphicsRootSignature, 
12104, 85, SetPipelineState, 
12105, 85, SetGraphicsRootConstantBufferView, 
12106, 85, SetGraphicsRoot32BitConstants, 
12107, 85, SetGraphicsRoot32BitConstants, 
12108, 85, SetGraphicsRootShaderResourceView, 
12109, 85, IASetVertexBuffers, 
12110, 85, IASetPrimitiveTopology, 
12111, 85, IASetIndexBuffer, 
12112, 85, DrawIndexedInstanced, 1239
12113, 85, SetGraphicsRootSignature, 
12114, 85, SetPipelineState, 
12115, 85, SetGraphicsRootConstantBufferView, 
12116, 85, SetGraphicsRoot32BitConstants, 
12117, 85, SetGraphicsRoot32BitConstants, 
12118, 85, SetGraphicsRootShaderResourceView, 
12119, 85, IASetVertexBuffers, 
12120, 85, IASetPrimitiveTopology, 
12121, 85, IASetIndexBuffer, 
12122, 85, DrawIndexedInstanced, 1240
12123, 85, SetGraphicsRootSignature, 
12124, 85, SetPipelineState, 
12125, 85, SetGraphicsRootConstantBufferView, 
12126, 85, SetGraphicsRoot32BitConstants, 
12127, 85, SetGraphicsRoot32BitConstants, 
12128, 85, SetGraphicsRootShaderResourceView, 
12129, 85, IASetVertexBuffers, 
12130, 85, IASetPrimitiveTopology, 
12131, 85, IASetIndexBuffer, 
12132, 85, DrawIndexedInstanced, 1241
12133, 85, SetGraphicsRootSignature, 
12134, 85, SetPipelineState, 
12135, 85, SetGraphicsRootConstantBufferView, 
12136, 85, SetGraphicsRoot32BitConstants, 
12137, 85, SetGraphicsRoot32BitConstants, 
12138, 85, SetGraphicsRootShaderResourceView, 
12139, 85, IASetVertexBuffers, 
12140, 85, IASetPrimitiveTopology, 
12141, 85, IASetIndexBuffer, 
12142, 85, DrawIndexedInstanced, 1242
12143, 85, SetGraphicsRootSignature, 
12144, 85, SetPipelineState, 
12145, 85, SetGraphicsRootConstantBufferView, 
12146, 85, SetGraphicsRoot32BitConstants, 
12147, 85, SetGraphicsRoot32BitConstants, 
12148, 85, SetGraphicsRootShaderResourceView, 
12149, 85, IASetVertexBuffers, 
12150, 85, IASetPrimitiveTopology, 
12151, 85, IASetIndexBuffer, 
12152, 85, DrawIndexedInstanced, 1243
12153, 85, SetGraphicsRootSignature, 
12154, 85, SetPipelineState, 
12155, 85, SetGraphicsRootConstantBufferView, 
12156, 85, SetGraphicsRoot32BitConstants, 
12157, 85, SetGraphicsRoot32BitConstants, 
12158, 85, SetGraphicsRootShaderResourceView, 
12159, 85, IASetVertexBuffers, 
12160, 85, IASetPrimitiveTopology, 
12161, 85, IASetIndexBuffer, 
12162, 85, DrawIndexedInstanced, 1244
12163, 85, SetGraphicsRootSignature, 
12164, 85, SetPipelineState, 
12165, 85, SetGraphicsRootConstantBufferView, 
12166, 85, SetGraphicsRoot32BitConstants, 
12167, 85, SetGraphicsRoot32BitConstants, 
12168, 85, SetGraphicsRootShaderResourceView, 
12169, 85, IASetVertexBuffers, 
12170, 85, IASetPrimitiveTopology, 
12171, 85, IASetIndexBuffer, 
12172, 85, DrawIndexedInstanced, 1245
12173, 85, SetGraphicsRootSignature, 
12174, 85, SetPipelineState, 
12175, 85, SetGraphicsRootConstantBufferView, 
12176, 85, SetGraphicsRoot32BitConstants, 
12177, 85, SetGraphicsRoot32BitConstants, 
12178, 85, SetGraphicsRootShaderResourceView, 
12179, 85, IASetVertexBuffers, 
12180, 85, IASetPrimitiveTopology, 
12181, 85, IASetIndexBuffer, 
12182, 85, DrawIndexedInstanced, 1246
12183, 85, SetGraphicsRootSignature, 
12184, 85, SetPipelineState, 
12185, 85, SetGraphicsRootConstantBufferView, 
12186, 85, SetGraphicsRoot32BitConstants, 
12187, 85, SetGraphicsRoot32BitConstants, 
12188, 85, SetGraphicsRootShaderResourceView, 
12189, 85, IASetVertexBuffers, 
12190, 85, IASetPrimitiveTopology, 
12191, 85, IASetIndexBuffer, 
12192, 85, DrawIndexedInstanced, 1247
12193, 85, SetGraphicsRootSignature, 
12194, 85, SetPipelineState, 
12195, 85, SetGraphicsRootConstantBufferView, 
12196, 85, SetGraphicsRoot32BitConstants, 
12197, 85, SetGraphicsRoot32BitConstants, 
12198, 85, SetGraphicsRootShaderResourceView, 
12199, 85, IASetVertexBuffers, 
12200, 85, IASetPrimitiveTopology, 
12201, 85, IASetIndexBuffer, 
12202, 85, DrawIndexedInstanced, 1248
12203, 85, SetGraphicsRootSignature, 
12204, 85, SetPipelineState, 
12205, 85, SetGraphicsRootConstantBufferView, 
12206, 85, SetGraphicsRoot32BitConstants, 
12207, 85, SetGraphicsRoot32BitConstants, 
12208, 85, SetGraphicsRootShaderResourceView, 
12209, 85, IASetVertexBuffers, 
12210, 85, IASetPrimitiveTopology, 
12211, 85, IASetIndexBuffer, 
12212, 85, DrawIndexedInstanced, 1249
12213, 85, SetGraphicsRootSignature, 
12214, 85, SetPipelineState, 
12215, 85, SetGraphicsRootConstantBufferView, 
12216, 85, SetGraphicsRoot32BitConstants, 
12217, 85, SetGraphicsRoot32BitConstants, 
12218, 85, SetGraphicsRootShaderResourceView, 
12219, 85, IASetVertexBuffers, 
12220, 85, IASetPrimitiveTopology, 
12221, 85, IASetIndexBuffer, 
12222, 85, DrawIndexedInstanced, 1250
12223, 85, SetGraphicsRootSignature, 
12224, 85, SetPipelineState, 
12225, 85, SetGraphicsRootConstantBufferView, 
12226, 85, SetGraphicsRoot32BitConstants, 
12227, 85, SetGraphicsRoot32BitConstants, 
12228, 85, SetGraphicsRootShaderResourceView, 
12229, 85, IASetVertexBuffers, 
12230, 85, IASetPrimitiveTopology, 
12231, 85, IASetIndexBuffer, 
12232, 85, DrawIndexedInstanced, 1251
12233, 85, SetGraphicsRootSignature, 
12234, 85, SetPipelineState, 
12235, 85, SetGraphicsRootConstantBufferView, 
12236, 85, SetGraphicsRoot32BitConstants, 
12237, 85, SetGraphicsRoot32BitConstants, 
12238, 85, SetGraphicsRootShaderResourceView, 
12239, 85, IASetVertexBuffers, 
12240, 85, IASetPrimitiveTopology, 
12241, 85, IASetIndexBuffer, 
12242, 85, DrawIndexedInstanced, 1252
12243, 85, SetGraphicsRootSignature, 
12244, 85, SetPipelineState, 
12245, 85, SetGraphicsRootConstantBufferView, 
12246, 85, SetGraphicsRoot32BitConstants, 
12247, 85, SetGraphicsRoot32BitConstants, 
12248, 85, SetGraphicsRootShaderResourceView, 
12249, 85, IASetVertexBuffers, 
12250, 85, IASetPrimitiveTopology, 
12251, 85, IASetIndexBuffer, 
12252, 85, DrawIndexedInstanced, 1253
12253, 85, SetGraphicsRootSignature, 
12254, 85, SetPipelineState, 
12255, 85, SetGraphicsRootConstantBufferView, 
12256, 85, SetGraphicsRoot32BitConstants, 
12257, 85, SetGraphicsRoot32BitConstants, 
12258, 85, SetGraphicsRootShaderResourceView, 
12259, 85, IASetVertexBuffers, 
12260, 85, IASetPrimitiveTopology, 
12261, 85, DrawInstanced, 1254
12262, 85, SetGraphicsRootSignature, 
12263, 85, SetPipelineState, 
12264, 85, SetDescriptorHeaps, 
12265, 85, SetGraphicsRootDescriptorTable, 
12266, 85, SetGraphicsRootConstantBufferView, 
12267, 85, SetGraphicsRoot32BitConstants, 
12268, 85, SetGraphicsRoot32BitConstants, 
12269, 85, SetGraphicsRootShaderResourceView, 
12270, 85, IASetVertexBuffers, 
12271, 85, IASetPrimitiveTopology, 
12272, 85, IASetIndexBuffer, 
12273, 85, DrawIndexedInstanced, 1255
12274, 85, SetGraphicsRootSignature, 
12275, 85, SetPipelineState, 
12276, 85, SetGraphicsRootConstantBufferView, 
12277, 85, SetGraphicsRoot32BitConstants, 
12278, 85, SetGraphicsRoot32BitConstants, 
12279, 85, SetGraphicsRootShaderResourceView, 
12280, 85, IASetVertexBuffers, 
12281, 85, IASetPrimitiveTopology, 
12282, 85, IASetIndexBuffer, 
12283, 85, DrawIndexedInstanced, 1256
12284, 85, SetGraphicsRootSignature, 
12285, 85, SetPipelineState, 
12286, 85, SetGraphicsRootConstantBufferView, 
12287, 85, SetGraphicsRoot32BitConstants, 
12288, 85, SetGraphicsRoot32BitConstants, 
12289, 85, SetGraphicsRootShaderResourceView, 
12290, 85, IASetVertexBuffers, 
12291, 85, IASetPrimitiveTopology, 
12292, 85, IASetIndexBuffer, 
12293, 85, DrawIndexedInstanced, 1257
12294, 85, SetGraphicsRootSignature, 
12295, 85, SetPipelineState, 
12296, 85, SetGraphicsRootConstantBufferView, 
12297, 85, SetGraphicsRoot32BitConstants, 
12298, 85, SetGraphicsRoot32BitConstants, 
12299, 85, SetGraphicsRootShaderResourceView, 
12300, 85, IASetVertexBuffers, 
12301, 85, IASetPrimitiveTopology, 
12302, 85, IASetIndexBuffer, 
12303, 85, DrawIndexedInstanced, 1258
12304, 85, SetGraphicsRootSignature, 
12305, 85, SetPipelineState, 
12306, 85, SetGraphicsRootConstantBufferView, 
12307, 85, SetGraphicsRoot32BitConstants, 
12308, 85, SetGraphicsRoot32BitConstants, 
12309, 85, SetGraphicsRootShaderResourceView, 
12310, 85, IASetVertexBuffers, 
12311, 85, IASetPrimitiveTopology, 
12312, 85, IASetIndexBuffer, 
12313, 85, DrawIndexedInstanced, 1259
12314, 85, SetGraphicsRootSignature, 
12315, 85, SetPipelineState, 
12316, 85, SetGraphicsRootConstantBufferView, 
12317, 85, SetGraphicsRoot32BitConstants, 
12318, 85, SetGraphicsRoot32BitConstants, 
12319, 85, SetGraphicsRootShaderResourceView, 
12320, 85, IASetVertexBuffers, 
12321, 85, IASetPrimitiveTopology, 
12322, 85, IASetIndexBuffer, 
12323, 85, DrawIndexedInstanced, 1260
12324, 85, SetGraphicsRootSignature, 
12325, 85, SetPipelineState, 
12326, 85, SetGraphicsRootConstantBufferView, 
12327, 85, SetGraphicsRoot32BitConstants, 
12328, 85, SetGraphicsRoot32BitConstants, 
12329, 85, SetGraphicsRootShaderResourceView, 
12330, 85, IASetVertexBuffers, 
12331, 85, IASetPrimitiveTopology, 
12332, 85, IASetIndexBuffer, 
12333, 85, DrawIndexedInstanced, 1261
12334, 85, SetGraphicsRootSignature, 
12335, 85, SetPipelineState, 
12336, 85, SetGraphicsRootConstantBufferView, 
12337, 85, SetGraphicsRoot32BitConstants, 
12338, 85, SetGraphicsRoot32BitConstants, 
12339, 85, SetGraphicsRootShaderResourceView, 
12340, 85, IASetVertexBuffers, 
12341, 85, IASetPrimitiveTopology, 
12342, 85, IASetIndexBuffer, 
12343, 85, DrawIndexedInstanced, 1262
12344, 85, SetGraphicsRootSignature, 
12345, 85, SetPipelineState, 
12346, 85, SetGraphicsRootConstantBufferView, 
12347, 85, SetGraphicsRoot32BitConstants, 
12348, 85, SetGraphicsRoot32BitConstants, 
12349, 85, SetGraphicsRootShaderResourceView, 
12350, 85, IASetVertexBuffers, 
12351, 85, IASetPrimitiveTopology, 
12352, 85, IASetIndexBuffer, 
12353, 85, DrawIndexedInstanced, 1263
12354, 85, SetGraphicsRootSignature, 
12355, 85, SetPipelineState, 
12356, 85, SetGraphicsRootConstantBufferView, 
12357, 85, SetGraphicsRoot32BitConstants, 
12358, 85, SetGraphicsRoot32BitConstants, 
12359, 85, SetGraphicsRootShaderResourceView, 
12360, 85, IASetVertexBuffers, 
12361, 85, IASetPrimitiveTopology, 
12362, 85, IASetIndexBuffer, 
12363, 85, DrawIndexedInstanced, 1264
12364, 85, SetGraphicsRootSignature, 
12365, 85, SetPipelineState, 
12366, 85, SetGraphicsRootConstantBufferView, 
12367, 85, SetGraphicsRoot32BitConstants, 
12368, 85, SetGraphicsRoot32BitConstants, 
12369, 85, SetGraphicsRootShaderResourceView, 
12370, 85, IASetVertexBuffers, 
12371, 85, IASetPrimitiveTopology, 
12372, 85, IASetIndexBuffer, 
12373, 85, DrawIndexedInstanced, 1265
12374, 85, SetGraphicsRootSignature, 
12375, 85, SetPipelineState, 
12376, 85, SetGraphicsRootConstantBufferView, 
12377, 85, SetGraphicsRoot32BitConstants, 
12378, 85, SetGraphicsRoot32BitConstants, 
12379, 85, SetGraphicsRootShaderResourceView, 
12380, 85, IASetVertexBuffers, 
12381, 85, IASetPrimitiveTopology, 
12382, 85, IASetIndexBuffer, 
12383, 85, DrawIndexedInstanced, 1266
12384, 85, SetGraphicsRootSignature, 
12385, 85, SetPipelineState, 
12386, 85, SetGraphicsRootConstantBufferView, 
12387, 85, SetGraphicsRoot32BitConstants, 
12388, 85, SetGraphicsRoot32BitConstants, 
12389, 85, SetGraphicsRootShaderResourceView, 
12390, 85, IASetVertexBuffers, 
12391, 85, IASetPrimitiveTopology, 
12392, 85, IASetIndexBuffer, 
12393, 85, DrawIndexedInstanced, 1267
12394, 85, SetGraphicsRootSignature, 
12395, 85, SetPipelineState, 
12396, 85, SetGraphicsRootConstantBufferView, 
12397, 85, SetGraphicsRoot32BitConstants, 
12398, 85, SetGraphicsRoot32BitConstants, 
12399, 85, SetGraphicsRootShaderResourceView, 
12400, 85, IASetVertexBuffers, 
12401, 85, IASetPrimitiveTopology, 
12402, 85, IASetIndexBuffer, 
12403, 85, DrawIndexedInstanced, 1268
12404, 85, SetGraphicsRootSignature, 
12405, 85, SetPipelineState, 
12406, 85, SetGraphicsRootConstantBufferView, 
12407, 85, SetGraphicsRoot32BitConstants, 
12408, 85, SetGraphicsRoot32BitConstants, 
12409, 85, SetGraphicsRootShaderResourceView, 
12410, 85, IASetVertexBuffers, 
12411, 85, IASetPrimitiveTopology, 
12412, 85, IASetIndexBuffer, 
12413, 85, DrawIndexedInstanced, 1269
12414, 85, SetGraphicsRootSignature, 
12415, 85, SetPipelineState, 
12416, 85, SetGraphicsRootConstantBufferView, 
12417, 85, SetGraphicsRoot32BitConstants, 
12418, 85, SetGraphicsRoot32BitConstants, 
12419, 85, SetGraphicsRootShaderResourceView, 
12420, 85, IASetVertexBuffers, 
12421, 85, IASetPrimitiveTopology, 
12422, 85, IASetIndexBuffer, 
12423, 85, DrawIndexedInstanced, 1270
12424, 85, SetGraphicsRootSignature, 
12425, 85, SetPipelineState, 
12426, 85, SetGraphicsRootConstantBufferView, 
12427, 85, SetGraphicsRoot32BitConstants, 
12428, 85, SetGraphicsRoot32BitConstants, 
12429, 85, SetGraphicsRootShaderResourceView, 
12430, 85, IASetVertexBuffers, 
12431, 85, IASetPrimitiveTopology, 
12432, 85, IASetIndexBuffer, 
12433, 85, DrawIndexedInstanced, 1271
12434, 85, SetGraphicsRootSignature, 
12435, 85, SetPipelineState, 
12436, 85, SetGraphicsRootConstantBufferView, 
12437, 85, SetGraphicsRoot32BitConstants, 
12438, 85, SetGraphicsRoot32BitConstants, 
12439, 85, SetGraphicsRootShaderResourceView, 
12440, 85, IASetVertexBuffers, 
12441, 85, IASetPrimitiveTopology, 
12442, 85, IASetIndexBuffer, 
12443, 85, DrawIndexedInstanced, 1272
12444, 85, SetGraphicsRootSignature, 
12445, 85, SetPipelineState, 
12446, 85, SetGraphicsRootConstantBufferView, 
12447, 85, SetGraphicsRoot32BitConstants, 
12448, 85, SetGraphicsRoot32BitConstants, 
12449, 85, SetGraphicsRootShaderResourceView, 
12450, 85, IASetVertexBuffers, 
12451, 85, IASetPrimitiveTopology, 
12452, 85, DrawInstanced, 1273
12453, 85, SetGraphicsRootSignature, 
12454, 85, SetPipelineState, 
12455, 85, SetDescriptorHeaps, 
12456, 85, SetGraphicsRootDescriptorTable, 
12457, 85, SetGraphicsRootConstantBufferView, 
12458, 85, SetGraphicsRoot32BitConstants, 
12459, 85, SetGraphicsRoot32BitConstants, 
12460, 85, SetGraphicsRootShaderResourceView, 
12461, 85, IASetVertexBuffers, 
12462, 85, IASetPrimitiveTopology, 
12463, 85, IASetIndexBuffer, 
12464, 85, DrawIndexedInstanced, 1274
12465, 85, SetGraphicsRootSignature, 
12466, 85, SetPipelineState, 
12467, 85, SetGraphicsRootConstantBufferView, 
12468, 85, SetGraphicsRoot32BitConstants, 
12469, 85, SetGraphicsRoot32BitConstants, 
12470, 85, SetGraphicsRootShaderResourceView, 
12471, 85, IASetVertexBuffers, 
12472, 85, IASetPrimitiveTopology, 
12473, 85, IASetIndexBuffer, 
12474, 85, DrawIndexedInstanced, 1275
12475, 85, SetGraphicsRootSignature, 
12476, 85, SetPipelineState, 
12477, 85, SetGraphicsRootConstantBufferView, 
12478, 85, SetGraphicsRoot32BitConstants, 
12479, 85, SetGraphicsRoot32BitConstants, 
12480, 85, SetGraphicsRootShaderResourceView, 
12481, 85, IASetVertexBuffers, 
12482, 85, IASetPrimitiveTopology, 
12483, 85, IASetIndexBuffer, 
12484, 85, DrawIndexedInstanced, 1276
12485, 85, SetGraphicsRootSignature, 
12486, 85, SetPipelineState, 
12487, 85, SetGraphicsRootConstantBufferView, 
12488, 85, SetGraphicsRoot32BitConstants, 
12489, 85, SetGraphicsRoot32BitConstants, 
12490, 85, SetGraphicsRootShaderResourceView, 
12491, 85, IASetVertexBuffers, 
12492, 85, IASetPrimitiveTopology, 
12493, 85, IASetIndexBuffer, 
12494, 85, DrawIndexedInstanced, 1277
12495, 85, SetGraphicsRootSignature, 
12496, 85, SetPipelineState, 
12497, 85, SetGraphicsRootConstantBufferView, 
12498, 85, SetGraphicsRoot32BitConstants, 
12499, 85, SetGraphicsRoot32BitConstants, 
12500, 85, SetGraphicsRootShaderResourceView, 
12501, 85, IASetVertexBuffers, 
12502, 85, IASetPrimitiveTopology, 
12503, 85, IASetIndexBuffer, 
12504, 85, DrawIndexedInstanced, 1278
12505, 85, SetGraphicsRootSignature, 
12506, 85, SetPipelineState, 
12507, 85, SetGraphicsRootConstantBufferView, 
12508, 85, SetGraphicsRoot32BitConstants, 
12509, 85, SetGraphicsRoot32BitConstants, 
12510, 85, SetGraphicsRootShaderResourceView, 
12511, 85, IASetVertexBuffers, 
12512, 85, IASetPrimitiveTopology, 
12513, 85, IASetIndexBuffer, 
12514, 85, DrawIndexedInstanced, 1279
12515, 85, SetGraphicsRootSignature, 
12516, 85, SetPipelineState, 
12517, 85, SetGraphicsRootConstantBufferView, 
12518, 85, SetGraphicsRoot32BitConstants, 
12519, 85, SetGraphicsRoot32BitConstants, 
12520, 85, SetGraphicsRootShaderResourceView, 
12521, 85, IASetVertexBuffers, 
12522, 85, IASetPrimitiveTopology, 
12523, 85, IASetIndexBuffer, 
12524, 85, DrawIndexedInstanced, 1280
12525, 85, SetGraphicsRootSignature, 
12526, 85, SetPipelineState, 
12527, 85, SetGraphicsRootConstantBufferView, 
12528, 85, SetGraphicsRoot32BitConstants, 
12529, 85, SetGraphicsRoot32BitConstants, 
12530, 85, SetGraphicsRootShaderResourceView, 
12531, 85, IASetVertexBuffers, 
12532, 85, IASetPrimitiveTopology, 
12533, 85, IASetIndexBuffer, 
12534, 85, DrawIndexedInstanced, 1281
12535, 85, SetGraphicsRootSignature, 
12536, 85, SetPipelineState, 
12537, 85, SetGraphicsRootConstantBufferView, 
12538, 85, SetGraphicsRoot32BitConstants, 
12539, 85, SetGraphicsRoot32BitConstants, 
12540, 85, SetGraphicsRootShaderResourceView, 
12541, 85, IASetVertexBuffers, 
12542, 85, IASetPrimitiveTopology, 
12543, 85, IASetIndexBuffer, 
12544, 85, DrawIndexedInstanced, 1282
12545, 85, SetGraphicsRootSignature, 
12546, 85, SetPipelineState, 
12547, 85, SetGraphicsRootConstantBufferView, 
12548, 85, SetGraphicsRoot32BitConstants, 
12549, 85, SetGraphicsRoot32BitConstants, 
12550, 85, SetGraphicsRootShaderResourceView, 
12551, 85, IASetVertexBuffers, 
12552, 85, IASetPrimitiveTopology, 
12553, 85, IASetIndexBuffer, 
12554, 85, DrawIndexedInstanced, 1283
12555, 85, SetGraphicsRootSignature, 
12556, 85, SetPipelineState, 
12557, 85, SetGraphicsRootConstantBufferView, 
12558, 85, SetGraphicsRoot32BitConstants, 
12559, 85, SetGraphicsRoot32BitConstants, 
12560, 85, SetGraphicsRootShaderResourceView, 
12561, 85, IASetVertexBuffers, 
12562, 85, IASetPrimitiveTopology, 
12563, 85, IASetIndexBuffer, 
12564, 85, DrawIndexedInstanced, 1284
12565, 85, SetGraphicsRootSignature, 
12566, 85, SetPipelineState, 
12567, 85, SetGraphicsRootConstantBufferView, 
12568, 85, SetGraphicsRoot32BitConstants, 
12569, 85, SetGraphicsRoot32BitConstants, 
12570, 85, SetGraphicsRootShaderResourceView, 
12571, 85, IASetVertexBuffers, 
12572, 85, IASetPrimitiveTopology, 
12573, 85, IASetIndexBuffer, 
12574, 85, DrawIndexedInstanced, 1285
12575, 85, SetGraphicsRootSignature, 
12576, 85, SetPipelineState, 
12577, 85, SetGraphicsRootConstantBufferView, 
12578, 85, SetGraphicsRoot32BitConstants, 
12579, 85, SetGraphicsRoot32BitConstants, 
12580, 85, SetGraphicsRootShaderResourceView, 
12581, 85, IASetVertexBuffers, 
12582, 85, IASetPrimitiveTopology, 
12583, 85, IASetIndexBuffer, 
12584, 85, DrawIndexedInstanced, 1286
12585, 85, SetGraphicsRootSignature, 
12586, 85, SetPipelineState, 
12587, 85, SetGraphicsRootConstantBufferView, 
12588, 85, SetGraphicsRoot32BitConstants, 
12589, 85, SetGraphicsRoot32BitConstants, 
12590, 85, SetGraphicsRootShaderResourceView, 
12591, 85, IASetVertexBuffers, 
12592, 85, IASetPrimitiveTopology, 
12593, 85, IASetIndexBuffer, 
12594, 85, DrawIndexedInstanced, 1287
12595, 85, SetGraphicsRootSignature, 
12596, 85, SetPipelineState, 
12597, 85, SetGraphicsRootConstantBufferView, 
12598, 85, SetGraphicsRoot32BitConstants, 
12599, 85, SetGraphicsRoot32BitConstants, 
12600, 85, SetGraphicsRootShaderResourceView, 
12601, 85, IASetVertexBuffers, 
12602, 85, IASetPrimitiveTopology, 
12603, 85, IASetIndexBuffer, 
12604, 85, DrawIndexedInstanced, 1288
12605, 85, SetGraphicsRootSignature, 
12606, 85, SetPipelineState, 
12607, 85, SetGraphicsRootConstantBufferView, 
12608, 85, SetGraphicsRoot32BitConstants, 
12609, 85, SetGraphicsRoot32BitConstants, 
12610, 85, SetGraphicsRootShaderResourceView, 
12611, 85, IASetVertexBuffers, 
12612, 85, IASetPrimitiveTopology, 
12613, 85, IASetIndexBuffer, 
12614, 85, DrawIndexedInstanced, 1289
12615, 85, SetGraphicsRootSignature, 
12616, 85, SetPipelineState, 
12617, 85, SetGraphicsRootConstantBufferView, 
12618, 85, SetGraphicsRoot32BitConstants, 
12619, 85, SetGraphicsRoot32BitConstants, 
12620, 85, SetGraphicsRootShaderResourceView, 
12621, 85, IASetVertexBuffers, 
12622, 85, IASetPrimitiveTopology, 
12623, 85, IASetIndexBuffer, 
12624, 85, DrawIndexedInstanced, 1290
12625, 85, SetGraphicsRootSignature, 
12626, 85, SetPipelineState, 
12627, 85, SetGraphicsRootConstantBufferView, 
12628, 85, SetGraphicsRoot32BitConstants, 
12629, 85, SetGraphicsRoot32BitConstants, 
12630, 85, SetGraphicsRootShaderResourceView, 
12631, 85, IASetVertexBuffers, 
12632, 85, IASetPrimitiveTopology, 
12633, 85, IASetIndexBuffer, 
12634, 85, DrawIndexedInstanced, 1291
12635, 85, SetGraphicsRootSignature, 
12636, 85, SetPipelineState, 
12637, 85, SetGraphicsRootConstantBufferView, 
12638, 85, SetGraphicsRoot32BitConstants, 
12639, 85, SetGraphicsRoot32BitConstants, 
12640, 85, SetGraphicsRootShaderResourceView, 
12641, 85, IASetVertexBuffers, 
12642, 85, IASetPrimitiveTopology, 
12643, 85, DrawInstanced, 1292
12644, 85, SetGraphicsRootSignature, 
12645, 85, SetPipelineState, 
12646, 85, SetDescriptorHeaps, 
12647, 85, SetGraphicsRootDescriptorTable, 
12648, 85, SetGraphicsRootConstantBufferView, 
12649, 85, SetGraphicsRoot32BitConstants, 
12650, 85, SetGraphicsRoot32BitConstants, 
12651, 85, SetGraphicsRootShaderResourceView, 
12652, 85, IASetVertexBuffers, 
12653, 85, IASetPrimitiveTopology, 
12654, 85, IASetIndexBuffer, 
12655, 85, DrawIndexedInstanced, 1293
12656, 85, SetGraphicsRootSignature, 
12657, 85, SetPipelineState, 
12658, 85, SetGraphicsRootConstantBufferView, 
12659, 85, SetGraphicsRoot32BitConstants, 
12660, 85, SetGraphicsRoot32BitConstants, 
12661, 85, SetGraphicsRootShaderResourceView, 
12662, 85, IASetVertexBuffers, 
12663, 85, IASetPrimitiveTopology, 
12664, 85, IASetIndexBuffer, 
12665, 85, DrawIndexedInstanced, 1294
12666, 85, SetGraphicsRootSignature, 
12667, 85, SetPipelineState, 
12668, 85, SetGraphicsRootConstantBufferView, 
12669, 85, SetGraphicsRoot32BitConstants, 
12670, 85, SetGraphicsRoot32BitConstants, 
12671, 85, SetGraphicsRootShaderResourceView, 
12672, 85, IASetVertexBuffers, 
12673, 85, IASetPrimitiveTopology, 
12674, 85, IASetIndexBuffer, 
12675, 85, DrawIndexedInstanced, 1295
12676, 85, SetGraphicsRootSignature, 
12677, 85, SetPipelineState, 
12678, 85, SetGraphicsRootConstantBufferView, 
12679, 85, SetGraphicsRoot32BitConstants, 
12680, 85, SetGraphicsRoot32BitConstants, 
12681, 85, SetGraphicsRootShaderResourceView, 
12682, 85, IASetVertexBuffers, 
12683, 85, IASetPrimitiveTopology, 
12684, 85, IASetIndexBuffer, 
12685, 85, DrawIndexedInstanced, 1296
12686, 85, SetGraphicsRootSignature, 
12687, 85, SetPipelineState, 
12688, 85, SetGraphicsRootConstantBufferView, 
12689, 85, SetGraphicsRoot32BitConstants, 
12690, 85, SetGraphicsRoot32BitConstants, 
12691, 85, SetGraphicsRootShaderResourceView, 
12692, 85, IASetVertexBuffers, 
12693, 85, IASetPrimitiveTopology, 
12694, 85, IASetIndexBuffer, 
12695, 85, DrawIndexedInstanced, 1297
12696, 85, SetGraphicsRootSignature, 
12697, 85, SetPipelineState, 
12698, 85, SetGraphicsRootConstantBufferView, 
12699, 85, SetGraphicsRoot32BitConstants, 
12700, 85, SetGraphicsRoot32BitConstants, 
12701, 85, SetGraphicsRootShaderResourceView, 
12702, 85, IASetVertexBuffers, 
12703, 85, IASetPrimitiveTopology, 
12704, 85, IASetIndexBuffer, 
12705, 85, DrawIndexedInstanced, 1298
12706, 85, SetGraphicsRootSignature, 
12707, 85, SetPipelineState, 
12708, 85, SetGraphicsRootConstantBufferView, 
12709, 85, SetGraphicsRoot32BitConstants, 
12710, 85, SetGraphicsRoot32BitConstants, 
12711, 85, SetGraphicsRootShaderResourceView, 
12712, 85, IASetVertexBuffers, 
12713, 85, IASetPrimitiveTopology, 
12714, 85, IASetIndexBuffer, 
12715, 85, DrawIndexedInstanced, 1299
12716, 85, SetGraphicsRootSignature, 
12717, 85, SetPipelineState, 
12718, 85, SetGraphicsRootConstantBufferView, 
12719, 85, SetGraphicsRoot32BitConstants, 
12720, 85, SetGraphicsRoot32BitConstants, 
12721, 85, SetGraphicsRootShaderResourceView, 
12722, 85, IASetVertexBuffers, 
12723, 85, IASetPrimitiveTopology, 
12724, 85, IASetIndexBuffer, 
12725, 85, DrawIndexedInstanced, 1300
12726, 85, SetGraphicsRootSignature, 
12727, 85, SetPipelineState, 
12728, 85, SetGraphicsRootConstantBufferView, 
12729, 85, SetGraphicsRoot32BitConstants, 
12730, 85, SetGraphicsRoot32BitConstants, 
12731, 85, SetGraphicsRootShaderResourceView, 
12732, 85, IASetVertexBuffers, 
12733, 85, IASetPrimitiveTopology, 
12734, 85, IASetIndexBuffer, 
12735, 85, DrawIndexedInstanced, 1301
12736, 85, SetGraphicsRootSignature, 
12737, 85, SetPipelineState, 
12738, 85, SetGraphicsRootConstantBufferView, 
12739, 85, SetGraphicsRoot32BitConstants, 
12740, 85, SetGraphicsRoot32BitConstants, 
12741, 85, SetGraphicsRootShaderResourceView, 
12742, 85, IASetVertexBuffers, 
12743, 85, IASetPrimitiveTopology, 
12744, 85, IASetIndexBuffer, 
12745, 85, DrawIndexedInstanced, 1302
12746, 85, SetGraphicsRootSignature, 
12747, 85, SetPipelineState, 
12748, 85, SetGraphicsRootConstantBufferView, 
12749, 85, SetGraphicsRoot32BitConstants, 
12750, 85, SetGraphicsRoot32BitConstants, 
12751, 85, SetGraphicsRootShaderResourceView, 
12752, 85, IASetVertexBuffers, 
12753, 85, IASetPrimitiveTopology, 
12754, 85, IASetIndexBuffer, 
12755, 85, DrawIndexedInstanced, 1303
12756, 85, SetGraphicsRootSignature, 
12757, 85, SetPipelineState, 
12758, 85, SetGraphicsRootConstantBufferView, 
12759, 85, SetGraphicsRoot32BitConstants, 
12760, 85, SetGraphicsRoot32BitConstants, 
12761, 85, SetGraphicsRootShaderResourceView, 
12762, 85, IASetVertexBuffers, 
12763, 85, IASetPrimitiveTopology, 
12764, 85, IASetIndexBuffer, 
12765, 85, DrawIndexedInstanced, 1304
12766, 85, SetGraphicsRootSignature, 
12767, 85, SetPipelineState, 
12768, 85, SetGraphicsRootConstantBufferView, 
12769, 85, SetGraphicsRoot32BitConstants, 
12770, 85, SetGraphicsRoot32BitConstants, 
12771, 85, SetGraphicsRootShaderResourceView, 
12772, 85, IASetVertexBuffers, 
12773, 85, IASetPrimitiveTopology, 
12774, 85, IASetIndexBuffer, 
12775, 85, DrawIndexedInstanced, 1305
12776, 85, SetGraphicsRootSignature, 
12777, 85, SetPipelineState, 
12778, 85, SetGraphicsRootConstantBufferView, 
12779, 85, SetGraphicsRoot32BitConstants, 
12780, 85, SetGraphicsRoot32BitConstants, 
12781, 85, SetGraphicsRootShaderResourceView, 
12782, 85, IASetVertexBuffers, 
12783, 85, IASetPrimitiveTopology, 
12784, 85, IASetIndexBuffer, 
12785, 85, DrawIndexedInstanced, 1306
12786, 85, SetGraphicsRootSignature, 
12787, 85, SetPipelineState, 
12788, 85, SetGraphicsRootConstantBufferView, 
12789, 85, SetGraphicsRoot32BitConstants, 
12790, 85, SetGraphicsRoot32BitConstants, 
12791, 85, SetGraphicsRootShaderResourceView, 
12792, 85, IASetVertexBuffers, 
12793, 85, IASetPrimitiveTopology, 
12794, 85, IASetIndexBuffer, 
12795, 85, DrawIndexedInstanced, 1307
12796, 85, SetGraphicsRootSignature, 
12797, 85, SetPipelineState, 
12798, 85, SetGraphicsRootConstantBufferView, 
12799, 85, SetGraphicsRoot32BitConstants, 
12800, 85, SetGraphicsRoot32BitConstants, 
12801, 85, SetGraphicsRootShaderResourceView, 
12802, 85, IASetVertexBuffers, 
12803, 85, IASetPrimitiveTopology, 
12804, 85, IASetIndexBuffer, 
12805, 85, DrawIndexedInstanced, 1308
12806, 85, SetGraphicsRootSignature, 
12807, 85, SetPipelineState, 
12808, 85, SetGraphicsRootConstantBufferView, 
12809, 85, SetGraphicsRoot32BitConstants, 
12810, 85, SetGraphicsRoot32BitConstants, 
12811, 85, SetGraphicsRootShaderResourceView, 
12812, 85, IASetVertexBuffers, 
12813, 85, IASetPrimitiveTopology, 
12814, 85, IASetIndexBuffer, 
12815, 85, DrawIndexedInstanced, 1309
12816, 85, SetGraphicsRootSignature, 
12817, 85, SetPipelineState, 
12818, 85, SetGraphicsRootConstantBufferView, 
12819, 85, SetGraphicsRoot32BitConstants, 
12820, 85, SetGraphicsRoot32BitConstants, 
12821, 85, SetGraphicsRootShaderResourceView, 
12822, 85, IASetVertexBuffers, 
12823, 85, IASetPrimitiveTopology, 
12824, 85, IASetIndexBuffer, 
12825, 85, DrawIndexedInstanced, 1310
12826, 85, SetGraphicsRootSignature, 
12827, 85, SetPipelineState, 
12828, 85, SetGraphicsRootConstantBufferView, 
12829, 85, SetGraphicsRoot32BitConstants, 
12830, 85, SetGraphicsRoot32BitConstants, 
12831, 85, SetGraphicsRootShaderResourceView, 
12832, 85, IASetVertexBuffers, 
12833, 85, IASetPrimitiveTopology, 
12834, 85, DrawInstanced, 1311
12835, 85, SetGraphicsRootSignature, 
12836, 85, SetPipelineState, 
12837, 85, SetDescriptorHeaps, 
12838, 85, SetGraphicsRootDescriptorTable, 
12839, 85, SetGraphicsRootConstantBufferView, 
12840, 85, SetGraphicsRoot32BitConstants, 
12841, 85, SetGraphicsRoot32BitConstants, 
12842, 85, SetGraphicsRootShaderResourceView, 
12843, 85, IASetVertexBuffers, 
12844, 85, IASetPrimitiveTopology, 
12845, 85, IASetIndexBuffer, 
12846, 85, DrawIndexedInstanced, 1312
12847, 85, SetGraphicsRootSignature, 
12848, 85, SetPipelineState, 
12849, 85, SetGraphicsRootConstantBufferView, 
12850, 85, SetGraphicsRoot32BitConstants, 
12851, 85, SetGraphicsRoot32BitConstants, 
12852, 85, SetGraphicsRootShaderResourceView, 
12853, 85, IASetVertexBuffers, 
12854, 85, IASetPrimitiveTopology, 
12855, 85, IASetIndexBuffer, 
12856, 85, DrawIndexedInstanced, 1313
12857, 85, SetGraphicsRootSignature, 
12858, 85, SetPipelineState, 
12859, 85, SetGraphicsRootConstantBufferView, 
12860, 85, SetGraphicsRoot32BitConstants, 
12861, 85, SetGraphicsRoot32BitConstants, 
12862, 85, SetGraphicsRootShaderResourceView, 
12863, 85, IASetVertexBuffers, 
12864, 85, IASetPrimitiveTopology, 
12865, 85, IASetIndexBuffer, 
12866, 85, DrawIndexedInstanced, 1314
12867, 85, SetGraphicsRootSignature, 
12868, 85, SetPipelineState, 
12869, 85, SetGraphicsRootConstantBufferView, 
12870, 85, SetGraphicsRoot32BitConstants, 
12871, 85, SetGraphicsRoot32BitConstants, 
12872, 85, SetGraphicsRootShaderResourceView, 
12873, 85, IASetVertexBuffers, 
12874, 85, IASetPrimitiveTopology, 
12875, 85, IASetIndexBuffer, 
12876, 85, DrawIndexedInstanced, 1315
12877, 85, SetGraphicsRootSignature, 
12878, 85, SetPipelineState, 
12879, 85, SetGraphicsRootConstantBufferView, 
12880, 85, SetGraphicsRoot32BitConstants, 
12881, 85, SetGraphicsRoot32BitConstants, 
12882, 85, SetGraphicsRootShaderResourceView, 
12883, 85, IASetVertexBuffers, 
12884, 85, IASetPrimitiveTopology, 
12885, 85, IASetIndexBuffer, 
12886, 85, DrawIndexedInstanced, 1316
12887, 85, SetGraphicsRootSignature, 
12888, 85, SetPipelineState, 
12889, 85, SetGraphicsRootConstantBufferView, 
12890, 85, SetGraphicsRoot32BitConstants, 
12891, 85, SetGraphicsRoot32BitConstants, 
12892, 85, SetGraphicsRootShaderResourceView, 
12893, 85, IASetVertexBuffers, 
12894, 85, IASetPrimitiveTopology, 
12895, 85, IASetIndexBuffer, 
12896, 85, DrawIndexedInstanced, 1317
12897, 85, SetGraphicsRootSignature, 
12898, 85, SetPipelineState, 
12899, 85, SetGraphicsRootConstantBufferView, 
12900, 85, SetGraphicsRoot32BitConstants, 
12901, 85, SetGraphicsRoot32BitConstants, 
12902, 85, SetGraphicsRootShaderResourceView, 
12903, 85, IASetVertexBuffers, 
12904, 85, IASetPrimitiveTopology, 
12905, 85, IASetIndexBuffer, 
12906, 85, DrawIndexedInstanced, 1318
12907, 85, SetGraphicsRootSignature, 
12908, 85, SetPipelineState, 
12909, 85, SetGraphicsRootConstantBufferView, 
12910, 85, SetGraphicsRoot32BitConstants, 
12911, 85, SetGraphicsRoot32BitConstants, 
12912, 85, SetGraphicsRootShaderResourceView, 
12913, 85, IASetVertexBuffers, 
12914, 85, IASetPrimitiveTopology, 
12915, 85, IASetIndexBuffer, 
12916, 85, DrawIndexedInstanced, 1319
12917, 85, SetGraphicsRootSignature, 
12918, 85, SetPipelineState, 
12919, 85, SetGraphicsRootConstantBufferView, 
12920, 85, SetGraphicsRoot32BitConstants, 
12921, 85, SetGraphicsRoot32BitConstants, 
12922, 85, SetGraphicsRootShaderResourceView, 
12923, 85, IASetVertexBuffers, 
12924, 85, IASetPrimitiveTopology, 
12925, 85, IASetIndexBuffer, 
12926, 85, DrawIndexedInstanced, 1320
12927, 85, SetGraphicsRootSignature, 
12928, 85, SetPipelineState, 
12929, 85, SetGraphicsRootConstantBufferView, 
12930, 85, SetGraphicsRoot32BitConstants, 
12931, 85, SetGraphicsRoot32BitConstants, 
12932, 85, SetGraphicsRootShaderResourceView, 
12933, 85, IASetVertexBuffers, 
12934, 85, IASetPrimitiveTopology, 
12935, 85, IASetIndexBuffer, 
12936, 85, DrawIndexedInstanced, 1321
12937, 85, SetGraphicsRootSignature, 
12938, 85, SetPipelineState, 
12939, 85, SetGraphicsRootConstantBufferView, 
12940, 85, SetGraphicsRoot32BitConstants, 
12941, 85, SetGraphicsRoot32BitConstants, 
12942, 85, SetGraphicsRootShaderResourceView, 
12943, 85, IASetVertexBuffers, 
12944, 85, IASetPrimitiveTopology, 
12945, 85, IASetIndexBuffer, 
12946, 85, DrawIndexedInstanced, 1322
12947, 85, SetGraphicsRootSignature, 
12948, 85, SetPipelineState, 
12949, 85, SetGraphicsRootConstantBufferView, 
12950, 85, SetGraphicsRoot32BitConstants, 
12951, 85, SetGraphicsRoot32BitConstants, 
12952, 85, SetGraphicsRootShaderResourceView, 
12953, 85, IASetVertexBuffers, 
12954, 85, IASetPrimitiveTopology, 
12955, 85, IASetIndexBuffer, 
12956, 85, DrawIndexedInstanced, 1323
12957, 85, SetGraphicsRootSignature, 
12958, 85, SetPipelineState, 
12959, 85, SetGraphicsRootConstantBufferView, 
12960, 85, SetGraphicsRoot32BitConstants, 
12961, 85, SetGraphicsRoot32BitConstants, 
12962, 85, SetGraphicsRootShaderResourceView, 
12963, 85, IASetVertexBuffers, 
12964, 85, IASetPrimitiveTopology, 
12965, 85, IASetIndexBuffer, 
12966, 85, DrawIndexedInstanced, 1324
12967, 85, SetGraphicsRootSignature, 
12968, 85, SetPipelineState, 
12969, 85, SetGraphicsRootConstantBufferView, 
12970, 85, SetGraphicsRoot32BitConstants, 
12971, 85, SetGraphicsRoot32BitConstants, 
12972, 85, SetGraphicsRootShaderResourceView, 
12973, 85, IASetVertexBuffers, 
12974, 85, IASetPrimitiveTopology, 
12975, 85, IASetIndexBuffer, 
12976, 85, DrawIndexedInstanced, 1325
12977, 85, SetGraphicsRootSignature, 
12978, 85, SetPipelineState, 
12979, 85, SetGraphicsRootConstantBufferView, 
12980, 85, SetGraphicsRoot32BitConstants, 
12981, 85, SetGraphicsRoot32BitConstants, 
12982, 85, SetGraphicsRootShaderResourceView, 
12983, 85, IASetVertexBuffers, 
12984, 85, IASetPrimitiveTopology, 
12985, 85, IASetIndexBuffer, 
12986, 85, DrawIndexedInstanced, 1326
12987, 85, SetGraphicsRootSignature, 
12988, 85, SetPipelineState, 
12989, 85, SetGraphicsRootConstantBufferView, 
12990, 85, SetGraphicsRoot32BitConstants, 
12991, 85, SetGraphicsRoot32BitConstants, 
12992, 85, SetGraphicsRootShaderResourceView, 
12993, 85, IASetVertexBuffers, 
12994, 85, IASetPrimitiveTopology, 
12995, 85, IASetIndexBuffer, 
12996, 85, DrawIndexedInstanced, 1327
12997, 85, SetGraphicsRootSignature, 
12998, 85, SetPipelineState, 
12999, 85, SetGraphicsRootConstantBufferView, 
13000, 85, SetGraphicsRoot32BitConstants, 
13001, 85, SetGraphicsRoot32BitConstants, 
13002, 85, SetGraphicsRootShaderResourceView, 
13003, 85, IASetVertexBuffers, 
13004, 85, IASetPrimitiveTopology, 
13005, 85, IASetIndexBuffer, 
13006, 85, DrawIndexedInstanced, 1328
13007, 85, SetGraphicsRootSignature, 
13008, 85, SetPipelineState, 
13009, 85, SetGraphicsRootConstantBufferView, 
13010, 85, SetGraphicsRoot32BitConstants, 
13011, 85, SetGraphicsRoot32BitConstants, 
13012, 85, SetGraphicsRootShaderResourceView, 
13013, 85, IASetVertexBuffers, 
13014, 85, IASetPrimitiveTopology, 
13015, 85, IASetIndexBuffer, 
13016, 85, DrawIndexedInstanced, 1329
13017, 85, SetGraphicsRootSignature, 
13018, 85, SetPipelineState, 
13019, 85, SetGraphicsRootConstantBufferView, 
13020, 85, SetGraphicsRoot32BitConstants, 
13021, 85, SetGraphicsRoot32BitConstants, 
13022, 85, SetGraphicsRootShaderResourceView, 
13023, 85, IASetVertexBuffers, 
13024, 85, IASetPrimitiveTopology, 
13025, 85, DrawInstanced, 1330
13026, 85, SetGraphicsRootSignature, 
13027, 85, SetPipelineState, 
13028, 85, SetDescriptorHeaps, 
13029, 85, SetGraphicsRootDescriptorTable, 
13030, 85, SetGraphicsRootConstantBufferView, 
13031, 85, SetGraphicsRoot32BitConstants, 
13032, 85, SetGraphicsRoot32BitConstants, 
13033, 85, SetGraphicsRootShaderResourceView, 
13034, 85, IASetVertexBuffers, 
13035, 85, IASetPrimitiveTopology, 
13036, 85, IASetIndexBuffer, 
13037, 85, DrawIndexedInstanced, 1331
13038, 85, SetGraphicsRootSignature, 
13039, 85, SetPipelineState, 
13040, 85, SetGraphicsRootConstantBufferView, 
13041, 85, SetGraphicsRoot32BitConstants, 
13042, 85, SetGraphicsRoot32BitConstants, 
13043, 85, SetGraphicsRootShaderResourceView, 
13044, 85, IASetVertexBuffers, 
13045, 85, IASetPrimitiveTopology, 
13046, 85, IASetIndexBuffer, 
13047, 85, DrawIndexedInstanced, 1332
13048, 85, SetGraphicsRootSignature, 
13049, 85, SetPipelineState, 
13050, 85, SetGraphicsRootConstantBufferView, 
13051, 85, SetGraphicsRoot32BitConstants, 
13052, 85, SetGraphicsRoot32BitConstants, 
13053, 85, SetGraphicsRootShaderResourceView, 
13054, 85, IASetVertexBuffers, 
13055, 85, IASetPrimitiveTopology, 
13056, 85, IASetIndexBuffer, 
13057, 85, DrawIndexedInstanced, 1333
13058, 85, SetGraphicsRootSignature, 
13059, 85, SetPipelineState, 
13060, 85, SetGraphicsRootConstantBufferView, 
13061, 85, SetGraphicsRoot32BitConstants, 
13062, 85, SetGraphicsRoot32BitConstants, 
13063, 85, SetGraphicsRootShaderResourceView, 
13064, 85, IASetVertexBuffers, 
13065, 85, IASetPrimitiveTopology, 
13066, 85, IASetIndexBuffer, 
13067, 85, DrawIndexedInstanced, 1334
13068, 85, SetGraphicsRootSignature, 
13069, 85, SetPipelineState, 
13070, 85, SetGraphicsRootConstantBufferView, 
13071, 85, SetGraphicsRoot32BitConstants, 
13072, 85, SetGraphicsRoot32BitConstants, 
13073, 85, SetGraphicsRootShaderResourceView, 
13074, 85, IASetVertexBuffers, 
13075, 85, IASetPrimitiveTopology, 
13076, 85, IASetIndexBuffer, 
13077, 85, DrawIndexedInstanced, 1335
13078, 85, SetGraphicsRootSignature, 
13079, 85, SetPipelineState, 
13080, 85, SetGraphicsRootConstantBufferView, 
13081, 85, SetGraphicsRoot32BitConstants, 
13082, 85, SetGraphicsRoot32BitConstants, 
13083, 85, SetGraphicsRootShaderResourceView, 
13084, 85, IASetVertexBuffers, 
13085, 85, IASetPrimitiveTopology, 
13086, 85, IASetIndexBuffer, 
13087, 85, DrawIndexedInstanced, 1336
13088, 85, SetGraphicsRootSignature, 
13089, 85, SetPipelineState, 
13090, 85, SetDescriptorHeaps, 
13091, 85, SetGraphicsRootDescriptorTable, 
13092, 85, SetGraphicsRootConstantBufferView, 
13093, 85, SetGraphicsRoot32BitConstants, 
13094, 85, SetGraphicsRoot32BitConstants, 
13095, 85, SetGraphicsRootShaderResourceView, 
13096, 85, IASetVertexBuffers, 
13097, 85, IASetPrimitiveTopology, 
13098, 85, IASetIndexBuffer, 
13099, 85, DrawIndexedInstanced, 1337
13100, 85, SetGraphicsRootSignature, 
13101, 85, SetPipelineState, 
13102, 85, SetGraphicsRootConstantBufferView, 
13103, 85, SetGraphicsRoot32BitConstants, 
13104, 85, SetGraphicsRoot32BitConstants, 
13105, 85, SetGraphicsRootShaderResourceView, 
13106, 85, SetGraphicsRoot32BitConstants, 
13107, 85, SetGraphicsRootShaderResourceView, 
13108, 85, IASetVertexBuffers, 
13109, 85, IASetPrimitiveTopology, 
13110, 85, IASetIndexBuffer, 
13111, 85, DrawIndexedInstanced, 1338
13112, 85, SetGraphicsRootConstantBufferView, 
13113, 85, SetGraphicsRoot32BitConstants, 
13114, 85, SetGraphicsRoot32BitConstants, 
13115, 85, SetGraphicsRootShaderResourceView, 
13116, 85, SetGraphicsRoot32BitConstants, 
13117, 85, SetGraphicsRoot32BitConstants, 
13118, 85, SetGraphicsRootShaderResourceView, 
13119, 85, SetGraphicsRootShaderResourceView, 
13120, 85, IASetVertexBuffers, 
13121, 85, IASetPrimitiveTopology, 
13122, 85, IASetIndexBuffer, 
13123, 85, DrawIndexedInstanced, 1339
13124, 85, SetGraphicsRootConstantBufferView, 
13125, 85, SetGraphicsRoot32BitConstants, 
13126, 85, SetGraphicsRoot32BitConstants, 
13127, 85, SetGraphicsRootShaderResourceView, 
13128, 85, SetGraphicsRoot32BitConstants, 
13129, 85, SetGraphicsRoot32BitConstants, 
13130, 85, SetGraphicsRootShaderResourceView, 
13131, 85, SetGraphicsRootShaderResourceView, 
13132, 85, IASetVertexBuffers, 
13133, 85, IASetPrimitiveTopology, 
13134, 85, IASetIndexBuffer, 
13135, 85, DrawIndexedInstanced, 1340
13136, 85, SetGraphicsRootConstantBufferView, 
13137, 85, SetGraphicsRoot32BitConstants, 
13138, 85, SetGraphicsRoot32BitConstants, 
13139, 85, SetGraphicsRootShaderResourceView, 
13140, 85, SetGraphicsRoot32BitConstants, 
13141, 85, SetGraphicsRoot32BitConstants, 
13142, 85, SetGraphicsRootShaderResourceView, 
13143, 85, SetGraphicsRootShaderResourceView, 
13144, 85, IASetVertexBuffers, 
13145, 85, IASetPrimitiveTopology, 
13146, 85, IASetIndexBuffer, 
13147, 85, DrawIndexedInstanced, 1341
13148, 85, SetGraphicsRootConstantBufferView, 
13149, 85, SetGraphicsRoot32BitConstants, 
13150, 85, SetGraphicsRoot32BitConstants, 
13151, 85, SetGraphicsRootShaderResourceView, 
13152, 85, SetGraphicsRoot32BitConstants, 
13153, 85, SetGraphicsRoot32BitConstants, 
13154, 85, SetGraphicsRootShaderResourceView, 
13155, 85, SetGraphicsRootShaderResourceView, 
13156, 85, IASetVertexBuffers, 
13157, 85, IASetPrimitiveTopology, 
13158, 85, IASetIndexBuffer, 
13159, 85, DrawIndexedInstanced, 1342
13160, 85, SetGraphicsRootConstantBufferView, 
13161, 85, SetGraphicsRoot32BitConstants, 
13162, 85, SetGraphicsRoot32BitConstants, 
13163, 85, SetGraphicsRootShaderResourceView, 
13164, 85, SetGraphicsRoot32BitConstants, 
13165, 85, SetGraphicsRoot32BitConstants, 
13166, 85, SetGraphicsRootShaderResourceView, 
13167, 85, SetGraphicsRootShaderResourceView, 
13168, 85, IASetVertexBuffers, 
13169, 85, IASetPrimitiveTopology, 
13170, 85, IASetIndexBuffer, 
13171, 85, DrawIndexedInstanced, 1343
13172, 85, SetGraphicsRootConstantBufferView, 
13173, 85, SetGraphicsRoot32BitConstants, 
13174, 85, SetGraphicsRoot32BitConstants, 
13175, 85, SetGraphicsRootShaderResourceView, 
13176, 85, SetGraphicsRoot32BitConstants, 
13177, 85, SetGraphicsRoot32BitConstants, 
13178, 85, SetGraphicsRootShaderResourceView, 
13179, 85, SetGraphicsRootShaderResourceView, 
13180, 85, IASetVertexBuffers, 
13181, 85, IASetPrimitiveTopology, 
13182, 85, IASetIndexBuffer, 
13183, 85, DrawIndexedInstanced, 1344
13184, 85, SetGraphicsRootConstantBufferView, 
13185, 85, SetGraphicsRoot32BitConstants, 
13186, 85, SetGraphicsRoot32BitConstants, 
13187, 85, SetGraphicsRootShaderResourceView, 
13188, 85, SetGraphicsRoot32BitConstants, 
13189, 85, SetGraphicsRoot32BitConstants, 
13190, 85, SetGraphicsRootShaderResourceView, 
13191, 85, SetGraphicsRootShaderResourceView, 
13192, 85, IASetVertexBuffers, 
13193, 85, IASetPrimitiveTopology, 
13194, 85, IASetIndexBuffer, 
13195, 85, DrawIndexedInstanced, 1345
13196, 85, SetGraphicsRootConstantBufferView, 
13197, 85, SetGraphicsRoot32BitConstants, 
13198, 85, SetGraphicsRoot32BitConstants, 
13199, 85, SetGraphicsRootShaderResourceView, 
13200, 85, SetGraphicsRoot32BitConstants, 
13201, 85, SetGraphicsRoot32BitConstants, 
13202, 85, SetGraphicsRootShaderResourceView, 
13203, 85, SetGraphicsRootShaderResourceView, 
13204, 85, IASetVertexBuffers, 
13205, 85, IASetPrimitiveTopology, 
13206, 85, IASetIndexBuffer, 
13207, 85, DrawIndexedInstanced, 1346
13208, 85, SetGraphicsRootConstantBufferView, 
13209, 85, SetGraphicsRoot32BitConstants, 
13210, 85, SetGraphicsRoot32BitConstants, 
13211, 85, SetGraphicsRootShaderResourceView, 
13212, 85, SetGraphicsRoot32BitConstants, 
13213, 85, SetGraphicsRoot32BitConstants, 
13214, 85, SetGraphicsRootShaderResourceView, 
13215, 85, SetGraphicsRootShaderResourceView, 
13216, 85, IASetVertexBuffers, 
13217, 85, IASetPrimitiveTopology, 
13218, 85, IASetIndexBuffer, 
13219, 85, DrawIndexedInstanced, 1347
13220, 85, SetGraphicsRootConstantBufferView, 
13221, 85, SetGraphicsRoot32BitConstants, 
13222, 85, SetGraphicsRoot32BitConstants, 
13223, 85, SetGraphicsRootShaderResourceView, 
13224, 85, SetGraphicsRoot32BitConstants, 
13225, 85, SetGraphicsRoot32BitConstants, 
13226, 85, SetGraphicsRootShaderResourceView, 
13227, 85, SetGraphicsRootShaderResourceView, 
13228, 85, IASetVertexBuffers, 
13229, 85, IASetPrimitiveTopology, 
13230, 85, IASetIndexBuffer, 
13231, 85, DrawIndexedInstanced, 1348
13232, 85, SetGraphicsRootConstantBufferView, 
13233, 85, SetGraphicsRoot32BitConstants, 
13234, 85, SetGraphicsRoot32BitConstants, 
13235, 85, SetGraphicsRootShaderResourceView, 
13236, 85, SetGraphicsRoot32BitConstants, 
13237, 85, SetGraphicsRoot32BitConstants, 
13238, 85, SetGraphicsRootShaderResourceView, 
13239, 85, SetGraphicsRootShaderResourceView, 
13240, 85, IASetVertexBuffers, 
13241, 85, IASetPrimitiveTopology, 
13242, 85, IASetIndexBuffer, 
13243, 85, DrawIndexedInstanced, 1349
13244, 85, SetGraphicsRootConstantBufferView, 
13245, 85, SetGraphicsRoot32BitConstants, 
13246, 85, SetGraphicsRoot32BitConstants, 
13247, 85, SetGraphicsRootShaderResourceView, 
13248, 85, SetGraphicsRoot32BitConstants, 
13249, 85, SetGraphicsRoot32BitConstants, 
13250, 85, SetGraphicsRootShaderResourceView, 
13251, 85, SetGraphicsRootShaderResourceView, 
13252, 85, IASetVertexBuffers, 
13253, 85, IASetPrimitiveTopology, 
13254, 85, IASetIndexBuffer, 
13255, 85, DrawIndexedInstanced, 1350
13256, 85, SetGraphicsRootConstantBufferView, 
13257, 85, SetGraphicsRoot32BitConstants, 
13258, 85, SetGraphicsRoot32BitConstants, 
13259, 85, SetGraphicsRootShaderResourceView, 
13260, 85, SetGraphicsRoot32BitConstants, 
13261, 85, SetGraphicsRoot32BitConstants, 
13262, 85, SetGraphicsRootShaderResourceView, 
13263, 85, SetGraphicsRootShaderResourceView, 
13264, 85, IASetVertexBuffers, 
13265, 85, IASetPrimitiveTopology, 
13266, 85, IASetIndexBuffer, 
13267, 85, DrawIndexedInstanced, 1351
13268, 85, SetGraphicsRootConstantBufferView, 
13269, 85, SetGraphicsRoot32BitConstants, 
13270, 85, SetGraphicsRoot32BitConstants, 
13271, 85, SetGraphicsRootShaderResourceView, 
13272, 85, SetGraphicsRoot32BitConstants, 
13273, 85, SetGraphicsRoot32BitConstants, 
13274, 85, SetGraphicsRootShaderResourceView, 
13275, 85, SetGraphicsRootShaderResourceView, 
13276, 85, IASetVertexBuffers, 
13277, 85, IASetPrimitiveTopology, 
13278, 85, IASetIndexBuffer, 
13279, 85, DrawIndexedInstanced, 1352
13280, 85, SetGraphicsRootConstantBufferView, 
13281, 85, SetGraphicsRoot32BitConstants, 
13282, 85, SetGraphicsRoot32BitConstants, 
13283, 85, SetGraphicsRootShaderResourceView, 
13284, 85, SetGraphicsRoot32BitConstants, 
13285, 85, SetGraphicsRoot32BitConstants, 
13286, 85, SetGraphicsRootShaderResourceView, 
13287, 85, SetGraphicsRootShaderResourceView, 
13288, 85, IASetVertexBuffers, 
13289, 85, IASetPrimitiveTopology, 
13290, 85, IASetIndexBuffer, 
13291, 85, DrawIndexedInstanced, 1353
13292, 85, SetGraphicsRootConstantBufferView, 
13293, 85, SetGraphicsRoot32BitConstants, 
13294, 85, SetGraphicsRoot32BitConstants, 
13295, 85, SetGraphicsRootShaderResourceView, 
13296, 85, SetGraphicsRoot32BitConstants, 
13297, 85, SetGraphicsRoot32BitConstants, 
13298, 85, SetGraphicsRootShaderResourceView, 
13299, 85, SetGraphicsRootShaderResourceView, 
13300, 85, IASetVertexBuffers, 
13301, 85, IASetPrimitiveTopology, 
13302, 85, IASetIndexBuffer, 
13303, 85, DrawIndexedInstanced, 1354
13304, 85, SetGraphicsRootConstantBufferView, 
13305, 85, SetGraphicsRoot32BitConstants, 
13306, 85, SetGraphicsRoot32BitConstants, 
13307, 85, SetGraphicsRootShaderResourceView, 
13308, 85, SetGraphicsRoot32BitConstants, 
13309, 85, SetGraphicsRoot32BitConstants, 
13310, 85, SetGraphicsRootShaderResourceView, 
13311, 85, SetGraphicsRootShaderResourceView, 
13312, 85, IASetVertexBuffers, 
13313, 85, IASetPrimitiveTopology, 
13314, 85, IASetIndexBuffer, 
13315, 85, DrawIndexedInstanced, 1355
13316, 85, SetGraphicsRootConstantBufferView, 
13317, 85, SetGraphicsRoot32BitConstants, 
13318, 85, SetGraphicsRoot32BitConstants, 
13319, 85, SetGraphicsRootShaderResourceView, 
13320, 85, SetGraphicsRoot32BitConstants, 
13321, 85, SetGraphicsRoot32BitConstants, 
13322, 85, SetGraphicsRootShaderResourceView, 
13323, 85, SetGraphicsRootShaderResourceView, 
13324, 85, IASetVertexBuffers, 
13325, 85, IASetPrimitiveTopology, 
13326, 85, IASetIndexBuffer, 
13327, 85, DrawIndexedInstanced, 1356
13328, 85, SetGraphicsRootConstantBufferView, 
13329, 85, SetGraphicsRoot32BitConstants, 
13330, 85, SetGraphicsRoot32BitConstants, 
13331, 85, SetGraphicsRootShaderResourceView, 
13332, 85, IASetVertexBuffers, 
13333, 85, IASetPrimitiveTopology, 
13334, 85, DrawInstanced, 1357
13335, 85, ResourceBarrier, 1358
13336, 85, OMSetRenderTargets, 
13337, 85, RSSetViewports, 
13338, 85, RSSetScissorRects, 
13339, -1, EndQuery, 
13340, -1, EndQuery, 
13341, -1, <deprecated - use pix3.h instead> Visibility Buffer, 
13342, 13341, CopyBufferRegion, 1359
13343, 13341, CopyBufferRegion, 1360
13344, 13341, ResourceBarrier, 1361
13345, 13341, ResourceBarrier, 1362
13346, 13341, SetDescriptorHeaps, 
13347, 13341, ClearUnorderedAccessViewUint, 1363
13348, 13341, SetComputeRootSignature, 
13349, 13341, SetPipelineState, 
13350, 13341, SetComputeRootConstantBufferView, 
13351, 13341, SetComputeRootDescriptorTable, 
13352, 13341, Dispatch, 1364
13353, 13341, ResourceBarrier, 1365
13354, 13341, ResourceBarrier, 1366
13355, 13341, EndQuery, 
13356, 13341, <deprecated - use pix3.h instead> VB Raster, 
13357, 13356, ResourceBarrier, 1367
13358, 13356, ClearRenderTargetView, 1368
13359, 13356, ClearDepthStencilView, 1369
13360, 13356, OMSetRenderTargets, 
13361, 13356, RSSetViewports, 
13362, 13356, RSSetScissorRects, 
13363, 13356, SetDescriptorHeaps, 
13364, 13356, SetGraphicsRootSignature, 
13365, 13356, SetGraphicsRootShaderResourceView, 
13366, 13356, SetGraphicsRootDescriptorTable, 
13367, 13356, SetPipelineState, 
13368, 13356, SetGraphicsRootConstantBufferView, 
13369, 13356, IASetPrimitiveTopology, 
13370, 13356, SetGraphicsRoot32BitConstants, 
13371, 13356, SetPipelineState, 
13372, 13356, ExecuteIndirect, 1370
13373, 13372, IASetVertexBuffers, 
13374, 13372, IASetIndexBuffer, 
13375, 13372, SetGraphicsRootConstantBufferView, 
13376, 13372, SetGraphicsRoot32BitConstants, 
13377, 13372, DrawIndexedInstanced, 1371
13378, 13372, IASetVertexBuffers, 
13379, 13372, IASetIndexBuffer, 
13380, 13372, SetGraphicsRootConstantBufferView, 
13381, 13372, SetGraphicsRoot32BitConstants, 
13382, 13372, DrawIndexedInstanced, 1372
13383, 13372, IASetVertexBuffers, 
13384, 13372, IASetIndexBuffer, 
13385, 13372, SetGraphicsRootConstantBufferView, 
13386, 13372, SetGraphicsRoot32BitConstants, 
13387, 13372, DrawIndexedInstanced, 1373
13388, 13372, IASetVertexBuffers, 
13389, 13372, IASetIndexBuffer, 
13390, 13372, SetGraphicsRootConstantBufferView, 
13391, 13372, SetGraphicsRoot32BitConstants, 
13392, 13372, DrawIndexedInstanced, 1374
13393, 13372, IASetVertexBuffers, 
13394, 13372, IASetIndexBuffer, 
13395, 13372, SetGraphicsRootConstantBufferView, 
13396, 13372, SetGraphicsRoot32BitConstants, 
13397, 13372, DrawIndexedInstanced, 1375
13398, 13372, IASetVertexBuffers, 
13399, 13372, IASetIndexBuffer, 
13400, 13372, SetGraphicsRootConstantBufferView, 
13401, 13372, SetGraphicsRoot32BitConstants, 
13402, 13372, DrawIndexedInstanced, 1376
13403, 13372, IASetVertexBuffers, 
13404, 13372, IASetIndexBuffer, 
13405, 13372, SetGraphicsRootConstantBufferView, 
13406, 13372, SetGraphicsRoot32BitConstants, 
13407, 13372, DrawIndexedInstanced, 1377
13408, 13372, IASetVertexBuffers, 
13409, 13372, IASetIndexBuffer, 
13410, 13372, SetGraphicsRootConstantBufferView, 
13411, 13372, SetGraphicsRoot32BitConstants, 
13412, 13372, DrawIndexedInstanced, 1378
13413, 13372, IASetVertexBuffers, 
13414, 13372, IASetIndexBuffer, 
13415, 13372, SetGraphicsRootConstantBufferView, 
13416, 13372, SetGraphicsRoot32BitConstants, 
13417, 13372, DrawIndexedInstanced, 1379
13418, 13372, IASetVertexBuffers, 
13419, 13372, IASetIndexBuffer, 
13420, 13372, SetGraphicsRootConstantBufferView, 
13421, 13372, SetGraphicsRoot32BitConstants, 
13422, 13372, DrawIndexedInstanced, 1380
13423, 13372, IASetVertexBuffers, 
13424, 13372, IASetIndexBuffer, 
13425, 13372, SetGraphicsRootConstantBufferView, 
13426, 13372, SetGraphicsRoot32BitConstants, 
13427, 13372, DrawIndexedInstanced, 1381
13428, 13372, IASetVertexBuffers, 
13429, 13372, IASetIndexBuffer, 
13430, 13372, SetGraphicsRootConstantBufferView, 
13431, 13372, SetGraphicsRoot32BitConstants, 
13432, 13372, DrawIndexedInstanced, 1382
13433, 13372, IASetVertexBuffers, 
13434, 13372, IASetIndexBuffer, 
13435, 13372, SetGraphicsRootConstantBufferView, 
13436, 13372, SetGraphicsRoot32BitConstants, 
13437, 13372, DrawIndexedInstanced, 1383
13438, 13372, IASetVertexBuffers, 
13439, 13372, IASetIndexBuffer, 
13440, 13372, SetGraphicsRootConstantBufferView, 
13441, 13372, SetGraphicsRoot32BitConstants, 
13442, 13372, DrawIndexedInstanced, 1384
13443, 13372, IASetVertexBuffers, 
13444, 13372, IASetIndexBuffer, 
13445, 13372, SetGraphicsRootConstantBufferView, 
13446, 13372, SetGraphicsRoot32BitConstants, 
13447, 13372, DrawIndexedInstanced, 1385
13448, 13372, IASetVertexBuffers, 
13449, 13372, IASetIndexBuffer, 
13450, 13372, SetGraphicsRootConstantBufferView, 
13451, 13372, SetGraphicsRoot32BitConstants, 
13452, 13372, DrawIndexedInstanced, 1386
13453, 13372, IASetVertexBuffers, 
13454, 13372, IASetIndexBuffer, 
13455, 13372, SetGraphicsRootConstantBufferView, 
13456, 13372, SetGraphicsRoot32BitConstants, 
13457, 13372, DrawIndexedInstanced, 1387
13458, 13372, IASetVertexBuffers, 
13459, 13372, IASetIndexBuffer, 
13460, 13372, SetGraphicsRootConstantBufferView, 
13461, 13372, SetGraphicsRoot32BitConstants, 
13462, 13372, DrawIndexedInstanced, 1388
13463, 13372, IASetVertexBuffers, 
13464, 13372, IASetIndexBuffer, 
13465, 13372, SetGraphicsRootConstantBufferView, 
13466, 13372, SetGraphicsRoot32BitConstants, 
13467, 13372, DrawIndexedInstanced, 1389
13468, 13372, IASetVertexBuffers, 
13469, 13372, IASetIndexBuffer, 
13470, 13372, SetGraphicsRootConstantBufferView, 
13471, 13372, SetGraphicsRoot32BitConstants, 
13472, 13372, DrawIndexedInstanced, 1390
13473, 13372, IASetVertexBuffers, 
13474, 13372, IASetIndexBuffer, 
13475, 13372, SetGraphicsRootConstantBufferView, 
13476, 13372, SetGraphicsRoot32BitConstants, 
13477, 13372, DrawIndexedInstanced, 1391
13478, 13372, IASetVertexBuffers, 
13479, 13372, IASetIndexBuffer, 
13480, 13372, SetGraphicsRootConstantBufferView, 
13481, 13372, SetGraphicsRoot32BitConstants, 
13482, 13372, DrawIndexedInstanced, 1392
13483, 13372, IASetVertexBuffers, 
13484, 13372, IASetIndexBuffer, 
13485, 13372, SetGraphicsRootConstantBufferView, 
13486, 13372, SetGraphicsRoot32BitConstants, 
13487, 13372, DrawIndexedInstanced, 1393
13488, 13372, IASetVertexBuffers, 
13489, 13372, IASetIndexBuffer, 
13490, 13372, SetGraphicsRootConstantBufferView, 
13491, 13372, SetGraphicsRoot32BitConstants, 
13492, 13372, DrawIndexedInstanced, 1394
13493, 13372, IASetVertexBuffers, 
13494, 13372, IASetIndexBuffer, 
13495, 13372, SetGraphicsRootConstantBufferView, 
13496, 13372, SetGraphicsRoot32BitConstants, 
13497, 13372, DrawIndexedInstanced, 1395
13498, 13372, IASetVertexBuffers, 
13499, 13372, IASetIndexBuffer, 
13500, 13372, SetGraphicsRootConstantBufferView, 
13501, 13372, SetGraphicsRoot32BitConstants, 
13502, 13372, DrawIndexedInstanced, 1396
13503, 13372, IASetVertexBuffers, 
13504, 13372, IASetIndexBuffer, 
13505, 13372, SetGraphicsRootConstantBufferView, 
13506, 13372, SetGraphicsRoot32BitConstants, 
13507, 13372, DrawIndexedInstanced, 1397
13508, 13372, IASetVertexBuffers, 
13509, 13372, IASetIndexBuffer, 
13510, 13372, SetGraphicsRootConstantBufferView, 
13511, 13372, SetGraphicsRoot32BitConstants, 
13512, 13372, DrawIndexedInstanced, 1398
13513, 13372, IASetVertexBuffers, 
13514, 13372, IASetIndexBuffer, 
13515, 13372, SetGraphicsRootConstantBufferView, 
13516, 13372, SetGraphicsRoot32BitConstants, 
13517, 13372, DrawIndexedInstanced, 1399
13518, 13372, IASetVertexBuffers, 
13519, 13372, IASetIndexBuffer, 
13520, 13372, SetGraphicsRootConstantBufferView, 
13521, 13372, SetGraphicsRoot32BitConstants, 
13522, 13372, DrawIndexedInstanced, 1400
13523, 13372, IASetVertexBuffers, 
13524, 13372, IASetIndexBuffer, 
13525, 13372, SetGraphicsRootConstantBufferView, 
13526, 13372, SetGraphicsRoot32BitConstants, 
13527, 13372, DrawIndexedInstanced, 1401
13528, 13372, IASetVertexBuffers, 
13529, 13372, IASetIndexBuffer, 
13530, 13372, SetGraphicsRootConstantBufferView, 
13531, 13372, SetGraphicsRoot32BitConstants, 
13532, 13372, DrawIndexedInstanced, 1402
13533, 13372, IASetVertexBuffers, 
13534, 13372, IASetIndexBuffer, 
13535, 13372, SetGraphicsRootConstantBufferView, 
13536, 13372, SetGraphicsRoot32BitConstants, 
13537, 13372, DrawIndexedInstanced, 1403
13538, 13372, IASetVertexBuffers, 
13539, 13372, IASetIndexBuffer, 
13540, 13372, SetGraphicsRootConstantBufferView, 
13541, 13372, SetGraphicsRoot32BitConstants, 
13542, 13372, DrawIndexedInstanced, 1404
13543, 13372, IASetVertexBuffers, 
13544, 13372, IASetIndexBuffer, 
13545, 13372, SetGraphicsRootConstantBufferView, 
13546, 13372, SetGraphicsRoot32BitConstants, 
13547, 13372, DrawIndexedInstanced, 1405
13548, 13372, IASetVertexBuffers, 
13549, 13372, IASetIndexBuffer, 
13550, 13372, SetGraphicsRootConstantBufferView, 
13551, 13372, SetGraphicsRoot32BitConstants, 
13552, 13372, DrawIndexedInstanced, 1406
13553, 13372, IASetVertexBuffers, 
13554, 13372, IASetIndexBuffer, 
13555, 13372, SetGraphicsRootConstantBufferView, 
13556, 13372, SetGraphicsRoot32BitConstants, 
13557, 13372, DrawIndexedInstanced, 1407
13558, 13372, IASetVertexBuffers, 
13559, 13372, IASetIndexBuffer, 
13560, 13372, SetGraphicsRootConstantBufferView, 
13561, 13372, SetGraphicsRoot32BitConstants, 
13562, 13372, DrawIndexedInstanced, 1408
13563, 13372, IASetVertexBuffers, 
13564, 13372, IASetIndexBuffer, 
13565, 13372, SetGraphicsRootConstantBufferView, 
13566, 13372, SetGraphicsRoot32BitConstants, 
13567, 13372, DrawIndexedInstanced, 1409
13568, 13372, IASetVertexBuffers, 
13569, 13372, IASetIndexBuffer, 
13570, 13372, SetGraphicsRootConstantBufferView, 
13571, 13372, SetGraphicsRoot32BitConstants, 
13572, 13372, DrawIndexedInstanced, 1410
13573, 13372, IASetVertexBuffers, 
13574, 13372, IASetIndexBuffer, 
13575, 13372, SetGraphicsRootConstantBufferView, 
13576, 13372, SetGraphicsRoot32BitConstants, 
13577, 13372, DrawIndexedInstanced, 1411
13578, 13372, IASetVertexBuffers, 
13579, 13372, IASetIndexBuffer, 
13580, 13372, SetGraphicsRootConstantBufferView, 
13581, 13372, SetGraphicsRoot32BitConstants, 
13582, 13372, DrawIndexedInstanced, 1412
13583, 13372, IASetVertexBuffers, 
13584, 13372, IASetIndexBuffer, 
13585, 13372, SetGraphicsRootConstantBufferView, 
13586, 13372, SetGraphicsRoot32BitConstants, 
13587, 13372, DrawIndexedInstanced, 1413
13588, 13372, IASetVertexBuffers, 
13589, 13372, IASetIndexBuffer, 
13590, 13372, SetGraphicsRootConstantBufferView, 
13591, 13372, SetGraphicsRoot32BitConstants, 
13592, 13372, DrawIndexedInstanced, 1414
13593, 13372, IASetVertexBuffers, 
13594, 13372, IASetIndexBuffer, 
13595, 13372, SetGraphicsRootConstantBufferView, 
13596, 13372, SetGraphicsRoot32BitConstants, 
13597, 13372, DrawIndexedInstanced, 1415
13598, 13372, IASetVertexBuffers, 
13599, 13372, IASetIndexBuffer, 
13600, 13372, SetGraphicsRootConstantBufferView, 
13601, 13372, SetGraphicsRoot32BitConstants, 
13602, 13372, DrawIndexedInstanced, 1416
13603, 13372, IASetVertexBuffers, 
13604, 13372, IASetIndexBuffer, 
13605, 13372, SetGraphicsRootConstantBufferView, 
13606, 13372, SetGraphicsRoot32BitConstants, 
13607, 13372, DrawIndexedInstanced, 1417
13608, 13372, IASetVertexBuffers, 
13609, 13372, IASetIndexBuffer, 
13610, 13372, SetGraphicsRootConstantBufferView, 
13611, 13372, SetGraphicsRoot32BitConstants, 
13612, 13372, DrawIndexedInstanced, 1418
13613, 13372, IASetVertexBuffers, 
13614, 13372, IASetIndexBuffer, 
13615, 13372, SetGraphicsRootConstantBufferView, 
13616, 13372, SetGraphicsRoot32BitConstants, 
13617, 13372, DrawIndexedInstanced, 1419
13618, 13372, IASetVertexBuffers, 
13619, 13372, IASetIndexBuffer, 
13620, 13372, SetGraphicsRootConstantBufferView, 
13621, 13372, SetGraphicsRoot32BitConstants, 
13622, 13372, DrawIndexedInstanced, 1420
13623, 13372, IASetVertexBuffers, 
13624, 13372, IASetIndexBuffer, 
13625, 13372, SetGraphicsRootConstantBufferView, 
13626, 13372, SetGraphicsRoot32BitConstants, 
13627, 13372, DrawIndexedInstanced, 1421
13628, 13372, IASetVertexBuffers, 
13629, 13372, IASetIndexBuffer, 
13630, 13372, SetGraphicsRootConstantBufferView, 
13631, 13372, SetGraphicsRoot32BitConstants, 
13632, 13372, DrawIndexedInstanced, 1422
13633, 13372, IASetVertexBuffers, 
13634, 13372, IASetIndexBuffer, 
13635, 13372, SetGraphicsRootConstantBufferView, 
13636, 13372, SetGraphicsRoot32BitConstants, 
13637, 13372, DrawIndexedInstanced, 1423
13638, 13372, IASetVertexBuffers, 
13639, 13372, IASetIndexBuffer, 
13640, 13372, SetGraphicsRootConstantBufferView, 
13641, 13372, SetGraphicsRoot32BitConstants, 
13642, 13372, DrawIndexedInstanced, 1424
13643, 13372, IASetVertexBuffers, 
13644, 13372, IASetIndexBuffer, 
13645, 13372, SetGraphicsRootConstantBufferView, 
13646, 13372, SetGraphicsRoot32BitConstants, 
13647, 13372, DrawIndexedInstanced, 1425
13648, 13372, IASetVertexBuffers, 
13649, 13372, IASetIndexBuffer, 
13650, 13372, SetGraphicsRootConstantBufferView, 
13651, 13372, SetGraphicsRoot32BitConstants, 
13652, 13372, DrawIndexedInstanced, 1426
13653, 13372, IASetVertexBuffers, 
13654, 13372, IASetIndexBuffer, 
13655, 13372, SetGraphicsRootConstantBufferView, 
13656, 13372, SetGraphicsRoot32BitConstants, 
13657, 13372, DrawIndexedInstanced, 1427
13658, 13372, IASetVertexBuffers, 
13659, 13372, IASetIndexBuffer, 
13660, 13372, SetGraphicsRootConstantBufferView, 
13661, 13372, SetGraphicsRoot32BitConstants, 
13662, 13372, DrawIndexedInstanced, 1428
13663, 13372, IASetVertexBuffers, 
13664, 13372, IASetIndexBuffer, 
13665, 13372, SetGraphicsRootConstantBufferView, 
13666, 13372, SetGraphicsRoot32BitConstants, 
13667, 13372, DrawIndexedInstanced, 1429
13668, 13372, IASetVertexBuffers, 
13669, 13372, IASetIndexBuffer, 
13670, 13372, SetGraphicsRootConstantBufferView, 
13671, 13372, SetGraphicsRoot32BitConstants, 
13672, 13372, DrawIndexedInstanced, 1430
13673, 13372, IASetVertexBuffers, 
13674, 13372, IASetIndexBuffer, 
13675, 13372, SetGraphicsRootConstantBufferView, 
13676, 13372, SetGraphicsRoot32BitConstants, 
13677, 13372, DrawIndexedInstanced, 1431
13678, 13372, IASetVertexBuffers, 
13679, 13372, IASetIndexBuffer, 
13680, 13372, SetGraphicsRootConstantBufferView, 
13681, 13372, SetGraphicsRoot32BitConstants, 
13682, 13372, DrawIndexedInstanced, 1432
13683, 13372, IASetVertexBuffers, 
13684, 13372, IASetIndexBuffer, 
13685, 13372, SetGraphicsRootConstantBufferView, 
13686, 13372, SetGraphicsRoot32BitConstants, 
13687, 13372, DrawIndexedInstanced, 1433
13688, 13372, IASetVertexBuffers, 
13689, 13372, IASetIndexBuffer, 
13690, 13372, SetGraphicsRootConstantBufferView, 
13691, 13372, SetGraphicsRoot32BitConstants, 
13692, 13372, DrawIndexedInstanced, 1434
13693, 13372, IASetVertexBuffers, 
13694, 13372, IASetIndexBuffer, 
13695, 13372, SetGraphicsRootConstantBufferView, 
13696, 13372, SetGraphicsRoot32BitConstants, 
13697, 13372, DrawIndexedInstanced, 1435
13698, 13372, IASetVertexBuffers, 
13699, 13372, IASetIndexBuffer, 
13700, 13372, SetGraphicsRootConstantBufferView, 
13701, 13372, SetGraphicsRoot32BitConstants, 
13702, 13372, DrawIndexedInstanced, 1436
13703, 13372, IASetVertexBuffers, 
13704, 13372, IASetIndexBuffer, 
13705, 13372, SetGraphicsRootConstantBufferView, 
13706, 13372, SetGraphicsRoot32BitConstants, 
13707, 13372, DrawIndexedInstanced, 1437
13708, 13372, IASetVertexBuffers, 
13709, 13372, IASetIndexBuffer, 
13710, 13372, SetGraphicsRootConstantBufferView, 
13711, 13372, SetGraphicsRoot32BitConstants, 
13712, 13372, DrawIndexedInstanced, 1438
13713, 13372, IASetVertexBuffers, 
13714, 13372, IASetIndexBuffer, 
13715, 13372, SetGraphicsRootConstantBufferView, 
13716, 13372, SetGraphicsRoot32BitConstants, 
13717, 13372, DrawIndexedInstanced, 1439
13718, 13372, IASetVertexBuffers, 
13719, 13372, IASetIndexBuffer, 
13720, 13372, SetGraphicsRootConstantBufferView, 
13721, 13372, SetGraphicsRoot32BitConstants, 
13722, 13372, DrawIndexedInstanced, 1440
13723, 13372, IASetVertexBuffers, 
13724, 13372, IASetIndexBuffer, 
13725, 13372, SetGraphicsRootConstantBufferView, 
13726, 13372, SetGraphicsRoot32BitConstants, 
13727, 13372, DrawIndexedInstanced, 1441
13728, 13372, IASetVertexBuffers, 
13729, 13372, IASetIndexBuffer, 
13730, 13372, SetGraphicsRootConstantBufferView, 
13731, 13372, SetGraphicsRoot32BitConstants, 
13732, 13372, DrawIndexedInstanced, 1442
13733, 13372, IASetVertexBuffers, 
13734, 13372, IASetIndexBuffer, 
13735, 13372, SetGraphicsRootConstantBufferView, 
13736, 13372, SetGraphicsRoot32BitConstants, 
13737, 13372, DrawIndexedInstanced, 1443
13738, 13372, IASetVertexBuffers, 
13739, 13372, IASetIndexBuffer, 
13740, 13372, SetGraphicsRootConstantBufferView, 
13741, 13372, SetGraphicsRoot32BitConstants, 
13742, 13372, DrawIndexedInstanced, 1444
13743, 13372, IASetVertexBuffers, 
13744, 13372, IASetIndexBuffer, 
13745, 13372, SetGraphicsRootConstantBufferView, 
13746, 13372, SetGraphicsRoot32BitConstants, 
13747, 13372, DrawIndexedInstanced, 1445
13748, 13372, IASetVertexBuffers, 
13749, 13372, IASetIndexBuffer, 
13750, 13372, SetGraphicsRootConstantBufferView, 
13751, 13372, SetGraphicsRoot32BitConstants, 
13752, 13372, DrawIndexedInstanced, 1446
13753, 13372, IASetVertexBuffers, 
13754, 13372, IASetIndexBuffer, 
13755, 13372, SetGraphicsRootConstantBufferView, 
13756, 13372, SetGraphicsRoot32BitConstants, 
13757, 13372, DrawIndexedInstanced, 1447
13758, 13372, IASetVertexBuffers, 
13759, 13372, IASetIndexBuffer, 
13760, 13372, SetGraphicsRootConstantBufferView, 
13761, 13372, SetGraphicsRoot32BitConstants, 
13762, 13372, DrawIndexedInstanced, 1448
13763, 13372, IASetVertexBuffers, 
13764, 13372, IASetIndexBuffer, 
13765, 13372, SetGraphicsRootConstantBufferView, 
13766, 13372, SetGraphicsRoot32BitConstants, 
13767, 13372, DrawIndexedInstanced, 1449
13768, 13372, IASetVertexBuffers, 
13769, 13372, IASetIndexBuffer, 
13770, 13372, SetGraphicsRootConstantBufferView, 
13771, 13372, SetGraphicsRoot32BitConstants, 
13772, 13372, DrawIndexedInstanced, 1450
13773, 13372, IASetVertexBuffers, 
13774, 13372, IASetIndexBuffer, 
13775, 13372, SetGraphicsRootConstantBufferView, 
13776, 13372, SetGraphicsRoot32BitConstants, 
13777, 13372, DrawIndexedInstanced, 1451
13778, 13372, IASetVertexBuffers, 
13779, 13372, IASetIndexBuffer, 
13780, 13372, SetGraphicsRootConstantBufferView, 
13781, 13372, SetGraphicsRoot32BitConstants, 
13782, 13372, DrawIndexedInstanced, 1452
13783, 13372, IASetVertexBuffers, 
13784, 13372, IASetIndexBuffer, 
13785, 13372, SetGraphicsRootConstantBufferView, 
13786, 13372, SetGraphicsRoot32BitConstants, 
13787, 13372, DrawIndexedInstanced, 1453
13788, 13372, IASetVertexBuffers, 
13789, 13372, IASetIndexBuffer, 
13790, 13372, SetGraphicsRootConstantBufferView, 
13791, 13372, SetGraphicsRoot32BitConstants, 
13792, 13372, DrawIndexedInstanced, 1454
13793, 13372, IASetVertexBuffers, 
13794, 13372, IASetIndexBuffer, 
13795, 13372, SetGraphicsRootConstantBufferView, 
13796, 13372, SetGraphicsRoot32BitConstants, 
13797, 13372, DrawIndexedInstanced, 1455
13798, 13372, IASetVertexBuffers, 
13799, 13372, IASetIndexBuffer, 
13800, 13372, SetGraphicsRootConstantBufferView, 
13801, 13372, SetGraphicsRoot32BitConstants, 
13802, 13372, DrawIndexedInstanced, 1456
13803, 13372, IASetVertexBuffers, 
13804, 13372, IASetIndexBuffer, 
13805, 13372, SetGraphicsRootConstantBufferView, 
13806, 13372, SetGraphicsRoot32BitConstants, 
13807, 13372, DrawIndexedInstanced, 1457
13808, 13372, IASetVertexBuffers, 
13809, 13372, IASetIndexBuffer, 
13810, 13372, SetGraphicsRootConstantBufferView, 
13811, 13372, SetGraphicsRoot32BitConstants, 
13812, 13372, DrawIndexedInstanced, 1458
13813, 13372, IASetVertexBuffers, 
13814, 13372, IASetIndexBuffer, 
13815, 13372, SetGraphicsRootConstantBufferView, 
13816, 13372, SetGraphicsRoot32BitConstants, 
13817, 13372, DrawIndexedInstanced, 1459
13818, 13372, IASetVertexBuffers, 
13819, 13372, IASetIndexBuffer, 
13820, 13372, SetGraphicsRootConstantBufferView, 
13821, 13372, SetGraphicsRoot32BitConstants, 
13822, 13372, DrawIndexedInstanced, 1460
13823, 13372, IASetVertexBuffers, 
13824, 13372, IASetIndexBuffer, 
13825, 13372, SetGraphicsRootConstantBufferView, 
13826, 13372, SetGraphicsRoot32BitConstants, 
13827, 13372, DrawIndexedInstanced, 1461
13828, 13372, IASetVertexBuffers, 
13829, 13372, IASetIndexBuffer, 
13830, 13372, SetGraphicsRootConstantBufferView, 
13831, 13372, SetGraphicsRoot32BitConstants, 
13832, 13372, DrawIndexedInstanced, 1462
13833, 13372, IASetVertexBuffers, 
13834, 13372, IASetIndexBuffer, 
13835, 13372, SetGraphicsRootConstantBufferView, 
13836, 13372, SetGraphicsRoot32BitConstants, 
13837, 13372, DrawIndexedInstanced, 1463
13838, 13372, IASetVertexBuffers, 
13839, 13372, IASetIndexBuffer, 
13840, 13372, SetGraphicsRootConstantBufferView, 
13841, 13372, SetGraphicsRoot32BitConstants, 
13842, 13372, DrawIndexedInstanced, 1464
13843, 13372, IASetVertexBuffers, 
13844, 13372, IASetIndexBuffer, 
13845, 13372, SetGraphicsRootConstantBufferView, 
13846, 13372, SetGraphicsRoot32BitConstants, 
13847, 13372, DrawIndexedInstanced, 1465
13848, 13372, IASetVertexBuffers, 
13849, 13372, IASetIndexBuffer, 
13850, 13372, SetGraphicsRootConstantBufferView, 
13851, 13372, SetGraphicsRoot32BitConstants, 
13852, 13372, DrawIndexedInstanced, 1466
13853, 13372, IASetVertexBuffers, 
13854, 13372, IASetIndexBuffer, 
13855, 13372, SetGraphicsRootConstantBufferView, 
13856, 13372, SetGraphicsRoot32BitConstants, 
13857, 13372, DrawIndexedInstanced, 1467
13858, 13372, IASetVertexBuffers, 
13859, 13372, IASetIndexBuffer, 
13860, 13372, SetGraphicsRootConstantBufferView, 
13861, 13372, SetGraphicsRoot32BitConstants, 
13862, 13372, DrawIndexedInstanced, 1468
13863, 13372, IASetVertexBuffers, 
13864, 13372, IASetIndexBuffer, 
13865, 13372, SetGraphicsRootConstantBufferView, 
13866, 13372, SetGraphicsRoot32BitConstants, 
13867, 13372, DrawIndexedInstanced, 1469
13868, 13372, IASetVertexBuffers, 
13869, 13372, IASetIndexBuffer, 
13870, 13372, SetGraphicsRootConstantBufferView, 
13871, 13372, SetGraphicsRoot32BitConstants, 
13872, 13372, DrawIndexedInstanced, 1470
13873, 13372, IASetVertexBuffers, 
13874, 13372, IASetIndexBuffer, 
13875, 13372, SetGraphicsRootConstantBufferView, 
13876, 13372, SetGraphicsRoot32BitConstants, 
13877, 13372, DrawIndexedInstanced, 1471
13878, 13372, IASetVertexBuffers, 
13879, 13372, IASetIndexBuffer, 
13880, 13372, SetGraphicsRootConstantBufferView, 
13881, 13372, SetGraphicsRoot32BitConstants, 
13882, 13372, DrawIndexedInstanced, 1472
13883, 13372, IASetVertexBuffers, 
13884, 13372, IASetIndexBuffer, 
13885, 13372, SetGraphicsRootConstantBufferView, 
13886, 13372, SetGraphicsRoot32BitConstants, 
13887, 13372, DrawIndexedInstanced, 1473
13888, 13372, IASetVertexBuffers, 
13889, 13372, IASetIndexBuffer, 
13890, 13372, SetGraphicsRootConstantBufferView, 
13891, 13372, SetGraphicsRoot32BitConstants, 
13892, 13372, DrawIndexedInstanced, 1474
13893, 13372, IASetVertexBuffers, 
13894, 13372, IASetIndexBuffer, 
13895, 13372, SetGraphicsRootConstantBufferView, 
13896, 13372, SetGraphicsRoot32BitConstants, 
13897, 13372, DrawIndexedInstanced, 1475
13898, 13372, IASetVertexBuffers, 
13899, 13372, IASetIndexBuffer, 
13900, 13372, SetGraphicsRootConstantBufferView, 
13901, 13372, SetGraphicsRoot32BitConstants, 
13902, 13372, DrawIndexedInstanced, 1476
13903, 13372, IASetVertexBuffers, 
13904, 13372, IASetIndexBuffer, 
13905, 13372, SetGraphicsRootConstantBufferView, 
13906, 13372, SetGraphicsRoot32BitConstants, 
13907, 13372, DrawIndexedInstanced, 1477
13908, 13372, IASetVertexBuffers, 
13909, 13372, IASetIndexBuffer, 
13910, 13372, SetGraphicsRootConstantBufferView, 
13911, 13372, SetGraphicsRoot32BitConstants, 
13912, 13372, DrawIndexedInstanced, 1478
13913, 13372, IASetVertexBuffers, 
13914, 13372, IASetIndexBuffer, 
13915, 13372, SetGraphicsRootConstantBufferView, 
13916, 13372, SetGraphicsRoot32BitConstants, 
13917, 13372, DrawIndexedInstanced, 1479
13918, 13372, IASetVertexBuffers, 
13919, 13372, IASetIndexBuffer, 
13920, 13372, SetGraphicsRootConstantBufferView, 
13921, 13372, SetGraphicsRoot32BitConstants, 
13922, 13372, DrawIndexedInstanced, 1480
13923, 13372, IASetVertexBuffers, 
13924, 13372, IASetIndexBuffer, 
13925, 13372, SetGraphicsRootConstantBufferView, 
13926, 13372, SetGraphicsRoot32BitConstants, 
13927, 13372, DrawIndexedInstanced, 1481
13928, 13372, IASetVertexBuffers, 
13929, 13372, IASetIndexBuffer, 
13930, 13372, SetGraphicsRootConstantBufferView, 
13931, 13372, SetGraphicsRoot32BitConstants, 
13932, 13372, DrawIndexedInstanced, 1482
13933, 13372, IASetVertexBuffers, 
13934, 13372, IASetIndexBuffer, 
13935, 13372, SetGraphicsRootConstantBufferView, 
13936, 13372, SetGraphicsRoot32BitConstants, 
13937, 13372, DrawIndexedInstanced, 1483
13938, 13372, IASetVertexBuffers, 
13939, 13372, IASetIndexBuffer, 
13940, 13372, SetGraphicsRootConstantBufferView, 
13941, 13372, SetGraphicsRoot32BitConstants, 
13942, 13372, DrawIndexedInstanced, 1484
13943, 13372, IASetVertexBuffers, 
13944, 13372, IASetIndexBuffer, 
13945, 13372, SetGraphicsRootConstantBufferView, 
13946, 13372, SetGraphicsRoot32BitConstants, 
13947, 13372, DrawIndexedInstanced, 1485
13948, 13372, IASetVertexBuffers, 
13949, 13372, IASetIndexBuffer, 
13950, 13372, SetGraphicsRootConstantBufferView, 
13951, 13372, SetGraphicsRoot32BitConstants, 
13952, 13372, DrawIndexedInstanced, 1486
13953, 13372, IASetVertexBuffers, 
13954, 13372, IASetIndexBuffer, 
13955, 13372, SetGraphicsRootConstantBufferView, 
13956, 13372, SetGraphicsRoot32BitConstants, 
13957, 13372, DrawIndexedInstanced, 1487
13958, 13372, IASetVertexBuffers, 
13959, 13372, IASetIndexBuffer, 
13960, 13372, SetGraphicsRootConstantBufferView, 
13961, 13372, SetGraphicsRoot32BitConstants, 
13962, 13372, DrawIndexedInstanced, 1488
13963, 13372, IASetVertexBuffers, 
13964, 13372, IASetIndexBuffer, 
13965, 13372, SetGraphicsRootConstantBufferView, 
13966, 13372, SetGraphicsRoot32BitConstants, 
13967, 13372, DrawIndexedInstanced, 1489
13968, 13372, IASetVertexBuffers, 
13969, 13372, IASetIndexBuffer, 
13970, 13372, SetGraphicsRootConstantBufferView, 
13971, 13372, SetGraphicsRoot32BitConstants, 
13972, 13372, DrawIndexedInstanced, 1490
13973, 13372, IASetVertexBuffers, 
13974, 13372, IASetIndexBuffer, 
13975, 13372, SetGraphicsRootConstantBufferView, 
13976, 13372, SetGraphicsRoot32BitConstants, 
13977, 13372, DrawIndexedInstanced, 1491
13978, 13372, IASetVertexBuffers, 
13979, 13372, IASetIndexBuffer, 
13980, 13372, SetGraphicsRootConstantBufferView, 
13981, 13372, SetGraphicsRoot32BitConstants, 
13982, 13372, DrawIndexedInstanced, 1492
13983, 13372, IASetVertexBuffers, 
13984, 13372, IASetIndexBuffer, 
13985, 13372, SetGraphicsRootConstantBufferView, 
13986, 13372, SetGraphicsRoot32BitConstants, 
13987, 13372, DrawIndexedInstanced, 1493
13988, 13372, IASetVertexBuffers, 
13989, 13372, IASetIndexBuffer, 
13990, 13372, SetGraphicsRootConstantBufferView, 
13991, 13372, SetGraphicsRoot32BitConstants, 
13992, 13372, DrawIndexedInstanced, 1494
13993, 13372, IASetVertexBuffers, 
13994, 13372, IASetIndexBuffer, 
13995, 13372, SetGraphicsRootConstantBufferView, 
13996, 13372, SetGraphicsRoot32BitConstants, 
13997, 13372, DrawIndexedInstanced, 1495
13998, 13372, IASetVertexBuffers, 
13999, 13372, IASetIndexBuffer, 
14000, 13372, SetGraphicsRootConstantBufferView, 
14001, 13372, SetGraphicsRoot32BitConstants, 
14002, 13372, DrawIndexedInstanced, 1496
14003, 13372, IASetVertexBuffers, 
14004, 13372, IASetIndexBuffer, 
14005, 13372, SetGraphicsRootConstantBufferView, 
14006, 13372, SetGraphicsRoot32BitConstants, 
14007, 13372, DrawIndexedInstanced, 1497
14008, 13372, IASetVertexBuffers, 
14009, 13372, IASetIndexBuffer, 
14010, 13372, SetGraphicsRootConstantBufferView, 
14011, 13372, SetGraphicsRoot32BitConstants, 
14012, 13372, DrawIndexedInstanced, 1498
14013, 13372, IASetVertexBuffers, 
14014, 13372, IASetIndexBuffer, 
14015, 13372, SetGraphicsRootConstantBufferView, 
14016, 13372, SetGraphicsRoot32BitConstants, 
14017, 13372, DrawIndexedInstanced, 1499
14018, 13372, IASetVertexBuffers, 
14019, 13372, IASetIndexBuffer, 
14020, 13372, SetGraphicsRootConstantBufferView, 
14021, 13372, SetGraphicsRoot32BitConstants, 
14022, 13372, DrawIndexedInstanced, 1500
14023, 13372, IASetVertexBuffers, 
14024, 13372, IASetIndexBuffer, 
14025, 13372, SetGraphicsRootConstantBufferView, 
14026, 13372, SetGraphicsRoot32BitConstants, 
14027, 13372, DrawIndexedInstanced, 1501
14028, 13372, IASetVertexBuffers, 
14029, 13372, IASetIndexBuffer, 
14030, 13372, SetGraphicsRootConstantBufferView, 
14031, 13372, SetGraphicsRoot32BitConstants, 
14032, 13372, DrawIndexedInstanced, 1502
14033, 13372, IASetVertexBuffers, 
14034, 13372, IASetIndexBuffer, 
14035, 13372, SetGraphicsRootConstantBufferView, 
14036, 13372, SetGraphicsRoot32BitConstants, 
14037, 13372, DrawIndexedInstanced, 1503
14038, 13372, IASetVertexBuffers, 
14039, 13372, IASetIndexBuffer, 
14040, 13372, SetGraphicsRootConstantBufferView, 
14041, 13372, SetGraphicsRoot32BitConstants, 
14042, 13372, DrawIndexedInstanced, 1504
14043, 13372, IASetVertexBuffers, 
14044, 13372, IASetIndexBuffer, 
14045, 13372, SetGraphicsRootConstantBufferView, 
14046, 13372, SetGraphicsRoot32BitConstants, 
14047, 13372, DrawIndexedInstanced, 1505
14048, 13372, IASetVertexBuffers, 
14049, 13372, IASetIndexBuffer, 
14050, 13372, SetGraphicsRootConstantBufferView, 
14051, 13372, SetGraphicsRoot32BitConstants, 
14052, 13372, DrawIndexedInstanced, 1506
14053, 13372, IASetVertexBuffers, 
14054, 13372, IASetIndexBuffer, 
14055, 13372, SetGraphicsRootConstantBufferView, 
14056, 13372, SetGraphicsRoot32BitConstants, 
14057, 13372, DrawIndexedInstanced, 1507
14058, 13372, IASetVertexBuffers, 
14059, 13372, IASetIndexBuffer, 
14060, 13372, SetGraphicsRootConstantBufferView, 
14061, 13372, SetGraphicsRoot32BitConstants, 
14062, 13372, DrawIndexedInstanced, 1508
14063, 13372, IASetVertexBuffers, 
14064, 13372, IASetIndexBuffer, 
14065, 13372, SetGraphicsRootConstantBufferView, 
14066, 13372, SetGraphicsRoot32BitConstants, 
14067, 13372, DrawIndexedInstanced, 1509
14068, 13372, IASetVertexBuffers, 
14069, 13372, IASetIndexBuffer, 
14070, 13372, SetGraphicsRootConstantBufferView, 
14071, 13372, SetGraphicsRoot32BitConstants, 
14072, 13372, DrawIndexedInstanced, 1510
14073, 13372, IASetVertexBuffers, 
14074, 13372, IASetIndexBuffer, 
14075, 13372, SetGraphicsRootConstantBufferView, 
14076, 13372, SetGraphicsRoot32BitConstants, 
14077, 13372, DrawIndexedInstanced, 1511
14078, 13372, IASetVertexBuffers, 
14079, 13372, IASetIndexBuffer, 
14080, 13372, SetGraphicsRootConstantBufferView, 
14081, 13372, SetGraphicsRoot32BitConstants, 
14082, 13372, DrawIndexedInstanced, 1512
14083, 13372, IASetVertexBuffers, 
14084, 13372, IASetIndexBuffer, 
14085, 13372, SetGraphicsRootConstantBufferView, 
14086, 13372, SetGraphicsRoot32BitConstants, 
14087, 13372, DrawIndexedInstanced, 1513
14088, 13372, IASetVertexBuffers, 
14089, 13372, IASetIndexBuffer, 
14090, 13372, SetGraphicsRootConstantBufferView, 
14091, 13372, SetGraphicsRoot32BitConstants, 
14092, 13372, DrawIndexedInstanced, 1514
14093, 13372, IASetVertexBuffers, 
14094, 13372, IASetIndexBuffer, 
14095, 13372, SetGraphicsRootConstantBufferView, 
14096, 13372, SetGraphicsRoot32BitConstants, 
14097, 13372, DrawIndexedInstanced, 1515
14098, 13372, IASetVertexBuffers, 
14099, 13372, IASetIndexBuffer, 
14100, 13372, SetGraphicsRootConstantBufferView, 
14101, 13372, SetGraphicsRoot32BitConstants, 
14102, 13372, DrawIndexedInstanced, 1516
14103, 13372, IASetVertexBuffers, 
14104, 13372, IASetIndexBuffer, 
14105, 13372, SetGraphicsRootConstantBufferView, 
14106, 13372, SetGraphicsRoot32BitConstants, 
14107, 13372, DrawIndexedInstanced, 1517
14108, 13372, IASetVertexBuffers, 
14109, 13372, IASetIndexBuffer, 
14110, 13372, SetGraphicsRootConstantBufferView, 
14111, 13372, SetGraphicsRoot32BitConstants, 
14112, 13372, DrawIndexedInstanced, 1518
14113, 13372, IASetVertexBuffers, 
14114, 13372, IASetIndexBuffer, 
14115, 13372, SetGraphicsRootConstantBufferView, 
14116, 13372, SetGraphicsRoot32BitConstants, 
14117, 13372, DrawIndexedInstanced, 1519
14118, 13372, IASetVertexBuffers, 
14119, 13372, IASetIndexBuffer, 
14120, 13372, SetGraphicsRootConstantBufferView, 
14121, 13372, SetGraphicsRoot32BitConstants, 
14122, 13372, DrawIndexedInstanced, 1520
14123, 13372, IASetVertexBuffers, 
14124, 13372, IASetIndexBuffer, 
14125, 13372, SetGraphicsRootConstantBufferView, 
14126, 13372, SetGraphicsRoot32BitConstants, 
14127, 13372, DrawIndexedInstanced, 1521
14128, 13372, IASetVertexBuffers, 
14129, 13372, IASetIndexBuffer, 
14130, 13372, SetGraphicsRootConstantBufferView, 
14131, 13372, SetGraphicsRoot32BitConstants, 
14132, 13372, DrawIndexedInstanced, 1522
14133, 13372, IASetVertexBuffers, 
14134, 13372, IASetIndexBuffer, 
14135, 13372, SetGraphicsRootConstantBufferView, 
14136, 13372, SetGraphicsRoot32BitConstants, 
14137, 13372, DrawIndexedInstanced, 1523
14138, 13372, IASetVertexBuffers, 
14139, 13372, IASetIndexBuffer, 
14140, 13372, SetGraphicsRootConstantBufferView, 
14141, 13372, SetGraphicsRoot32BitConstants, 
14142, 13372, DrawIndexedInstanced, 1524
14143, 13372, IASetVertexBuffers, 
14144, 13372, IASetIndexBuffer, 
14145, 13372, SetGraphicsRootConstantBufferView, 
14146, 13372, SetGraphicsRoot32BitConstants, 
14147, 13372, DrawIndexedInstanced, 1525
14148, 13372, IASetVertexBuffers, 
14149, 13372, IASetIndexBuffer, 
14150, 13372, SetGraphicsRootConstantBufferView, 
14151, 13372, SetGraphicsRoot32BitConstants, 
14152, 13372, DrawIndexedInstanced, 1526
14153, 13372, IASetVertexBuffers, 
14154, 13372, IASetIndexBuffer, 
14155, 13372, SetGraphicsRootConstantBufferView, 
14156, 13372, SetGraphicsRoot32BitConstants, 
14157, 13372, DrawIndexedInstanced, 1527
14158, 13372, IASetVertexBuffers, 
14159, 13372, IASetIndexBuffer, 
14160, 13372, SetGraphicsRootConstantBufferView, 
14161, 13372, SetGraphicsRoot32BitConstants, 
14162, 13372, DrawIndexedInstanced, 1528
14163, 13372, IASetVertexBuffers, 
14164, 13372, IASetIndexBuffer, 
14165, 13372, SetGraphicsRootConstantBufferView, 
14166, 13372, SetGraphicsRoot32BitConstants, 
14167, 13372, DrawIndexedInstanced, 1529
14168, 13372, IASetVertexBuffers, 
14169, 13372, IASetIndexBuffer, 
14170, 13372, SetGraphicsRootConstantBufferView, 
14171, 13372, SetGraphicsRoot32BitConstants, 
14172, 13372, DrawIndexedInstanced, 1530
14173, 13372, IASetVertexBuffers, 
14174, 13372, IASetIndexBuffer, 
14175, 13372, SetGraphicsRootConstantBufferView, 
14176, 13372, SetGraphicsRoot32BitConstants, 
14177, 13372, DrawIndexedInstanced, 1531
14178, 13372, IASetVertexBuffers, 
14179, 13372, IASetIndexBuffer, 
14180, 13372, SetGraphicsRootConstantBufferView, 
14181, 13372, SetGraphicsRoot32BitConstants, 
14182, 13372, DrawIndexedInstanced, 1532
14183, 13372, IASetVertexBuffers, 
14184, 13372, IASetIndexBuffer, 
14185, 13372, SetGraphicsRootConstantBufferView, 
14186, 13372, SetGraphicsRoot32BitConstants, 
14187, 13372, DrawIndexedInstanced, 1533
14188, 13372, IASetVertexBuffers, 
14189, 13372, IASetIndexBuffer, 
14190, 13372, SetGraphicsRootConstantBufferView, 
14191, 13372, SetGraphicsRoot32BitConstants, 
14192, 13372, DrawIndexedInstanced, 1534
14193, 13372, IASetVertexBuffers, 
14194, 13372, IASetIndexBuffer, 
14195, 13372, SetGraphicsRootConstantBufferView, 
14196, 13372, SetGraphicsRoot32BitConstants, 
14197, 13372, DrawIndexedInstanced, 1535
14198, 13372, IASetVertexBuffers, 
14199, 13372, IASetIndexBuffer, 
14200, 13372, SetGraphicsRootConstantBufferView, 
14201, 13372, SetGraphicsRoot32BitConstants, 
14202, 13372, DrawIndexedInstanced, 1536
14203, 13372, IASetVertexBuffers, 
14204, 13372, IASetIndexBuffer, 
14205, 13372, SetGraphicsRootConstantBufferView, 
14206, 13372, SetGraphicsRoot32BitConstants, 
14207, 13372, DrawIndexedInstanced, 1537
14208, 13372, IASetVertexBuffers, 
14209, 13372, IASetIndexBuffer, 
14210, 13372, SetGraphicsRootConstantBufferView, 
14211, 13372, SetGraphicsRoot32BitConstants, 
14212, 13372, DrawIndexedInstanced, 1538
14213, 13372, IASetVertexBuffers, 
14214, 13372, IASetIndexBuffer, 
14215, 13372, SetGraphicsRootConstantBufferView, 
14216, 13372, SetGraphicsRoot32BitConstants, 
14217, 13372, DrawIndexedInstanced, 1539
14218, 13372, IASetVertexBuffers, 
14219, 13372, IASetIndexBuffer, 
14220, 13372, SetGraphicsRootConstantBufferView, 
14221, 13372, SetGraphicsRoot32BitConstants, 
14222, 13372, DrawIndexedInstanced, 1540
14223, 13372, IASetVertexBuffers, 
14224, 13372, IASetIndexBuffer, 
14225, 13372, SetGraphicsRootConstantBufferView, 
14226, 13372, SetGraphicsRoot32BitConstants, 
14227, 13372, DrawIndexedInstanced, 1541
14228, 13372, IASetVertexBuffers, 
14229, 13372, IASetIndexBuffer, 
14230, 13372, SetGraphicsRootConstantBufferView, 
14231, 13372, SetGraphicsRoot32BitConstants, 
14232, 13372, DrawIndexedInstanced, 1542
14233, 13372, IASetVertexBuffers, 
14234, 13372, IASetIndexBuffer, 
14235, 13372, SetGraphicsRootConstantBufferView, 
14236, 13372, SetGraphicsRoot32BitConstants, 
14237, 13372, DrawIndexedInstanced, 1543
14238, 13372, IASetVertexBuffers, 
14239, 13372, IASetIndexBuffer, 
14240, 13372, SetGraphicsRootConstantBufferView, 
14241, 13372, SetGraphicsRoot32BitConstants, 
14242, 13372, DrawIndexedInstanced, 1544
14243, 13372, IASetVertexBuffers, 
14244, 13372, IASetIndexBuffer, 
14245, 13372, SetGraphicsRootConstantBufferView, 
14246, 13372, SetGraphicsRoot32BitConstants, 
14247, 13372, DrawIndexedInstanced, 1545
14248, 13372, IASetVertexBuffers, 
14249, 13372, IASetIndexBuffer, 
14250, 13372, SetGraphicsRootConstantBufferView, 
14251, 13372, SetGraphicsRoot32BitConstants, 
14252, 13372, DrawIndexedInstanced, 1546
14253, 13372, IASetVertexBuffers, 
14254, 13372, IASetIndexBuffer, 
14255, 13372, SetGraphicsRootConstantBufferView, 
14256, 13372, SetGraphicsRoot32BitConstants, 
14257, 13372, DrawIndexedInstanced, 1547
14258, 13372, IASetVertexBuffers, 
14259, 13372, IASetIndexBuffer, 
14260, 13372, SetGraphicsRootConstantBufferView, 
14261, 13372, SetGraphicsRoot32BitConstants, 
14262, 13372, DrawIndexedInstanced, 1548
14263, 13372, IASetVertexBuffers, 
14264, 13372, IASetIndexBuffer, 
14265, 13372, SetGraphicsRootConstantBufferView, 
14266, 13372, SetGraphicsRoot32BitConstants, 
14267, 13372, DrawIndexedInstanced, 1549
14268, 13372, IASetVertexBuffers, 
14269, 13372, IASetIndexBuffer, 
14270, 13372, SetGraphicsRootConstantBufferView, 
14271, 13372, SetGraphicsRoot32BitConstants, 
14272, 13372, DrawIndexedInstanced, 1550
14273, 13372, IASetVertexBuffers, 
14274, 13372, IASetIndexBuffer, 
14275, 13372, SetGraphicsRootConstantBufferView, 
14276, 13372, SetGraphicsRoot32BitConstants, 
14277, 13372, DrawIndexedInstanced, 1551
14278, 13372, IASetVertexBuffers, 
14279, 13372, IASetIndexBuffer, 
14280, 13372, SetGraphicsRootConstantBufferView, 
14281, 13372, SetGraphicsRoot32BitConstants, 
14282, 13372, DrawIndexedInstanced, 1552
14283, 13372, IASetVertexBuffers, 
14284, 13372, IASetIndexBuffer, 
14285, 13372, SetGraphicsRootConstantBufferView, 
14286, 13372, SetGraphicsRoot32BitConstants, 
14287, 13372, DrawIndexedInstanced, 1553
14288, 13372, IASetVertexBuffers, 
14289, 13372, IASetIndexBuffer, 
14290, 13372, SetGraphicsRootConstantBufferView, 
14291, 13372, SetGraphicsRoot32BitConstants, 
14292, 13372, DrawIndexedInstanced, 1554
14293, 13372, IASetVertexBuffers, 
14294, 13372, IASetIndexBuffer, 
14295, 13372, SetGraphicsRootConstantBufferView, 
14296, 13372, SetGraphicsRoot32BitConstants, 
14297, 13372, DrawIndexedInstanced, 1555
14298, 13372, IASetVertexBuffers, 
14299, 13372, IASetIndexBuffer, 
14300, 13372, SetGraphicsRootConstantBufferView, 
14301, 13372, SetGraphicsRoot32BitConstants, 
14302, 13372, DrawIndexedInstanced, 1556
14303, 13372, IASetVertexBuffers, 
14304, 13372, IASetIndexBuffer, 
14305, 13372, SetGraphicsRootConstantBufferView, 
14306, 13372, SetGraphicsRoot32BitConstants, 
14307, 13372, DrawIndexedInstanced, 1557
14308, 13372, IASetVertexBuffers, 
14309, 13372, IASetIndexBuffer, 
14310, 13372, SetGraphicsRootConstantBufferView, 
14311, 13372, SetGraphicsRoot32BitConstants, 
14312, 13372, DrawIndexedInstanced, 1558
14313, 13372, IASetVertexBuffers, 
14314, 13372, IASetIndexBuffer, 
14315, 13372, SetGraphicsRootConstantBufferView, 
14316, 13372, SetGraphicsRoot32BitConstants, 
14317, 13372, DrawIndexedInstanced, 1559
14318, 13372, IASetVertexBuffers, 
14319, 13372, IASetIndexBuffer, 
14320, 13372, SetGraphicsRootConstantBufferView, 
14321, 13372, SetGraphicsRoot32BitConstants, 
14322, 13372, DrawIndexedInstanced, 1560
14323, 13372, IASetVertexBuffers, 
14324, 13372, IASetIndexBuffer, 
14325, 13372, SetGraphicsRootConstantBufferView, 
14326, 13372, SetGraphicsRoot32BitConstants, 
14327, 13372, DrawIndexedInstanced, 1561
14328, 13372, IASetVertexBuffers, 
14329, 13372, IASetIndexBuffer, 
14330, 13372, SetGraphicsRootConstantBufferView, 
14331, 13372, SetGraphicsRoot32BitConstants, 
14332, 13372, DrawIndexedInstanced, 1562
14333, 13372, IASetVertexBuffers, 
14334, 13372, IASetIndexBuffer, 
14335, 13372, SetGraphicsRootConstantBufferView, 
14336, 13372, SetGraphicsRoot32BitConstants, 
14337, 13372, DrawIndexedInstanced, 1563
14338, 13372, IASetVertexBuffers, 
14339, 13372, IASetIndexBuffer, 
14340, 13372, SetGraphicsRootConstantBufferView, 
14341, 13372, SetGraphicsRoot32BitConstants, 
14342, 13372, DrawIndexedInstanced, 1564
14343, 13372, IASetVertexBuffers, 
14344, 13372, IASetIndexBuffer, 
14345, 13372, SetGraphicsRootConstantBufferView, 
14346, 13372, SetGraphicsRoot32BitConstants, 
14347, 13372, DrawIndexedInstanced, 1565
14348, 13372, IASetVertexBuffers, 
14349, 13372, IASetIndexBuffer, 
14350, 13372, SetGraphicsRootConstantBufferView, 
14351, 13372, SetGraphicsRoot32BitConstants, 
14352, 13372, DrawIndexedInstanced, 1566
14353, 13372, IASetVertexBuffers, 
14354, 13372, IASetIndexBuffer, 
14355, 13372, SetGraphicsRootConstantBufferView, 
14356, 13372, SetGraphicsRoot32BitConstants, 
14357, 13372, DrawIndexedInstanced, 1567
14358, 13372, IASetVertexBuffers, 
14359, 13372, IASetIndexBuffer, 
14360, 13372, SetGraphicsRootConstantBufferView, 
14361, 13372, SetGraphicsRoot32BitConstants, 
14362, 13372, DrawIndexedInstanced, 1568
14363, 13372, IASetVertexBuffers, 
14364, 13372, IASetIndexBuffer, 
14365, 13372, SetGraphicsRootConstantBufferView, 
14366, 13372, SetGraphicsRoot32BitConstants, 
14367, 13372, DrawIndexedInstanced, 1569
14368, 13372, IASetVertexBuffers, 
14369, 13372, IASetIndexBuffer, 
14370, 13372, SetGraphicsRootConstantBufferView, 
14371, 13372, SetGraphicsRoot32BitConstants, 
14372, 13372, DrawIndexedInstanced, 1570
14373, 13372, IASetVertexBuffers, 
14374, 13372, IASetIndexBuffer, 
14375, 13372, SetGraphicsRootConstantBufferView, 
14376, 13372, SetGraphicsRoot32BitConstants, 
14377, 13372, DrawIndexedInstanced, 1571
14378, 13372, IASetVertexBuffers, 
14379, 13372, IASetIndexBuffer, 
14380, 13372, SetGraphicsRootConstantBufferView, 
14381, 13372, SetGraphicsRoot32BitConstants, 
14382, 13372, DrawIndexedInstanced, 1572
14383, 13372, IASetVertexBuffers, 
14384, 13372, IASetIndexBuffer, 
14385, 13372, SetGraphicsRootConstantBufferView, 
14386, 13372, SetGraphicsRoot32BitConstants, 
14387, 13372, DrawIndexedInstanced, 1573
14388, 13372, IASetVertexBuffers, 
14389, 13372, IASetIndexBuffer, 
14390, 13372, SetGraphicsRootConstantBufferView, 
14391, 13372, SetGraphicsRoot32BitConstants, 
14392, 13372, DrawIndexedInstanced, 1574
14393, 13372, IASetVertexBuffers, 
14394, 13372, IASetIndexBuffer, 
14395, 13372, SetGraphicsRootConstantBufferView, 
14396, 13372, SetGraphicsRoot32BitConstants, 
14397, 13372, DrawIndexedInstanced, 1575
14398, 13372, IASetVertexBuffers, 
14399, 13372, IASetIndexBuffer, 
14400, 13372, SetGraphicsRootConstantBufferView, 
14401, 13372, SetGraphicsRoot32BitConstants, 
14402, 13372, DrawIndexedInstanced, 1576
14403, 13372, IASetVertexBuffers, 
14404, 13372, IASetIndexBuffer, 
14405, 13372, SetGraphicsRootConstantBufferView, 
14406, 13372, SetGraphicsRoot32BitConstants, 
14407, 13372, DrawIndexedInstanced, 1577
14408, 13372, IASetVertexBuffers, 
14409, 13372, IASetIndexBuffer, 
14410, 13372, SetGraphicsRootConstantBufferView, 
14411, 13372, SetGraphicsRoot32BitConstants, 
14412, 13372, DrawIndexedInstanced, 1578
14413, 13372, IASetVertexBuffers, 
14414, 13372, IASetIndexBuffer, 
14415, 13372, SetGraphicsRootConstantBufferView, 
14416, 13372, SetGraphicsRoot32BitConstants, 
14417, 13372, DrawIndexedInstanced, 1579
14418, 13372, IASetVertexBuffers, 
14419, 13372, IASetIndexBuffer, 
14420, 13372, SetGraphicsRootConstantBufferView, 
14421, 13372, SetGraphicsRoot32BitConstants, 
14422, 13372, DrawIndexedInstanced, 1580
14423, 13372, IASetVertexBuffers, 
14424, 13372, IASetIndexBuffer, 
14425, 13372, SetGraphicsRootConstantBufferView, 
14426, 13372, SetGraphicsRoot32BitConstants, 
14427, 13372, DrawIndexedInstanced, 1581
14428, 13372, IASetVertexBuffers, 
14429, 13372, IASetIndexBuffer, 
14430, 13372, SetGraphicsRootConstantBufferView, 
14431, 13372, SetGraphicsRoot32BitConstants, 
14432, 13372, DrawIndexedInstanced, 1582
14433, 13372, IASetVertexBuffers, 
14434, 13372, IASetIndexBuffer, 
14435, 13372, SetGraphicsRootConstantBufferView, 
14436, 13372, SetGraphicsRoot32BitConstants, 
14437, 13372, DrawIndexedInstanced, 1583
14438, 13372, IASetVertexBuffers, 
14439, 13372, IASetIndexBuffer, 
14440, 13372, SetGraphicsRootConstantBufferView, 
14441, 13372, SetGraphicsRoot32BitConstants, 
14442, 13372, DrawIndexedInstanced, 1584
14443, 13372, IASetVertexBuffers, 
14444, 13372, IASetIndexBuffer, 
14445, 13372, SetGraphicsRootConstantBufferView, 
14446, 13372, SetGraphicsRoot32BitConstants, 
14447, 13372, DrawIndexedInstanced, 1585
14448, 13372, IASetVertexBuffers, 
14449, 13372, IASetIndexBuffer, 
14450, 13372, SetGraphicsRootConstantBufferView, 
14451, 13372, SetGraphicsRoot32BitConstants, 
14452, 13372, DrawIndexedInstanced, 1586
14453, 13372, IASetVertexBuffers, 
14454, 13372, IASetIndexBuffer, 
14455, 13372, SetGraphicsRootConstantBufferView, 
14456, 13372, SetGraphicsRoot32BitConstants, 
14457, 13372, DrawIndexedInstanced, 1587
14458, 13372, IASetVertexBuffers, 
14459, 13372, IASetIndexBuffer, 
14460, 13372, SetGraphicsRootConstantBufferView, 
14461, 13372, SetGraphicsRoot32BitConstants, 
14462, 13372, DrawIndexedInstanced, 1588
14463, 13372, IASetVertexBuffers, 
14464, 13372, IASetIndexBuffer, 
14465, 13372, SetGraphicsRootConstantBufferView, 
14466, 13372, SetGraphicsRoot32BitConstants, 
14467, 13372, DrawIndexedInstanced, 1589
14468, 13372, IASetVertexBuffers, 
14469, 13372, IASetIndexBuffer, 
14470, 13372, SetGraphicsRootConstantBufferView, 
14471, 13372, SetGraphicsRoot32BitConstants, 
14472, 13372, DrawIndexedInstanced, 1590
14473, 13372, IASetVertexBuffers, 
14474, 13372, IASetIndexBuffer, 
14475, 13372, SetGraphicsRootConstantBufferView, 
14476, 13372, SetGraphicsRoot32BitConstants, 
14477, 13372, DrawIndexedInstanced, 1591
14478, 13372, IASetVertexBuffers, 
14479, 13372, IASetIndexBuffer, 
14480, 13372, SetGraphicsRootConstantBufferView, 
14481, 13372, SetGraphicsRoot32BitConstants, 
14482, 13372, DrawIndexedInstanced, 1592
14483, 13372, IASetVertexBuffers, 
14484, 13372, IASetIndexBuffer, 
14485, 13372, SetGraphicsRootConstantBufferView, 
14486, 13372, SetGraphicsRoot32BitConstants, 
14487, 13372, DrawIndexedInstanced, 1593
14488, 13372, IASetVertexBuffers, 
14489, 13372, IASetIndexBuffer, 
14490, 13372, SetGraphicsRootConstantBufferView, 
14491, 13372, SetGraphicsRoot32BitConstants, 
14492, 13372, DrawIndexedInstanced, 1594
14493, 13372, IASetVertexBuffers, 
14494, 13372, IASetIndexBuffer, 
14495, 13372, SetGraphicsRootConstantBufferView, 
14496, 13372, SetGraphicsRoot32BitConstants, 
14497, 13372, DrawIndexedInstanced, 1595
14498, 13372, IASetVertexBuffers, 
14499, 13372, IASetIndexBuffer, 
14500, 13372, SetGraphicsRootConstantBufferView, 
14501, 13372, SetGraphicsRoot32BitConstants, 
14502, 13372, DrawIndexedInstanced, 1596
14503, 13372, IASetVertexBuffers, 
14504, 13372, IASetIndexBuffer, 
14505, 13372, SetGraphicsRootConstantBufferView, 
14506, 13372, SetGraphicsRoot32BitConstants, 
14507, 13372, DrawIndexedInstanced, 1597
14508, 13372, IASetVertexBuffers, 
14509, 13372, IASetIndexBuffer, 
14510, 13372, SetGraphicsRootConstantBufferView, 
14511, 13372, SetGraphicsRoot32BitConstants, 
14512, 13372, DrawIndexedInstanced, 1598
14513, 13372, IASetVertexBuffers, 
14514, 13372, IASetIndexBuffer, 
14515, 13372, SetGraphicsRootConstantBufferView, 
14516, 13372, SetGraphicsRoot32BitConstants, 
14517, 13372, DrawIndexedInstanced, 1599
14518, 13372, IASetVertexBuffers, 
14519, 13372, IASetIndexBuffer, 
14520, 13372, SetGraphicsRootConstantBufferView, 
14521, 13372, SetGraphicsRoot32BitConstants, 
14522, 13372, DrawIndexedInstanced, 1600
14523, 13372, IASetVertexBuffers, 
14524, 13372, IASetIndexBuffer, 
14525, 13372, SetGraphicsRootConstantBufferView, 
14526, 13372, SetGraphicsRoot32BitConstants, 
14527, 13372, DrawIndexedInstanced, 1601
14528, 13372, IASetVertexBuffers, 
14529, 13372, IASetIndexBuffer, 
14530, 13372, SetGraphicsRootConstantBufferView, 
14531, 13372, SetGraphicsRoot32BitConstants, 
14532, 13372, DrawIndexedInstanced, 1602
14533, 13372, IASetVertexBuffers, 
14534, 13372, IASetIndexBuffer, 
14535, 13372, SetGraphicsRootConstantBufferView, 
14536, 13372, SetGraphicsRoot32BitConstants, 
14537, 13372, DrawIndexedInstanced, 1603
14538, 13372, IASetVertexBuffers, 
14539, 13372, IASetIndexBuffer, 
14540, 13372, SetGraphicsRootConstantBufferView, 
14541, 13372, SetGraphicsRoot32BitConstants, 
14542, 13372, DrawIndexedInstanced, 1604
14543, 13372, IASetVertexBuffers, 
14544, 13372, IASetIndexBuffer, 
14545, 13372, SetGraphicsRootConstantBufferView, 
14546, 13372, SetGraphicsRoot32BitConstants, 
14547, 13372, DrawIndexedInstanced, 1605
14548, 13372, IASetVertexBuffers, 
14549, 13372, IASetIndexBuffer, 
14550, 13372, SetGraphicsRootConstantBufferView, 
14551, 13372, SetGraphicsRoot32BitConstants, 
14552, 13372, DrawIndexedInstanced, 1606
14553, 13372, IASetVertexBuffers, 
14554, 13372, IASetIndexBuffer, 
14555, 13372, SetGraphicsRootConstantBufferView, 
14556, 13372, SetGraphicsRoot32BitConstants, 
14557, 13372, DrawIndexedInstanced, 1607
14558, 13372, IASetVertexBuffers, 
14559, 13372, IASetIndexBuffer, 
14560, 13372, SetGraphicsRootConstantBufferView, 
14561, 13372, SetGraphicsRoot32BitConstants, 
14562, 13372, DrawIndexedInstanced, 1608
14563, 13372, IASetVertexBuffers, 
14564, 13372, IASetIndexBuffer, 
14565, 13372, SetGraphicsRootConstantBufferView, 
14566, 13372, SetGraphicsRoot32BitConstants, 
14567, 13372, DrawIndexedInstanced, 1609
14568, 13372, IASetVertexBuffers, 
14569, 13372, IASetIndexBuffer, 
14570, 13372, SetGraphicsRootConstantBufferView, 
14571, 13372, SetGraphicsRoot32BitConstants, 
14572, 13372, DrawIndexedInstanced, 1610
14573, 13372, IASetVertexBuffers, 
14574, 13372, IASetIndexBuffer, 
14575, 13372, SetGraphicsRootConstantBufferView, 
14576, 13372, SetGraphicsRoot32BitConstants, 
14577, 13372, DrawIndexedInstanced, 1611
14578, 13372, IASetVertexBuffers, 
14579, 13372, IASetIndexBuffer, 
14580, 13372, SetGraphicsRootConstantBufferView, 
14581, 13372, SetGraphicsRoot32BitConstants, 
14582, 13372, DrawIndexedInstanced, 1612
14583, 13372, IASetVertexBuffers, 
14584, 13372, IASetIndexBuffer, 
14585, 13372, SetGraphicsRootConstantBufferView, 
14586, 13372, SetGraphicsRoot32BitConstants, 
14587, 13372, DrawIndexedInstanced, 1613
14588, 13372, IASetVertexBuffers, 
14589, 13372, IASetIndexBuffer, 
14590, 13372, SetGraphicsRootConstantBufferView, 
14591, 13372, SetGraphicsRoot32BitConstants, 
14592, 13372, DrawIndexedInstanced, 1614
14593, 13372, IASetVertexBuffers, 
14594, 13372, IASetIndexBuffer, 
14595, 13372, SetGraphicsRootConstantBufferView, 
14596, 13372, SetGraphicsRoot32BitConstants, 
14597, 13372, DrawIndexedInstanced, 1615
14598, 13372, IASetVertexBuffers, 
14599, 13372, IASetIndexBuffer, 
14600, 13372, SetGraphicsRootConstantBufferView, 
14601, 13372, SetGraphicsRoot32BitConstants, 
14602, 13372, DrawIndexedInstanced, 1616
14603, 13372, IASetVertexBuffers, 
14604, 13372, IASetIndexBuffer, 
14605, 13372, SetGraphicsRootConstantBufferView, 
14606, 13372, SetGraphicsRoot32BitConstants, 
14607, 13372, DrawIndexedInstanced, 1617
14608, 13372, IASetVertexBuffers, 
14609, 13372, IASetIndexBuffer, 
14610, 13372, SetGraphicsRootConstantBufferView, 
14611, 13372, SetGraphicsRoot32BitConstants, 
14612, 13372, DrawIndexedInstanced, 1618
14613, 13372, IASetVertexBuffers, 
14614, 13372, IASetIndexBuffer, 
14615, 13372, SetGraphicsRootConstantBufferView, 
14616, 13372, SetGraphicsRoot32BitConstants, 
14617, 13372, DrawIndexedInstanced, 1619
14618, 13372, IASetVertexBuffers, 
14619, 13372, IASetIndexBuffer, 
14620, 13372, SetGraphicsRootConstantBufferView, 
14621, 13372, SetGraphicsRoot32BitConstants, 
14622, 13372, DrawIndexedInstanced, 1620
14623, 13372, IASetVertexBuffers, 
14624, 13372, IASetIndexBuffer, 
14625, 13372, SetGraphicsRootConstantBufferView, 
14626, 13372, SetGraphicsRoot32BitConstants, 
14627, 13372, DrawIndexedInstanced, 1621
14628, 13372, IASetVertexBuffers, 
14629, 13372, IASetIndexBuffer, 
14630, 13372, SetGraphicsRootConstantBufferView, 
14631, 13372, SetGraphicsRoot32BitConstants, 
14632, 13372, DrawIndexedInstanced, 1622
14633, 13372, IASetVertexBuffers, 
14634, 13372, IASetIndexBuffer, 
14635, 13372, SetGraphicsRootConstantBufferView, 
14636, 13372, SetGraphicsRoot32BitConstants, 
14637, 13372, DrawIndexedInstanced, 1623
14638, 13372, IASetVertexBuffers, 
14639, 13372, IASetIndexBuffer, 
14640, 13372, SetGraphicsRootConstantBufferView, 
14641, 13372, SetGraphicsRoot32BitConstants, 
14642, 13372, DrawIndexedInstanced, 1624
14643, 13372, IASetVertexBuffers, 
14644, 13372, IASetIndexBuffer, 
14645, 13372, SetGraphicsRootConstantBufferView, 
14646, 13372, SetGraphicsRoot32BitConstants, 
14647, 13372, DrawIndexedInstanced, 1625
14648, 13372, IASetVertexBuffers, 
14649, 13372, IASetIndexBuffer, 
14650, 13372, SetGraphicsRootConstantBufferView, 
14651, 13372, SetGraphicsRoot32BitConstants, 
14652, 13372, DrawIndexedInstanced, 1626
14653, 13372, IASetVertexBuffers, 
14654, 13372, IASetIndexBuffer, 
14655, 13372, SetGraphicsRootConstantBufferView, 
14656, 13372, SetGraphicsRoot32BitConstants, 
14657, 13372, DrawIndexedInstanced, 1627
14658, 13372, IASetVertexBuffers, 
14659, 13372, IASetIndexBuffer, 
14660, 13372, SetGraphicsRootConstantBufferView, 
14661, 13372, SetGraphicsRoot32BitConstants, 
14662, 13372, DrawIndexedInstanced, 1628
14663, 13372, IASetVertexBuffers, 
14664, 13372, IASetIndexBuffer, 
14665, 13372, SetGraphicsRootConstantBufferView, 
14666, 13372, SetGraphicsRoot32BitConstants, 
14667, 13372, DrawIndexedInstanced, 1629
14668, 13372, IASetVertexBuffers, 
14669, 13372, IASetIndexBuffer, 
14670, 13372, SetGraphicsRootConstantBufferView, 
14671, 13372, SetGraphicsRoot32BitConstants, 
14672, 13372, DrawIndexedInstanced, 1630
14673, 13372, IASetVertexBuffers, 
14674, 13372, IASetIndexBuffer, 
14675, 13372, SetGraphicsRootConstantBufferView, 
14676, 13372, SetGraphicsRoot32BitConstants, 
14677, 13372, DrawIndexedInstanced, 1631
14678, 13372, IASetVertexBuffers, 
14679, 13372, IASetIndexBuffer, 
14680, 13372, SetGraphicsRootConstantBufferView, 
14681, 13372, SetGraphicsRoot32BitConstants, 
14682, 13372, DrawIndexedInstanced, 1632
14683, 13372, IASetVertexBuffers, 
14684, 13372, IASetIndexBuffer, 
14685, 13372, SetGraphicsRootConstantBufferView, 
14686, 13372, SetGraphicsRoot32BitConstants, 
14687, 13372, DrawIndexedInstanced, 1633
14688, 13372, IASetVertexBuffers, 
14689, 13372, IASetIndexBuffer, 
14690, 13372, SetGraphicsRootConstantBufferView, 
14691, 13372, SetGraphicsRoot32BitConstants, 
14692, 13372, DrawIndexedInstanced, 1634
14693, 13372, IASetVertexBuffers, 
14694, 13372, IASetIndexBuffer, 
14695, 13372, SetGraphicsRootConstantBufferView, 
14696, 13372, SetGraphicsRoot32BitConstants, 
14697, 13372, DrawIndexedInstanced, 1635
14698, 13372, IASetVertexBuffers, 
14699, 13372, IASetIndexBuffer, 
14700, 13372, SetGraphicsRootConstantBufferView, 
14701, 13372, SetGraphicsRoot32BitConstants, 
14702, 13372, DrawIndexedInstanced, 1636
14703, 13372, IASetVertexBuffers, 
14704, 13372, IASetIndexBuffer, 
14705, 13372, SetGraphicsRootConstantBufferView, 
14706, 13372, SetGraphicsRoot32BitConstants, 
14707, 13372, DrawIndexedInstanced, 1637
14708, 13372, IASetVertexBuffers, 
14709, 13372, IASetIndexBuffer, 
14710, 13372, SetGraphicsRootConstantBufferView, 
14711, 13372, SetGraphicsRoot32BitConstants, 
14712, 13372, DrawIndexedInstanced, 1638
14713, 13372, IASetVertexBuffers, 
14714, 13372, IASetIndexBuffer, 
14715, 13372, SetGraphicsRootConstantBufferView, 
14716, 13372, SetGraphicsRoot32BitConstants, 
14717, 13372, DrawIndexedInstanced, 1639
14718, 13372, IASetVertexBuffers, 
14719, 13372, IASetIndexBuffer, 
14720, 13372, SetGraphicsRootConstantBufferView, 
14721, 13372, SetGraphicsRoot32BitConstants, 
14722, 13372, DrawIndexedInstanced, 1640
14723, 13372, IASetVertexBuffers, 
14724, 13372, IASetIndexBuffer, 
14725, 13372, SetGraphicsRootConstantBufferView, 
14726, 13372, SetGraphicsRoot32BitConstants, 
14727, 13372, DrawIndexedInstanced, 1641
14728, 13372, IASetVertexBuffers, 
14729, 13372, IASetIndexBuffer, 
14730, 13372, SetGraphicsRootConstantBufferView, 
14731, 13372, SetGraphicsRoot32BitConstants, 
14732, 13372, DrawIndexedInstanced, 1642
14733, 13372, IASetVertexBuffers, 
14734, 13372, IASetIndexBuffer, 
14735, 13372, SetGraphicsRootConstantBufferView, 
14736, 13372, SetGraphicsRoot32BitConstants, 
14737, 13372, DrawIndexedInstanced, 1643
14738, 13372, IASetVertexBuffers, 
14739, 13372, IASetIndexBuffer, 
14740, 13372, SetGraphicsRootConstantBufferView, 
14741, 13372, SetGraphicsRoot32BitConstants, 
14742, 13372, DrawIndexedInstanced, 1644
14743, 13372, IASetVertexBuffers, 
14744, 13372, IASetIndexBuffer, 
14745, 13372, SetGraphicsRootConstantBufferView, 
14746, 13372, SetGraphicsRoot32BitConstants, 
14747, 13372, DrawIndexedInstanced, 1645
14748, 13372, IASetVertexBuffers, 
14749, 13372, IASetIndexBuffer, 
14750, 13372, SetGraphicsRootConstantBufferView, 
14751, 13372, SetGraphicsRoot32BitConstants, 
14752, 13372, DrawIndexedInstanced, 1646
14753, 13372, IASetVertexBuffers, 
14754, 13372, IASetIndexBuffer, 
14755, 13372, SetGraphicsRootConstantBufferView, 
14756, 13372, SetGraphicsRoot32BitConstants, 
14757, 13372, DrawIndexedInstanced, 1647
14758, 13372, IASetVertexBuffers, 
14759, 13372, IASetIndexBuffer, 
14760, 13372, SetGraphicsRootConstantBufferView, 
14761, 13372, SetGraphicsRoot32BitConstants, 
14762, 13372, DrawIndexedInstanced, 1648
14763, 13372, IASetVertexBuffers, 
14764, 13372, IASetIndexBuffer, 
14765, 13372, SetGraphicsRootConstantBufferView, 
14766, 13372, SetGraphicsRoot32BitConstants, 
14767, 13372, DrawIndexedInstanced, 1649
14768, 13372, IASetVertexBuffers, 
14769, 13372, IASetIndexBuffer, 
14770, 13372, SetGraphicsRootConstantBufferView, 
14771, 13372, SetGraphicsRoot32BitConstants, 
14772, 13372, DrawIndexedInstanced, 1650
14773, 13372, IASetVertexBuffers, 
14774, 13372, IASetIndexBuffer, 
14775, 13372, SetGraphicsRootConstantBufferView, 
14776, 13372, SetGraphicsRoot32BitConstants, 
14777, 13372, DrawIndexedInstanced, 1651
14778, 13372, IASetVertexBuffers, 
14779, 13372, IASetIndexBuffer, 
14780, 13372, SetGraphicsRootConstantBufferView, 
14781, 13372, SetGraphicsRoot32BitConstants, 
14782, 13372, DrawIndexedInstanced, 1652
14783, 13372, IASetVertexBuffers, 
14784, 13372, IASetIndexBuffer, 
14785, 13372, SetGraphicsRootConstantBufferView, 
14786, 13372, SetGraphicsRoot32BitConstants, 
14787, 13372, DrawIndexedInstanced, 1653
14788, 13372, IASetVertexBuffers, 
14789, 13372, IASetIndexBuffer, 
14790, 13372, SetGraphicsRootConstantBufferView, 
14791, 13372, SetGraphicsRoot32BitConstants, 
14792, 13372, DrawIndexedInstanced, 1654
14793, 13372, IASetVertexBuffers, 
14794, 13372, IASetIndexBuffer, 
14795, 13372, SetGraphicsRootConstantBufferView, 
14796, 13372, SetGraphicsRoot32BitConstants, 
14797, 13372, DrawIndexedInstanced, 1655
14798, 13372, IASetVertexBuffers, 
14799, 13372, IASetIndexBuffer, 
14800, 13372, SetGraphicsRootConstantBufferView, 
14801, 13372, SetGraphicsRoot32BitConstants, 
14802, 13372, DrawIndexedInstanced, 1656
14803, 13372, IASetVertexBuffers, 
14804, 13372, IASetIndexBuffer, 
14805, 13372, SetGraphicsRootConstantBufferView, 
14806, 13372, SetGraphicsRoot32BitConstants, 
14807, 13372, DrawIndexedInstanced, 1657
14808, 13372, IASetVertexBuffers, 
14809, 13372, IASetIndexBuffer, 
14810, 13372, SetGraphicsRootConstantBufferView, 
14811, 13372, SetGraphicsRoot32BitConstants, 
14812, 13372, DrawIndexedInstanced, 1658
14813, 13372, IASetVertexBuffers, 
14814, 13372, IASetIndexBuffer, 
14815, 13372, SetGraphicsRootConstantBufferView, 
14816, 13372, SetGraphicsRoot32BitConstants, 
14817, 13372, DrawIndexedInstanced, 1659
14818, 13372, IASetVertexBuffers, 
14819, 13372, IASetIndexBuffer, 
14820, 13372, SetGraphicsRootConstantBufferView, 
14821, 13372, SetGraphicsRoot32BitConstants, 
14822, 13372, DrawIndexedInstanced, 1660
14823, 13372, IASetVertexBuffers, 
14824, 13372, IASetIndexBuffer, 
14825, 13372, SetGraphicsRootConstantBufferView, 
14826, 13372, SetGraphicsRoot32BitConstants, 
14827, 13372, DrawIndexedInstanced, 1661
14828, 13372, IASetVertexBuffers, 
14829, 13372, IASetIndexBuffer, 
14830, 13372, SetGraphicsRootConstantBufferView, 
14831, 13372, SetGraphicsRoot32BitConstants, 
14832, 13372, DrawIndexedInstanced, 1662
14833, 13372, IASetVertexBuffers, 
14834, 13372, IASetIndexBuffer, 
14835, 13372, SetGraphicsRootConstantBufferView, 
14836, 13372, SetGraphicsRoot32BitConstants, 
14837, 13372, DrawIndexedInstanced, 1663
14838, 13372, IASetVertexBuffers, 
14839, 13372, IASetIndexBuffer, 
14840, 13372, SetGraphicsRootConstantBufferView, 
14841, 13372, SetGraphicsRoot32BitConstants, 
14842, 13372, DrawIndexedInstanced, 1664
14843, 13372, IASetVertexBuffers, 
14844, 13372, IASetIndexBuffer, 
14845, 13372, SetGraphicsRootConstantBufferView, 
14846, 13372, SetGraphicsRoot32BitConstants, 
14847, 13372, DrawIndexedInstanced, 1665
14848, 13372, IASetVertexBuffers, 
14849, 13372, IASetIndexBuffer, 
14850, 13372, SetGraphicsRootConstantBufferView, 
14851, 13372, SetGraphicsRoot32BitConstants, 
14852, 13372, DrawIndexedInstanced, 1666
14853, 13372, IASetVertexBuffers, 
14854, 13372, IASetIndexBuffer, 
14855, 13372, SetGraphicsRootConstantBufferView, 
14856, 13372, SetGraphicsRoot32BitConstants, 
14857, 13372, DrawIndexedInstanced, 1667
14858, 13372, IASetVertexBuffers, 
14859, 13372, IASetIndexBuffer, 
14860, 13372, SetGraphicsRootConstantBufferView, 
14861, 13372, SetGraphicsRoot32BitConstants, 
14862, 13372, DrawIndexedInstanced, 1668
14863, 13372, IASetVertexBuffers, 
14864, 13372, IASetIndexBuffer, 
14865, 13372, SetGraphicsRootConstantBufferView, 
14866, 13372, SetGraphicsRoot32BitConstants, 
14867, 13372, DrawIndexedInstanced, 1669
14868, 13372, IASetVertexBuffers, 
14869, 13372, IASetIndexBuffer, 
14870, 13372, SetGraphicsRootConstantBufferView, 
14871, 13372, SetGraphicsRoot32BitConstants, 
14872, 13372, DrawIndexedInstanced, 1670
14873, 13372, IASetVertexBuffers, 
14874, 13372, IASetIndexBuffer, 
14875, 13372, SetGraphicsRootConstantBufferView, 
14876, 13372, SetGraphicsRoot32BitConstants, 
14877, 13372, DrawIndexedInstanced, 1671
14878, 13372, IASetVertexBuffers, 
14879, 13372, IASetIndexBuffer, 
14880, 13372, SetGraphicsRootConstantBufferView, 
14881, 13372, SetGraphicsRoot32BitConstants, 
14882, 13372, DrawIndexedInstanced, 1672
14883, 13372, IASetVertexBuffers, 
14884, 13372, IASetIndexBuffer, 
14885, 13372, SetGraphicsRootConstantBufferView, 
14886, 13372, SetGraphicsRoot32BitConstants, 
14887, 13372, DrawIndexedInstanced, 1673
14888, 13372, IASetVertexBuffers, 
14889, 13372, IASetIndexBuffer, 
14890, 13372, SetGraphicsRootConstantBufferView, 
14891, 13372, SetGraphicsRoot32BitConstants, 
14892, 13372, DrawIndexedInstanced, 1674
14893, 13372, IASetVertexBuffers, 
14894, 13372, IASetIndexBuffer, 
14895, 13372, SetGraphicsRootConstantBufferView, 
14896, 13372, SetGraphicsRoot32BitConstants, 
14897, 13372, DrawIndexedInstanced, 1675
14898, 13372, IASetVertexBuffers, 
14899, 13372, IASetIndexBuffer, 
14900, 13372, SetGraphicsRootConstantBufferView, 
14901, 13372, SetGraphicsRoot32BitConstants, 
14902, 13372, DrawIndexedInstanced, 1676
14903, 13372, IASetVertexBuffers, 
14904, 13372, IASetIndexBuffer, 
14905, 13372, SetGraphicsRootConstantBufferView, 
14906, 13372, SetGraphicsRoot32BitConstants, 
14907, 13372, DrawIndexedInstanced, 1677
14908, 13372, IASetVertexBuffers, 
14909, 13372, IASetIndexBuffer, 
14910, 13372, SetGraphicsRootConstantBufferView, 
14911, 13372, SetGraphicsRoot32BitConstants, 
14912, 13372, DrawIndexedInstanced, 1678
14913, 13372, IASetVertexBuffers, 
14914, 13372, IASetIndexBuffer, 
14915, 13372, SetGraphicsRootConstantBufferView, 
14916, 13372, SetGraphicsRoot32BitConstants, 
14917, 13372, DrawIndexedInstanced, 1679
14918, 13372, IASetVertexBuffers, 
14919, 13372, IASetIndexBuffer, 
14920, 13372, SetGraphicsRootConstantBufferView, 
14921, 13372, SetGraphicsRoot32BitConstants, 
14922, 13372, DrawIndexedInstanced, 1680
14923, 13372, IASetVertexBuffers, 
14924, 13372, IASetIndexBuffer, 
14925, 13372, SetGraphicsRootConstantBufferView, 
14926, 13372, SetGraphicsRoot32BitConstants, 
14927, 13372, DrawIndexedInstanced, 1681
14928, 13372, IASetVertexBuffers, 
14929, 13372, IASetIndexBuffer, 
14930, 13372, SetGraphicsRootConstantBufferView, 
14931, 13372, SetGraphicsRoot32BitConstants, 
14932, 13372, DrawIndexedInstanced, 1682
14933, 13372, IASetVertexBuffers, 
14934, 13372, IASetIndexBuffer, 
14935, 13372, SetGraphicsRootConstantBufferView, 
14936, 13372, SetGraphicsRoot32BitConstants, 
14937, 13372, DrawIndexedInstanced, 1683
14938, 13372, IASetVertexBuffers, 
14939, 13372, IASetIndexBuffer, 
14940, 13372, SetGraphicsRootConstantBufferView, 
14941, 13372, SetGraphicsRoot32BitConstants, 
14942, 13372, DrawIndexedInstanced, 1684
14943, 13372, IASetVertexBuffers, 
14944, 13372, IASetIndexBuffer, 
14945, 13372, SetGraphicsRootConstantBufferView, 
14946, 13372, SetGraphicsRoot32BitConstants, 
14947, 13372, DrawIndexedInstanced, 1685
14948, 13372, IASetVertexBuffers, 
14949, 13372, IASetIndexBuffer, 
14950, 13372, SetGraphicsRootConstantBufferView, 
14951, 13372, SetGraphicsRoot32BitConstants, 
14952, 13372, DrawIndexedInstanced, 1686
14953, 13372, IASetVertexBuffers, 
14954, 13372, IASetIndexBuffer, 
14955, 13372, SetGraphicsRootConstantBufferView, 
14956, 13372, SetGraphicsRoot32BitConstants, 
14957, 13372, DrawIndexedInstanced, 1687
14958, 13372, IASetVertexBuffers, 
14959, 13372, IASetIndexBuffer, 
14960, 13372, SetGraphicsRootConstantBufferView, 
14961, 13372, SetGraphicsRoot32BitConstants, 
14962, 13372, DrawIndexedInstanced, 1688
14963, 13372, IASetVertexBuffers, 
14964, 13372, IASetIndexBuffer, 
14965, 13372, SetGraphicsRootConstantBufferView, 
14966, 13372, SetGraphicsRoot32BitConstants, 
14967, 13372, DrawIndexedInstanced, 1689
14968, 13372, IASetVertexBuffers, 
14969, 13372, IASetIndexBuffer, 
14970, 13372, SetGraphicsRootConstantBufferView, 
14971, 13372, SetGraphicsRoot32BitConstants, 
14972, 13372, DrawIndexedInstanced, 1690
14973, 13372, IASetVertexBuffers, 
14974, 13372, IASetIndexBuffer, 
14975, 13372, SetGraphicsRootConstantBufferView, 
14976, 13372, SetGraphicsRoot32BitConstants, 
14977, 13372, DrawIndexedInstanced, 1691
14978, 13372, IASetVertexBuffers, 
14979, 13372, IASetIndexBuffer, 
14980, 13372, SetGraphicsRootConstantBufferView, 
14981, 13372, SetGraphicsRoot32BitConstants, 
14982, 13372, DrawIndexedInstanced, 1692
14983, 13372, IASetVertexBuffers, 
14984, 13372, IASetIndexBuffer, 
14985, 13372, SetGraphicsRootConstantBufferView, 
14986, 13372, SetGraphicsRoot32BitConstants, 
14987, 13372, DrawIndexedInstanced, 1693
14988, 13372, IASetVertexBuffers, 
14989, 13372, IASetIndexBuffer, 
14990, 13372, SetGraphicsRootConstantBufferView, 
14991, 13372, SetGraphicsRoot32BitConstants, 
14992, 13372, DrawIndexedInstanced, 1694
14993, 13372, IASetVertexBuffers, 
14994, 13372, IASetIndexBuffer, 
14995, 13372, SetGraphicsRootConstantBufferView, 
14996, 13372, SetGraphicsRoot32BitConstants, 
14997, 13372, DrawIndexedInstanced, 1695
14998, 13372, IASetVertexBuffers, 
14999, 13372, IASetIndexBuffer, 
15000, 13372, SetGraphicsRootConstantBufferView, 
15001, 13372, SetGraphicsRoot32BitConstants, 
15002, 13372, DrawIndexedInstanced, 1696
15003, 13372, IASetVertexBuffers, 
15004, 13372, IASetIndexBuffer, 
15005, 13372, SetGraphicsRootConstantBufferView, 
15006, 13372, SetGraphicsRoot32BitConstants, 
15007, 13372, DrawIndexedInstanced, 1697
15008, 13372, IASetVertexBuffers, 
15009, 13372, IASetIndexBuffer, 
15010, 13372, SetGraphicsRootConstantBufferView, 
15011, 13372, SetGraphicsRoot32BitConstants, 
15012, 13372, DrawIndexedInstanced, 1698
15013, 13372, IASetVertexBuffers, 
15014, 13372, IASetIndexBuffer, 
15015, 13372, SetGraphicsRootConstantBufferView, 
15016, 13372, SetGraphicsRoot32BitConstants, 
15017, 13372, DrawIndexedInstanced, 1699
15018, 13372, IASetVertexBuffers, 
15019, 13372, IASetIndexBuffer, 
15020, 13372, SetGraphicsRootConstantBufferView, 
15021, 13372, SetGraphicsRoot32BitConstants, 
15022, 13372, DrawIndexedInstanced, 1700
15023, 13372, IASetVertexBuffers, 
15024, 13372, IASetIndexBuffer, 
15025, 13372, SetGraphicsRootConstantBufferView, 
15026, 13372, SetGraphicsRoot32BitConstants, 
15027, 13372, DrawIndexedInstanced, 1701
15028, 13372, IASetVertexBuffers, 
15029, 13372, IASetIndexBuffer, 
15030, 13372, SetGraphicsRootConstantBufferView, 
15031, 13372, SetGraphicsRoot32BitConstants, 
15032, 13372, DrawIndexedInstanced, 1702
15033, 13372, IASetVertexBuffers, 
15034, 13372, IASetIndexBuffer, 
15035, 13372, SetGraphicsRootConstantBufferView, 
15036, 13372, SetGraphicsRoot32BitConstants, 
15037, 13372, DrawIndexedInstanced, 1703
15038, 13372, IASetVertexBuffers, 
15039, 13372, IASetIndexBuffer, 
15040, 13372, SetGraphicsRootConstantBufferView, 
15041, 13372, SetGraphicsRoot32BitConstants, 
15042, 13372, DrawIndexedInstanced, 1704
15043, 13372, IASetVertexBuffers, 
15044, 13372, IASetIndexBuffer, 
15045, 13372, SetGraphicsRootConstantBufferView, 
15046, 13372, SetGraphicsRoot32BitConstants, 
15047, 13372, DrawIndexedInstanced, 1705
15048, 13372, IASetVertexBuffers, 
15049, 13372, IASetIndexBuffer, 
15050, 13372, SetGraphicsRootConstantBufferView, 
15051, 13372, SetGraphicsRoot32BitConstants, 
15052, 13372, DrawIndexedInstanced, 1706
15053, 13372, IASetVertexBuffers, 
15054, 13372, IASetIndexBuffer, 
15055, 13372, SetGraphicsRootConstantBufferView, 
15056, 13372, SetGraphicsRoot32BitConstants, 
15057, 13372, DrawIndexedInstanced, 1707
15058, 13372, IASetVertexBuffers, 
15059, 13372, IASetIndexBuffer, 
15060, 13372, SetGraphicsRootConstantBufferView, 
15061, 13372, SetGraphicsRoot32BitConstants, 
15062, 13372, DrawIndexedInstanced, 1708
15063, 13372, IASetVertexBuffers, 
15064, 13372, IASetIndexBuffer, 
15065, 13372, SetGraphicsRootConstantBufferView, 
15066, 13372, SetGraphicsRoot32BitConstants, 
15067, 13372, DrawIndexedInstanced, 1709
15068, 13372, IASetVertexBuffers, 
15069, 13372, IASetIndexBuffer, 
15070, 13372, SetGraphicsRootConstantBufferView, 
15071, 13372, SetGraphicsRoot32BitConstants, 
15072, 13372, DrawIndexedInstanced, 1710
15073, 13372, IASetVertexBuffers, 
15074, 13372, IASetIndexBuffer, 
15075, 13372, SetGraphicsRootConstantBufferView, 
15076, 13372, SetGraphicsRoot32BitConstants, 
15077, 13372, DrawIndexedInstanced, 1711
15078, 13372, IASetVertexBuffers, 
15079, 13372, IASetIndexBuffer, 
15080, 13372, SetGraphicsRootConstantBufferView, 
15081, 13372, SetGraphicsRoot32BitConstants, 
15082, 13372, DrawIndexedInstanced, 1712
15083, 13372, IASetVertexBuffers, 
15084, 13372, IASetIndexBuffer, 
15085, 13372, SetGraphicsRootConstantBufferView, 
15086, 13372, SetGraphicsRoot32BitConstants, 
15087, 13372, DrawIndexedInstanced, 1713
15088, 13372, IASetVertexBuffers, 
15089, 13372, IASetIndexBuffer, 
15090, 13372, SetGraphicsRootConstantBufferView, 
15091, 13372, SetGraphicsRoot32BitConstants, 
15092, 13372, DrawIndexedInstanced, 1714
15093, 13372, IASetVertexBuffers, 
15094, 13372, IASetIndexBuffer, 
15095, 13372, SetGraphicsRootConstantBufferView, 
15096, 13372, SetGraphicsRoot32BitConstants, 
15097, 13372, DrawIndexedInstanced, 1715
15098, 13372, IASetVertexBuffers, 
15099, 13372, IASetIndexBuffer, 
15100, 13372, SetGraphicsRootConstantBufferView, 
15101, 13372, SetGraphicsRoot32BitConstants, 
15102, 13372, DrawIndexedInstanced, 1716
15103, 13372, IASetVertexBuffers, 
15104, 13372, IASetIndexBuffer, 
15105, 13372, SetGraphicsRootConstantBufferView, 
15106, 13372, SetGraphicsRoot32BitConstants, 
15107, 13372, DrawIndexedInstanced, 1717
15108, 13372, IASetVertexBuffers, 
15109, 13372, IASetIndexBuffer, 
15110, 13372, SetGraphicsRootConstantBufferView, 
15111, 13372, SetGraphicsRoot32BitConstants, 
15112, 13372, DrawIndexedInstanced, 1718
15113, 13372, IASetVertexBuffers, 
15114, 13372, IASetIndexBuffer, 
15115, 13372, SetGraphicsRootConstantBufferView, 
15116, 13372, SetGraphicsRoot32BitConstants, 
15117, 13372, DrawIndexedInstanced, 1719
15118, 13372, IASetVertexBuffers, 
15119, 13372, IASetIndexBuffer, 
15120, 13372, SetGraphicsRootConstantBufferView, 
15121, 13372, SetGraphicsRoot32BitConstants, 
15122, 13372, DrawIndexedInstanced, 1720
15123, 13372, IASetVertexBuffers, 
15124, 13372, IASetIndexBuffer, 
15125, 13372, SetGraphicsRootConstantBufferView, 
15126, 13372, SetGraphicsRoot32BitConstants, 
15127, 13372, DrawIndexedInstanced, 1721
15128, 13372, IASetVertexBuffers, 
15129, 13372, IASetIndexBuffer, 
15130, 13372, SetGraphicsRootConstantBufferView, 
15131, 13372, SetGraphicsRoot32BitConstants, 
15132, 13372, DrawIndexedInstanced, 1722
15133, 13372, IASetVertexBuffers, 
15134, 13372, IASetIndexBuffer, 
15135, 13372, SetGraphicsRootConstantBufferView, 
15136, 13372, SetGraphicsRoot32BitConstants, 
15137, 13372, DrawIndexedInstanced, 1723
15138, 13372, IASetVertexBuffers, 
15139, 13372, IASetIndexBuffer, 
15140, 13372, SetGraphicsRootConstantBufferView, 
15141, 13372, SetGraphicsRoot32BitConstants, 
15142, 13372, DrawIndexedInstanced, 1724
15143, 13372, IASetVertexBuffers, 
15144, 13372, IASetIndexBuffer, 
15145, 13372, SetGraphicsRootConstantBufferView, 
15146, 13372, SetGraphicsRoot32BitConstants, 
15147, 13372, DrawIndexedInstanced, 1725
15148, 13372, IASetVertexBuffers, 
15149, 13372, IASetIndexBuffer, 
15150, 13372, SetGraphicsRootConstantBufferView, 
15151, 13372, SetGraphicsRoot32BitConstants, 
15152, 13372, DrawIndexedInstanced, 1726
15153, 13372, IASetVertexBuffers, 
15154, 13372, IASetIndexBuffer, 
15155, 13372, SetGraphicsRootConstantBufferView, 
15156, 13372, SetGraphicsRoot32BitConstants, 
15157, 13372, DrawIndexedInstanced, 1727
15158, 13372, IASetVertexBuffers, 
15159, 13372, IASetIndexBuffer, 
15160, 13372, SetGraphicsRootConstantBufferView, 
15161, 13372, SetGraphicsRoot32BitConstants, 
15162, 13372, DrawIndexedInstanced, 1728
15163, 13372, IASetVertexBuffers, 
15164, 13372, IASetIndexBuffer, 
15165, 13372, SetGraphicsRootConstantBufferView, 
15166, 13372, SetGraphicsRoot32BitConstants, 
15167, 13372, DrawIndexedInstanced, 1729
15168, 13372, IASetVertexBuffers, 
15169, 13372, IASetIndexBuffer, 
15170, 13372, SetGraphicsRootConstantBufferView, 
15171, 13372, SetGraphicsRoot32BitConstants, 
15172, 13372, DrawIndexedInstanced, 1730
15173, 13372, IASetVertexBuffers, 
15174, 13372, IASetIndexBuffer, 
15175, 13372, SetGraphicsRootConstantBufferView, 
15176, 13372, SetGraphicsRoot32BitConstants, 
15177, 13372, DrawIndexedInstanced, 1731
15178, 13372, IASetVertexBuffers, 
15179, 13372, IASetIndexBuffer, 
15180, 13372, SetGraphicsRootConstantBufferView, 
15181, 13372, SetGraphicsRoot32BitConstants, 
15182, 13372, DrawIndexedInstanced, 1732
15183, 13372, IASetVertexBuffers, 
15184, 13372, IASetIndexBuffer, 
15185, 13372, SetGraphicsRootConstantBufferView, 
15186, 13372, SetGraphicsRoot32BitConstants, 
15187, 13372, DrawIndexedInstanced, 1733
15188, 13372, IASetVertexBuffers, 
15189, 13372, IASetIndexBuffer, 
15190, 13372, SetGraphicsRootConstantBufferView, 
15191, 13372, SetGraphicsRoot32BitConstants, 
15192, 13372, DrawIndexedInstanced, 1734
15193, 13372, IASetVertexBuffers, 
15194, 13372, IASetIndexBuffer, 
15195, 13372, SetGraphicsRootConstantBufferView, 
15196, 13372, SetGraphicsRoot32BitConstants, 
15197, 13372, DrawIndexedInstanced, 1735
15198, 13372, IASetVertexBuffers, 
15199, 13372, IASetIndexBuffer, 
15200, 13372, SetGraphicsRootConstantBufferView, 
15201, 13372, SetGraphicsRoot32BitConstants, 
15202, 13372, DrawIndexedInstanced, 1736
15203, 13372, IASetVertexBuffers, 
15204, 13372, IASetIndexBuffer, 
15205, 13372, SetGraphicsRootConstantBufferView, 
15206, 13372, SetGraphicsRoot32BitConstants, 
15207, 13372, DrawIndexedInstanced, 1737
15208, 13372, IASetVertexBuffers, 
15209, 13372, IASetIndexBuffer, 
15210, 13372, SetGraphicsRootConstantBufferView, 
15211, 13372, SetGraphicsRoot32BitConstants, 
15212, 13372, DrawIndexedInstanced, 1738
15213, 13372, IASetVertexBuffers, 
15214, 13372, IASetIndexBuffer, 
15215, 13372, SetGraphicsRootConstantBufferView, 
15216, 13372, SetGraphicsRoot32BitConstants, 
15217, 13372, DrawIndexedInstanced, 1739
15218, 13372, IASetVertexBuffers, 
15219, 13372, IASetIndexBuffer, 
15220, 13372, SetGraphicsRootConstantBufferView, 
15221, 13372, SetGraphicsRoot32BitConstants, 
15222, 13372, DrawIndexedInstanced, 1740
15223, 13372, IASetVertexBuffers, 
15224, 13372, IASetIndexBuffer, 
15225, 13372, SetGraphicsRootConstantBufferView, 
15226, 13372, SetGraphicsRoot32BitConstants, 
15227, 13372, DrawIndexedInstanced, 1741
15228, 13356, IASetVertexBuffers, 
15229, 13356, SetGraphicsRoot32BitConstants, 
15230, 13356, SetPipelineState, 
15231, 13356, DrawInstanced, 1742
15232, 13356, IASetVertexBuffers, 
15233, 13356, SetGraphicsRoot32BitConstants, 
15234, 13356, SetPipelineState, 
15235, 13356, DrawInstanced, 1743
15236, 13356, IASetVertexBuffers, 
15237, 13356, SetGraphicsRoot32BitConstants, 
15238, 13356, SetPipelineState, 
15239, 13356, DrawInstanced, 1744
15240, 13356, IASetVertexBuffers, 
15241, 13356, SetGraphicsRoot32BitConstants, 
15242, 13356, SetPipelineState, 
15243, 13356, DrawInstanced, 1745
15244, 13356, IASetVertexBuffers, 
15245, 13356, SetGraphicsRoot32BitConstants, 
15246, 13356, SetPipelineState, 
15247, 13356, DrawInstanced, 1746
15248, 13356, IASetVertexBuffers, 
15249, 13356, SetGraphicsRoot32BitConstants, 
15250, 13356, SetPipelineState, 
15251, 13356, DrawInstanced, 1747
15252, 13356, IASetVertexBuffers, 
15253, 13356, SetGraphicsRoot32BitConstants, 
15254, 13356, SetPipelineState, 
15255, 13356, DrawInstanced, 1748
15256, 13356, IASetVertexBuffers, 
15257, 13356, SetGraphicsRoot32BitConstants, 
15258, 13356, SetPipelineState, 
15259, 13356, DrawInstanced, 1749
15260, 13356, IASetVertexBuffers, 
15261, 13356, SetGraphicsRoot32BitConstants, 
15262, 13356, SetPipelineState, 
15263, 13356, DrawInstanced, 1750
15264, 13356, EndQuery, 
15265, 13356, <deprecated - use pix3.h instead> VB Terrain, 
15266, 15265, SetGraphicsRootSignature, 
15267, 15265, SetGraphicsRootConstantBufferView, 
15268, 15265, SetGraphicsRootConstantBufferView, 
15269, 15265, SetDescriptorHeaps, 
15270, 15265, SetGraphicsRootDescriptorTable, 
15271, 15265, SetGraphicsRootDescriptorTable, 
15272, 15265, SetPipelineState, 
15273, 15265, SetGraphicsRoot32BitConstants, 
15274, 15265, SetGraphicsRootShaderResourceView, 
15275, 15265, DispatchMesh, 1751
15276, 13356, EndQuery, 
15277, 13356, ResourceBarrier, 1752
15278, 13341, EndQuery, 
15279, 13341, SetGraphicsRootConstantBufferView, 
15280, 13341, SetGraphicsRootConstantBufferView, 
15281, 13341, EndQuery, 
15282, 13341, <deprecated - use pix3.h instead> VB Resolve, 
15283, 15282, EndQuery, 
15284, 15282, <deprecated - use pix3.h instead> VB Resolve Setup, 
15285, 15284, ResourceBarrier, 1753
15286, 15284, ResourceBarrier, 1754
15287, 15284, SetDescriptorHeaps, 
15288, 15284, SetComputeRootSignature, 
15289, 15284, SetPipelineState, 
15290, 15284, SetComputeRootConstantBufferView, 
15291, 15284, SetComputeRootDescriptorTable, 
15292, 15282, EndQuery, 
15293, 15282, EndQuery, 
15294, 15282, <deprecated - use pix3.h instead> VB Tile Classify, 
15295, 15294, SetDescriptorHeaps, 
15296, 15294, SetComputeRootSignature, 
15297, 15294, SetComputeRootConstantBufferView, 
15298, 15294, SetComputeRootDescriptorTable, 
15299, 15294, SetPipelineState, 
15300, 15294, Dispatch, 1755
15301, 15294, ResourceBarrier, 1756
15302, 15294, SetPipelineState, 
15303, 15294, Dispatch, 1757
15304, 15294, ResourceBarrier, 1758
15305, 15294, ResourceBarrier, 1759
15306, 15294, SetDescriptorHeaps, 
15307, 15294, SetComputeRootSignature, 
15308, 15294, SetComputeRootConstantBufferView, 
15309, 15294, SetComputeRootDescriptorTable, 
15310, 15282, EndQuery, 
15311, 15282, EndQuery, 
15312, 15282, <deprecated - use pix3.h instead> VB Shade Generic, 
15313, 15312, SetComputeRootShaderResourceView, 
15314, 15312, SetPipelineState, 
15315, 15312, ExecuteIndirect, 1760
15316, 15315, Dispatch, 1761
15317, 15282, EndQuery, 
15318, 15282, EndQuery, 
15319, 15282, <deprecated - use pix3.h instead> VB Terrain Resolve, 
15320, 15319, SetComputeRootShaderResourceView, 
15321, 15319, SetPipelineState, 
15322, 15319, ExecuteIndirect, 1762
15323, 15322, Dispatch, 1763
15324, 15282, EndQuery, 
15325, 15282, ResourceBarrier, 1764
15326, 15282, ResourceBarrier, 1765
15327, 15282, EndQuery, 
15328, 15282, <deprecated - use pix3.h instead> VB Depth Snapshot, 
15329, 15328, ResourceBarrier, 1766
15330, 15328, CopyResource, 1767
15331, 15328, ResourceBarrier, 1768
15332, 15282, EndQuery, 
15333, 13341, EndQuery, 
15334, 13341, ResourceBarrier, 1769
15335, 13341, OMSetRenderTargets, 
15336, 13341, RSSetViewports, 
15337, 13341, RSSetScissorRects, 
15338, -1, EndQuery, 
15339, -1, EndQuery, 
15340, -1, <deprecated - use pix3.h instead> Forward Extensions, 
15341, 15340, SetDescriptorHeaps, 
15342, 15340, SetGraphicsRootSignature, 
15343, 15340, SetGraphicsRootConstantBufferView, 
15344, 15340, SetGraphicsRootConstantBufferView, 
15345, 15340, SetGraphicsRootConstantBufferView, 
15346, 15340, SetGraphicsRootConstantBufferView, 
15347, 15340, SetGraphicsRootConstantBufferView, 
15348, 15340, SetGraphicsRootConstantBufferView, 
15349, 15340, SetGraphicsRootConstantBufferView, 
15350, 15340, SetPipelineState, 
15351, 15340, SetDescriptorHeaps, 
15352, 15340, SetGraphicsRootDescriptorTable, 
15353, 15340, SetGraphicsRootConstantBufferView, 
15354, 15340, SetGraphicsRootConstantBufferView, 
15355, 15340, SetGraphicsRootConstantBufferView, 
15356, 15340, SetGraphicsRootConstantBufferView, 
15357, 15340, SetGraphicsRootConstantBufferView, 
15358, 15340, SetGraphicsRootConstantBufferView, 
15359, 15340, EndQuery, 
15360, 15340, <deprecated - use pix3.h instead> FE/Destruction, 
15361, 15360, SetPipelineState, 
15362, 15340, EndQuery, 
15363, 15340, EndQuery, 
15364, 15340, <deprecated - use pix3.h instead> FE/Palms, 
15365, 15364, SetPipelineState, 
15366, 15364, SetGraphicsRootConstantBufferView, 
15367, 15364, SetGraphicsRootConstantBufferView, 
15368, 15364, SetGraphicsRootConstantBufferView, 
15369, 15364, SetGraphicsRootConstantBufferView, 
15370, 15364, SetGraphicsRootConstantBufferView, 
15371, 15364, SetGraphicsRootConstantBufferView, 
15372, 15364, SetGraphicsRootConstantBufferView, 
15373, 15364, SetGraphicsRootConstantBufferView, 
15374, 15364, SetGraphicsRootConstantBufferView, 
15375, 15364, SetGraphicsRootConstantBufferView, 
15376, 15364, SetGraphicsRootConstantBufferView, 
15377, 15364, SetGraphicsRootConstantBufferView, 
15378, 15364, SetGraphicsRootConstantBufferView, 
15379, 15364, SetGraphicsRootConstantBufferView, 
15380, 15364, SetGraphicsRootConstantBufferView, 
15381, 15364, SetGraphicsRootConstantBufferView, 
15382, 15364, SetGraphicsRootConstantBufferView, 
15383, 15364, SetGraphicsRootConstantBufferView, 
15384, 15364, SetGraphicsRootConstantBufferView, 
15385, 15364, SetGraphicsRootConstantBufferView, 
15386, 15364, SetGraphicsRootConstantBufferView, 
15387, 15364, SetGraphicsRootConstantBufferView, 
15388, 15364, SetGraphicsRootConstantBufferView, 
15389, 15364, SetGraphicsRootConstantBufferView, 
15390, 15364, SetGraphicsRootConstantBufferView, 
15391, 15364, SetGraphicsRootConstantBufferView, 
15392, 15364, SetGraphicsRootConstantBufferView, 
15393, 15364, SetGraphicsRootConstantBufferView, 
15394, 15364, SetGraphicsRootConstantBufferView, 
15395, 15364, SetGraphicsRootConstantBufferView, 
15396, 15364, SetGraphicsRootConstantBufferView, 
15397, 15364, SetGraphicsRootConstantBufferView, 
15398, 15364, SetGraphicsRootConstantBufferView, 
15399, 15364, SetGraphicsRootConstantBufferView, 
15400, 15364, SetGraphicsRootConstantBufferView, 
15401, 15364, SetGraphicsRootConstantBufferView, 
15402, 15364, SetGraphicsRootConstantBufferView, 
15403, 15364, SetGraphicsRootConstantBufferView, 
15404, 15364, SetGraphicsRootConstantBufferView, 
15405, 15364, SetGraphicsRootConstantBufferView, 
15406, 15364, SetGraphicsRootConstantBufferView, 
15407, 15364, SetGraphicsRootConstantBufferView, 
15408, 15364, SetGraphicsRootConstantBufferView, 
15409, 15364, SetGraphicsRootConstantBufferView, 
15410, 15364, SetGraphicsRootConstantBufferView, 
15411, 15364, SetGraphicsRootConstantBufferView, 
15412, 15364, SetGraphicsRootConstantBufferView, 
15413, 15364, SetGraphicsRootConstantBufferView, 
15414, 15364, SetGraphicsRootConstantBufferView, 
15415, 15364, SetGraphicsRootConstantBufferView, 
15416, 15364, SetGraphicsRootConstantBufferView, 
15417, 15364, SetGraphicsRootConstantBufferView, 
15418, 15364, SetGraphicsRootConstantBufferView, 
15419, 15364, SetGraphicsRootConstantBufferView, 
15420, 15364, SetGraphicsRootConstantBufferView, 
15421, 15364, SetGraphicsRootConstantBufferView, 
15422, 15364, SetGraphicsRootConstantBufferView, 
15423, 15364, SetGraphicsRootConstantBufferView, 
15424, 15364, SetGraphicsRootConstantBufferView, 
15425, 15364, SetGraphicsRootConstantBufferView, 
15426, 15364, SetGraphicsRootConstantBufferView, 
15427, 15364, SetGraphicsRootConstantBufferView, 
15428, 15364, SetGraphicsRootConstantBufferView, 
15429, 15364, SetGraphicsRootConstantBufferView, 
15430, 15364, SetGraphicsRootConstantBufferView, 
15431, 15364, SetGraphicsRootConstantBufferView, 
15432, 15364, SetGraphicsRootConstantBufferView, 
15433, 15364, SetGraphicsRootConstantBufferView, 
15434, 15364, SetGraphicsRootConstantBufferView, 
15435, 15364, SetGraphicsRootConstantBufferView, 
15436, 15364, SetGraphicsRootConstantBufferView, 
15437, 15364, SetGraphicsRootConstantBufferView, 
15438, 15364, SetGraphicsRootConstantBufferView, 
15439, 15364, SetGraphicsRootConstantBufferView, 
15440, 15364, SetGraphicsRootConstantBufferView, 
15441, 15364, SetGraphicsRootConstantBufferView, 
15442, 15364, SetGraphicsRootConstantBufferView, 
15443, 15364, SetGraphicsRootConstantBufferView, 
15444, 15364, SetGraphicsRootConstantBufferView, 
15445, 15364, SetGraphicsRootConstantBufferView, 
15446, 15364, SetGraphicsRootConstantBufferView, 
15447, 15364, SetGraphicsRootConstantBufferView, 
15448, 15364, SetGraphicsRootConstantBufferView, 
15449, 15364, SetGraphicsRootConstantBufferView, 
15450, 15364, SetGraphicsRootConstantBufferView, 
15451, 15364, SetGraphicsRootConstantBufferView, 
15452, 15364, SetGraphicsRootConstantBufferView, 
15453, 15364, SetGraphicsRootConstantBufferView, 
15454, 15364, SetGraphicsRootConstantBufferView, 
15455, 15364, SetGraphicsRootConstantBufferView, 
15456, 15364, SetGraphicsRootConstantBufferView, 
15457, 15364, SetGraphicsRootConstantBufferView, 
15458, 15364, SetGraphicsRootConstantBufferView, 
15459, 15364, SetGraphicsRootConstantBufferView, 
15460, 15364, SetGraphicsRootConstantBufferView, 
15461, 15364, SetGraphicsRootConstantBufferView, 
15462, 15364, SetGraphicsRootConstantBufferView, 
15463, 15364, SetGraphicsRootConstantBufferView, 
15464, 15364, SetGraphicsRootConstantBufferView, 
15465, 15364, SetGraphicsRootConstantBufferView, 
15466, 15364, SetGraphicsRootConstantBufferView, 
15467, 15364, SetGraphicsRootConstantBufferView, 
15468, 15364, SetGraphicsRootConstantBufferView, 
15469, 15364, SetGraphicsRootConstantBufferView, 
15470, 15364, SetGraphicsRootConstantBufferView, 
15471, 15364, SetGraphicsRootConstantBufferView, 
15472, 15364, SetGraphicsRootConstantBufferView, 
15473, 15364, SetGraphicsRootConstantBufferView, 
15474, 15364, SetGraphicsRootConstantBufferView, 
15475, 15364, SetGraphicsRootConstantBufferView, 
15476, 15364, SetGraphicsRootConstantBufferView, 
15477, 15364, SetGraphicsRootConstantBufferView, 
15478, 15364, SetGraphicsRootConstantBufferView, 
15479, 15364, SetGraphicsRootConstantBufferView, 
15480, 15364, SetGraphicsRootConstantBufferView, 
15481, 15364, SetGraphicsRootConstantBufferView, 
15482, 15364, SetGraphicsRootConstantBufferView, 
15483, 15364, SetGraphicsRootConstantBufferView, 
15484, 15364, SetGraphicsRootConstantBufferView, 
15485, 15364, SetGraphicsRootConstantBufferView, 
15486, 15364, SetGraphicsRootConstantBufferView, 
15487, 15364, SetGraphicsRootConstantBufferView, 
15488, 15364, SetPipelineState, 
15489, 15340, EndQuery, 
15490, 15340, EndQuery, 
15491, 15340, <deprecated - use pix3.h instead> FE/Dandelions, 
15492, 15491, SetGraphicsRootConstantBufferView, 
15493, 15491, SetPipelineState, 
15494, 15491, SetDescriptorHeaps, 
15495, 15491, SetGraphicsRootSignature, 
15496, 15491, SetGraphicsRootConstantBufferView, 
15497, 15491, SetGraphicsRootConstantBufferView, 
15498, 15491, SetGraphicsRootConstantBufferView, 
15499, 15491, SetGraphicsRootConstantBufferView, 
15500, 15491, SetGraphicsRootConstantBufferView, 
15501, 15491, SetGraphicsRootConstantBufferView, 
15502, 15491, SetGraphicsRootConstantBufferView, 
15503, 15491, SetGraphicsRootDescriptorTable, 
15504, 15491, SetGraphicsRootDescriptorTable, 
15505, 15491, SetPipelineState, 
15506, 15491, SetGraphicsRootConstantBufferView, 
15507, 15491, SetPipelineState, 
15508, 15491, SetGraphicsRootShaderResourceView, 
15509, 15491, SetGraphicsRootShaderResourceView, 
15510, 15491, SetGraphicsRootShaderResourceView, 
15511, 15491, SetGraphicsRootShaderResourceView, 
15512, 15491, SetGraphicsRootShaderResourceView, 
15513, 15491, SetGraphicsRootShaderResourceView, 
15514, 15491, SetGraphicsRootDescriptorTable, 
15515, 15491, SetGraphicsRoot32BitConstants, 
15516, 15491, DispatchMesh, 1770
15517, 15491, SetPipelineState, 
15518, 15340, EndQuery, 
15519, 15340, SetPipelineState, 
15520, 15340, SetGraphicsRootConstantBufferView, 
15521, 15340, SetPipelineState, 
15522, 15340, SetPipelineState, 
15523, 15340, SetGraphicsRootConstantBufferView, 
15524, 15340, SetPipelineState, 
15525, 15340, SetGraphicsRootShaderResourceView, 
15526, 15340, SetGraphicsRootShaderResourceView, 
15527, 15340, SetGraphicsRootShaderResourceView, 
15528, 15340, SetGraphicsRootShaderResourceView, 
15529, 15340, SetGraphicsRootShaderResourceView, 
15530, 15340, SetGraphicsRootShaderResourceView, 
15531, 15340, SetGraphicsRootDescriptorTable, 
15532, 15340, SetGraphicsRoot32BitConstants, 
15533, 15340, DispatchMesh, 1771
15534, 15340, SetGraphicsRootConstantBufferView, 
15535, 15340, SetPipelineState, 
15536, 15340, SetPipelineState, 
15537, 15340, SetGraphicsRootConstantBufferView, 
15538, 15340, SetPipelineState, 
15539, 15340, SetGraphicsRootShaderResourceView, 
15540, 15340, SetGraphicsRootShaderResourceView, 
15541, 15340, SetGraphicsRootShaderResourceView, 
15542, 15340, SetGraphicsRootShaderResourceView, 
15543, 15340, SetGraphicsRootShaderResourceView, 
15544, 15340, SetGraphicsRootShaderResourceView, 
15545, 15340, SetGraphicsRootDescriptorTable, 
15546, 15340, SetGraphicsRoot32BitConstants, 
15547, 15340, DispatchMesh, 1772
15548, 15340, SetGraphicsRootConstantBufferView, 
15549, 15340, SetPipelineState, 
15550, 15340, SetPipelineState, 
15551, 15340, SetGraphicsRootConstantBufferView, 
15552, 15340, SetPipelineState, 
15553, 15340, SetGraphicsRootShaderResourceView, 
15554, 15340, SetGraphicsRootShaderResourceView, 
15555, 15340, SetGraphicsRootShaderResourceView, 
15556, 15340, SetGraphicsRootShaderResourceView, 
15557, 15340, SetGraphicsRootShaderResourceView, 
15558, 15340, SetGraphicsRootShaderResourceView, 
15559, 15340, SetGraphicsRootDescriptorTable, 
15560, 15340, SetGraphicsRootShaderResourceView, 
15561, 15340, SetGraphicsRootShaderResourceView, 
15562, 15340, SetGraphicsRootShaderResourceView, 
15563, 15340, SetGraphicsRoot32BitConstants, 
15564, 15340, DispatchMesh, 1773
15565, 15340, SetPipelineState, 
15566, 15340, SetPipelineState, 
15567, 15340, SetGraphicsRootConstantBufferView, 
15568, 15340, SetPipelineState, 
15569, 15340, SetGraphicsRootShaderResourceView, 
15570, 15340, SetGraphicsRootShaderResourceView, 
15571, 15340, SetGraphicsRootShaderResourceView, 
15572, 15340, SetGraphicsRootShaderResourceView, 
15573, 15340, SetGraphicsRootShaderResourceView, 
15574, 15340, SetGraphicsRootShaderResourceView, 
15575, 15340, SetGraphicsRootDescriptorTable, 
15576, 15340, SetGraphicsRootShaderResourceView, 
15577, 15340, SetGraphicsRootShaderResourceView, 
15578, 15340, SetGraphicsRootShaderResourceView, 
15579, 15340, SetGraphicsRoot32BitConstants, 
15580, 15340, DispatchMesh, 1774
15581, 15340, SetPipelineState, 
15582, 15340, SetPipelineState, 
15583, 15340, SetGraphicsRootConstantBufferView, 
15584, 15340, SetPipelineState, 
15585, 15340, SetGraphicsRootShaderResourceView, 
15586, 15340, SetGraphicsRootShaderResourceView, 
15587, 15340, SetGraphicsRootShaderResourceView, 
15588, 15340, SetGraphicsRootShaderResourceView, 
15589, 15340, SetGraphicsRootShaderResourceView, 
15590, 15340, SetGraphicsRootShaderResourceView, 
15591, 15340, SetGraphicsRootDescriptorTable, 
15592, 15340, SetGraphicsRootShaderResourceView, 
15593, 15340, SetGraphicsRootShaderResourceView, 
15594, 15340, SetGraphicsRootShaderResourceView, 
15595, 15340, SetGraphicsRoot32BitConstants, 
15596, 15340, DispatchMesh, 1775
15597, 15340, SetPipelineState, 
15598, 15340, SetPipelineState, 
15599, 15340, SetGraphicsRootConstantBufferView, 
15600, 15340, SetPipelineState, 
15601, 15340, SetGraphicsRootShaderResourceView, 
15602, 15340, SetGraphicsRootShaderResourceView, 
15603, 15340, SetGraphicsRootShaderResourceView, 
15604, 15340, SetGraphicsRootShaderResourceView, 
15605, 15340, SetGraphicsRootShaderResourceView, 
15606, 15340, SetGraphicsRootShaderResourceView, 
15607, 15340, SetGraphicsRootDescriptorTable, 
15608, 15340, SetGraphicsRootShaderResourceView, 
15609, 15340, SetGraphicsRootShaderResourceView, 
15610, 15340, SetGraphicsRootShaderResourceView, 
15611, 15340, SetGraphicsRoot32BitConstants, 
15612, 15340, DispatchMesh, 1776
15613, 15340, SetPipelineState, 
15614, 15340, SetPipelineState, 
15615, 15340, SetGraphicsRootConstantBufferView, 
15616, 15340, SetPipelineState, 
15617, 15340, SetGraphicsRootShaderResourceView, 
15618, 15340, SetGraphicsRootShaderResourceView, 
15619, 15340, SetGraphicsRootShaderResourceView, 
15620, 15340, SetGraphicsRootShaderResourceView, 
15621, 15340, SetGraphicsRootShaderResourceView, 
15622, 15340, SetGraphicsRootShaderResourceView, 
15623, 15340, SetGraphicsRootDescriptorTable, 
15624, 15340, SetGraphicsRootShaderResourceView, 
15625, 15340, SetGraphicsRootShaderResourceView, 
15626, 15340, SetGraphicsRootShaderResourceView, 
15627, 15340, SetGraphicsRoot32BitConstants, 
15628, 15340, DispatchMesh, 1777
15629, 15340, SetPipelineState, 
15630, 15340, SetPipelineState, 
15631, 15340, SetGraphicsRootConstantBufferView, 
15632, 15340, SetPipelineState, 
15633, 15340, SetGraphicsRootShaderResourceView, 
15634, 15340, SetGraphicsRootShaderResourceView, 
15635, 15340, SetGraphicsRootShaderResourceView, 
15636, 15340, SetGraphicsRootShaderResourceView, 
15637, 15340, SetGraphicsRootShaderResourceView, 
15638, 15340, SetGraphicsRootShaderResourceView, 
15639, 15340, SetGraphicsRootDescriptorTable, 
15640, 15340, SetGraphicsRootShaderResourceView, 
15641, 15340, SetGraphicsRootShaderResourceView, 
15642, 15340, SetGraphicsRootShaderResourceView, 
15643, 15340, SetGraphicsRoot32BitConstants, 
15644, 15340, DispatchMesh, 1778
15645, 15340, SetPipelineState, 
15646, 15340, SetPipelineState, 
15647, 15340, SetGraphicsRootConstantBufferView, 
15648, 15340, SetPipelineState, 
15649, 15340, SetGraphicsRootShaderResourceView, 
15650, 15340, SetGraphicsRootShaderResourceView, 
15651, 15340, SetGraphicsRootShaderResourceView, 
15652, 15340, SetGraphicsRootShaderResourceView, 
15653, 15340, SetGraphicsRootShaderResourceView, 
15654, 15340, SetGraphicsRootShaderResourceView, 
15655, 15340, SetGraphicsRootDescriptorTable, 
15656, 15340, SetGraphicsRootShaderResourceView, 
15657, 15340, SetGraphicsRootShaderResourceView, 
15658, 15340, SetGraphicsRootShaderResourceView, 
15659, 15340, SetGraphicsRoot32BitConstants, 
15660, 15340, DispatchMesh, 1779
15661, 15340, SetPipelineState, 
15662, 15340, SetPipelineState, 
15663, 15340, SetGraphicsRootConstantBufferView, 
15664, 15340, SetPipelineState, 
15665, 15340, SetGraphicsRootShaderResourceView, 
15666, 15340, SetGraphicsRootShaderResourceView, 
15667, 15340, SetGraphicsRootShaderResourceView, 
15668, 15340, SetGraphicsRootShaderResourceView, 
15669, 15340, SetGraphicsRootShaderResourceView, 
15670, 15340, SetGraphicsRootShaderResourceView, 
15671, 15340, SetGraphicsRootDescriptorTable, 
15672, 15340, SetGraphicsRootShaderResourceView, 
15673, 15340, SetGraphicsRootShaderResourceView, 
15674, 15340, SetGraphicsRootShaderResourceView, 
15675, 15340, SetGraphicsRoot32BitConstants, 
15676, 15340, DispatchMesh, 1780
15677, 15340, SetPipelineState, 
15678, 15340, SetPipelineState, 
15679, 15340, SetGraphicsRootConstantBufferView, 
15680, 15340, SetPipelineState, 
15681, 15340, SetGraphicsRootShaderResourceView, 
15682, 15340, SetGraphicsRootShaderResourceView, 
15683, 15340, SetGraphicsRootShaderResourceView, 
15684, 15340, SetGraphicsRootShaderResourceView, 
15685, 15340, SetGraphicsRootShaderResourceView, 
15686, 15340, SetGraphicsRootShaderResourceView, 
15687, 15340, SetGraphicsRootDescriptorTable, 
15688, 15340, SetGraphicsRootShaderResourceView, 
15689, 15340, SetGraphicsRootShaderResourceView, 
15690, 15340, SetGraphicsRootShaderResourceView, 
15691, 15340, SetGraphicsRoot32BitConstants, 
15692, 15340, DispatchMesh, 1781
15693, 15340, SetPipelineState, 
15694, 15340, SetPipelineState, 
15695, 15340, SetGraphicsRootConstantBufferView, 
15696, 15340, SetPipelineState, 
15697, 15340, SetGraphicsRootShaderResourceView, 
15698, 15340, SetGraphicsRootShaderResourceView, 
15699, 15340, SetGraphicsRootShaderResourceView, 
15700, 15340, SetGraphicsRootShaderResourceView, 
15701, 15340, SetGraphicsRootShaderResourceView, 
15702, 15340, SetGraphicsRootShaderResourceView, 
15703, 15340, SetGraphicsRootDescriptorTable, 
15704, 15340, SetGraphicsRootShaderResourceView, 
15705, 15340, SetGraphicsRootShaderResourceView, 
15706, 15340, SetGraphicsRootShaderResourceView, 
15707, 15340, SetGraphicsRoot32BitConstants, 
15708, 15340, DispatchMesh, 1782
15709, 15340, SetPipelineState, 
15710, 15340, SetPipelineState, 
15711, 15340, SetGraphicsRootConstantBufferView, 
15712, 15340, SetPipelineState, 
15713, 15340, SetGraphicsRootShaderResourceView, 
15714, 15340, SetGraphicsRootShaderResourceView, 
15715, 15340, SetGraphicsRootShaderResourceView, 
15716, 15340, SetGraphicsRootShaderResourceView, 
15717, 15340, SetGraphicsRootShaderResourceView, 
15718, 15340, SetGraphicsRootShaderResourceView, 
15719, 15340, SetGraphicsRootDescriptorTable, 
15720, 15340, SetGraphicsRootShaderResourceView, 
15721, 15340, SetGraphicsRootShaderResourceView, 
15722, 15340, SetGraphicsRootShaderResourceView, 
15723, 15340, SetGraphicsRoot32BitConstants, 
15724, 15340, DispatchMesh, 1783
15725, 15340, SetPipelineState, 
15726, 15340, SetPipelineState, 
15727, 15340, SetGraphicsRootConstantBufferView, 
15728, 15340, SetPipelineState, 
15729, 15340, SetGraphicsRootShaderResourceView, 
15730, 15340, SetGraphicsRootShaderResourceView, 
15731, 15340, SetGraphicsRootShaderResourceView, 
15732, 15340, SetGraphicsRootShaderResourceView, 
15733, 15340, SetGraphicsRootShaderResourceView, 
15734, 15340, SetGraphicsRootShaderResourceView, 
15735, 15340, SetGraphicsRootDescriptorTable, 
15736, 15340, SetGraphicsRootShaderResourceView, 
15737, 15340, SetGraphicsRootShaderResourceView, 
15738, 15340, SetGraphicsRootShaderResourceView, 
15739, 15340, SetGraphicsRoot32BitConstants, 
15740, 15340, DispatchMesh, 1784
15741, 15340, SetPipelineState, 
15742, 15340, SetPipelineState, 
15743, 15340, SetGraphicsRootConstantBufferView, 
15744, 15340, SetPipelineState, 
15745, 15340, SetGraphicsRootShaderResourceView, 
15746, 15340, SetGraphicsRootShaderResourceView, 
15747, 15340, SetGraphicsRootShaderResourceView, 
15748, 15340, SetGraphicsRootShaderResourceView, 
15749, 15340, SetGraphicsRootShaderResourceView, 
15750, 15340, SetGraphicsRootShaderResourceView, 
15751, 15340, SetGraphicsRootDescriptorTable, 
15752, 15340, SetGraphicsRootShaderResourceView, 
15753, 15340, SetGraphicsRootShaderResourceView, 
15754, 15340, SetGraphicsRootShaderResourceView, 
15755, 15340, SetGraphicsRoot32BitConstants, 
15756, 15340, DispatchMesh, 1785
15757, 15340, SetPipelineState, 
15758, 15340, SetPipelineState, 
15759, 15340, SetGraphicsRootConstantBufferView, 
15760, 15340, SetPipelineState, 
15761, 15340, SetGraphicsRootShaderResourceView, 
15762, 15340, SetGraphicsRootShaderResourceView, 
15763, 15340, SetGraphicsRootShaderResourceView, 
15764, 15340, SetGraphicsRootShaderResourceView, 
15765, 15340, SetGraphicsRootShaderResourceView, 
15766, 15340, SetGraphicsRootShaderResourceView, 
15767, 15340, SetGraphicsRootDescriptorTable, 
15768, 15340, SetGraphicsRootShaderResourceView, 
15769, 15340, SetGraphicsRootShaderResourceView, 
15770, 15340, SetGraphicsRootShaderResourceView, 
15771, 15340, SetGraphicsRoot32BitConstants, 
15772, 15340, DispatchMesh, 1786
15773, 15340, SetPipelineState, 
15774, 15340, SetPipelineState, 
15775, 15340, SetGraphicsRootConstantBufferView, 
15776, 15340, SetPipelineState, 
15777, 15340, SetGraphicsRootShaderResourceView, 
15778, 15340, SetGraphicsRootShaderResourceView, 
15779, 15340, SetGraphicsRootShaderResourceView, 
15780, 15340, SetGraphicsRootShaderResourceView, 
15781, 15340, SetGraphicsRootShaderResourceView, 
15782, 15340, SetGraphicsRootShaderResourceView, 
15783, 15340, SetGraphicsRootDescriptorTable, 
15784, 15340, SetGraphicsRootShaderResourceView, 
15785, 15340, SetGraphicsRootShaderResourceView, 
15786, 15340, SetGraphicsRootShaderResourceView, 
15787, 15340, SetGraphicsRoot32BitConstants, 
15788, 15340, DispatchMesh, 1787
15789, 15340, EndQuery, 
15790, 15340, <deprecated - use pix3.h instead> FE/Prefabs, 
15791, 15790, SetGraphicsRootConstantBufferView, 
15792, 15790, SetPipelineState, 
15793, 15790, SetPipelineState, 
15794, 15790, SetGraphicsRootConstantBufferView, 
15795, 15790, SetPipelineState, 
15796, 15790, SetGraphicsRootShaderResourceView, 
15797, 15790, SetGraphicsRootShaderResourceView, 
15798, 15790, SetGraphicsRootShaderResourceView, 
15799, 15790, SetGraphicsRootShaderResourceView, 
15800, 15790, SetGraphicsRootShaderResourceView, 
15801, 15790, SetGraphicsRootShaderResourceView, 
15802, 15790, SetGraphicsRootDescriptorTable, 
15803, 15790, SetGraphicsRoot32BitConstants, 
15804, 15790, DispatchMesh, 1788
15805, 15790, SetGraphicsRootConstantBufferView, 
15806, 15790, SetPipelineState, 
15807, 15790, SetPipelineState, 
15808, 15790, SetGraphicsRootConstantBufferView, 
15809, 15790, SetPipelineState, 
15810, 15790, SetGraphicsRootShaderResourceView, 
15811, 15790, SetGraphicsRootShaderResourceView, 
15812, 15790, SetGraphicsRootShaderResourceView, 
15813, 15790, SetGraphicsRootShaderResourceView, 
15814, 15790, SetGraphicsRootShaderResourceView, 
15815, 15790, SetGraphicsRootShaderResourceView, 
15816, 15790, SetGraphicsRootDescriptorTable, 
15817, 15790, SetGraphicsRoot32BitConstants, 
15818, 15790, DispatchMesh, 1789
15819, 15790, SetPipelineState, 
15820, 15790, SetGraphicsRootConstantBufferView, 
15821, 15790, SetPipelineState, 
15822, 15790, SetPipelineState, 
15823, 15790, SetGraphicsRootConstantBufferView, 
15824, 15790, SetPipelineState, 
15825, 15790, SetGraphicsRoot32BitConstants, 
15826, 15790, IASetVertexBuffers, 
15827, 15790, IASetPrimitiveTopology, 
15828, 15790, IASetIndexBuffer, 
15829, 15790, DrawIndexedInstanced, 1790
15830, 15790, SetGraphicsRootConstantBufferView, 
15831, 15790, SetPipelineState, 
15832, 15790, SetPipelineState, 
15833, 15790, SetGraphicsRootConstantBufferView, 
15834, 15790, SetPipelineState, 
15835, 15790, SetGraphicsRoot32BitConstants, 
15836, 15790, IASetVertexBuffers, 
15837, 15790, IASetPrimitiveTopology, 
15838, 15790, IASetIndexBuffer, 
15839, 15790, DrawIndexedInstanced, 1791
15840, 15790, SetGraphicsRootConstantBufferView, 
15841, 15790, SetPipelineState, 
15842, 15790, SetPipelineState, 
15843, 15790, SetGraphicsRootConstantBufferView, 
15844, 15790, SetPipelineState, 
15845, 15790, SetGraphicsRoot32BitConstants, 
15846, 15790, IASetVertexBuffers, 
15847, 15790, IASetPrimitiveTopology, 
15848, 15790, IASetIndexBuffer, 
15849, 15790, DrawIndexedInstanced, 1792
15850, 15790, SetGraphicsRootConstantBufferView, 
15851, 15790, SetPipelineState, 
15852, 15790, SetPipelineState, 
15853, 15790, SetGraphicsRootConstantBufferView, 
15854, 15790, SetPipelineState, 
15855, 15790, SetGraphicsRoot32BitConstants, 
15856, 15790, IASetVertexBuffers, 
15857, 15790, IASetPrimitiveTopology, 
15858, 15790, IASetIndexBuffer, 
15859, 15790, DrawIndexedInstanced, 1793
15860, 15790, SetGraphicsRootConstantBufferView, 
15861, 15790, SetPipelineState, 
15862, 15790, SetPipelineState, 
15863, 15790, SetGraphicsRootConstantBufferView, 
15864, 15790, SetPipelineState, 
15865, 15790, SetGraphicsRoot32BitConstants, 
15866, 15790, IASetVertexBuffers, 
15867, 15790, IASetPrimitiveTopology, 
15868, 15790, IASetIndexBuffer, 
15869, 15790, DrawIndexedInstanced, 1794
15870, 15790, SetGraphicsRootConstantBufferView, 
15871, 15790, SetPipelineState, 
15872, 15790, SetPipelineState, 
15873, 15790, SetGraphicsRootConstantBufferView, 
15874, 15790, SetPipelineState, 
15875, 15790, SetGraphicsRoot32BitConstants, 
15876, 15790, IASetVertexBuffers, 
15877, 15790, IASetPrimitiveTopology, 
15878, 15790, IASetIndexBuffer, 
15879, 15790, DrawIndexedInstanced, 1795
15880, 15790, SetGraphicsRootConstantBufferView, 
15881, 15790, SetPipelineState, 
15882, 15790, SetPipelineState, 
15883, 15790, SetGraphicsRootConstantBufferView, 
15884, 15790, SetPipelineState, 
15885, 15790, SetGraphicsRoot32BitConstants, 
15886, 15790, IASetVertexBuffers, 
15887, 15790, IASetPrimitiveTopology, 
15888, 15790, IASetIndexBuffer, 
15889, 15790, DrawIndexedInstanced, 1796
15890, 15790, SetGraphicsRootConstantBufferView, 
15891, 15790, SetPipelineState, 
15892, 15790, SetPipelineState, 
15893, 15790, SetGraphicsRootConstantBufferView, 
15894, 15790, SetPipelineState, 
15895, 15790, SetGraphicsRoot32BitConstants, 
15896, 15790, IASetVertexBuffers, 
15897, 15790, IASetPrimitiveTopology, 
15898, 15790, IASetIndexBuffer, 
15899, 15790, DrawIndexedInstanced, 1797
15900, 15790, SetGraphicsRootConstantBufferView, 
15901, 15790, SetPipelineState, 
15902, 15790, SetPipelineState, 
15903, 15790, SetGraphicsRootConstantBufferView, 
15904, 15790, SetPipelineState, 
15905, 15790, SetGraphicsRoot32BitConstants, 
15906, 15790, IASetVertexBuffers, 
15907, 15790, IASetPrimitiveTopology, 
15908, 15790, IASetIndexBuffer, 
15909, 15790, DrawIndexedInstanced, 1798
15910, 15790, SetGraphicsRootConstantBufferView, 
15911, 15790, SetPipelineState, 
15912, 15790, SetPipelineState, 
15913, 15790, SetGraphicsRootConstantBufferView, 
15914, 15790, SetPipelineState, 
15915, 15790, SetGraphicsRoot32BitConstants, 
15916, 15790, IASetVertexBuffers, 
15917, 15790, IASetPrimitiveTopology, 
15918, 15790, IASetIndexBuffer, 
15919, 15790, DrawIndexedInstanced, 1799
15920, 15790, SetGraphicsRootConstantBufferView, 
15921, 15790, SetPipelineState, 
15922, 15790, SetPipelineState, 
15923, 15790, SetGraphicsRootConstantBufferView, 
15924, 15790, SetPipelineState, 
15925, 15790, SetGraphicsRoot32BitConstants, 
15926, 15790, IASetVertexBuffers, 
15927, 15790, IASetPrimitiveTopology, 
15928, 15790, IASetIndexBuffer, 
15929, 15790, DrawIndexedInstanced, 1800
15930, 15790, SetGraphicsRootConstantBufferView, 
15931, 15790, SetPipelineState, 
15932, 15790, SetPipelineState, 
15933, 15790, SetGraphicsRootConstantBufferView, 
15934, 15790, SetPipelineState, 
15935, 15790, SetGraphicsRoot32BitConstants, 
15936, 15790, IASetVertexBuffers, 
15937, 15790, IASetPrimitiveTopology, 
15938, 15790, IASetIndexBuffer, 
15939, 15790, DrawIndexedInstanced, 1801
15940, 15790, SetPipelineState, 
15941, 15340, EndQuery, 
15942, 15340, SetGraphicsRootConstantBufferView, 
15943, 15340, SetPipelineState, 
15944, 15340, SetPipelineState, 
15945, 15340, SetGraphicsRootConstantBufferView, 
15946, 15340, SetPipelineState, 
15947, 15340, IASetVertexBuffers, 
15948, 15340, IASetPrimitiveTopology, 
15949, 15340, IASetIndexBuffer, 
15950, 15340, DrawIndexedInstanced, 1802
15951, 15340, SetPipelineState, 
15952, 15340, SetPipelineState, 
15953, 15340, SetGraphicsRootConstantBufferView, 
15954, 15340, SetPipelineState, 
15955, 15340, IASetVertexBuffers, 
15956, 15340, IASetPrimitiveTopology, 
15957, 15340, IASetIndexBuffer, 
15958, 15340, DrawIndexedInstanced, 1803
15959, 15340, SetPipelineState, 
15960, 15340, SetPipelineState, 
15961, 15340, SetGraphicsRootConstantBufferView, 
15962, 15340, SetDescriptorHeaps, 
15963, 15340, SetGraphicsRootSignature, 
15964, 15340, SetGraphicsRootConstantBufferView, 
15965, 15340, SetGraphicsRootConstantBufferView, 
15966, 15340, SetGraphicsRootConstantBufferView, 
15967, 15340, SetGraphicsRootConstantBufferView, 
15968, 15340, SetGraphicsRootConstantBufferView, 
15969, 15340, SetGraphicsRootConstantBufferView, 
15970, 15340, SetGraphicsRootConstantBufferView, 
15971, 15340, SetPipelineState, 
15972, 15340, SetGraphicsRootConstantBufferView, 
15973, 15340, IASetVertexBuffers, 
15974, 15340, IASetPrimitiveTopology, 
15975, 15340, DrawInstanced, 1804
15976, 15340, SetGraphicsRootConstantBufferView, 
15977, 15340, SetPipelineState, 
15978, 15340, SetGraphicsRootConstantBufferView, 
15979, 15340, IASetVertexBuffers, 
15980, 15340, IASetPrimitiveTopology, 
15981, 15340, DrawInstanced, 1805
15982, 15340, SetPipelineState, 
15983, 15340, SetPipelineState, 
15984, 15340, SetPipelineState, 
15985, 15340, SetGraphicsRootConstantBufferView, 
15986, 15340, SetPipelineState, 
15987, 15340, SetDescriptorHeaps, 
15988, 15340, SetGraphicsRootSignature, 
15989, 15340, SetGraphicsRootConstantBufferView, 
15990, 15340, SetGraphicsRootConstantBufferView, 
15991, 15340, SetGraphicsRootConstantBufferView, 
15992, 15340, SetGraphicsRootConstantBufferView, 
15993, 15340, SetGraphicsRootConstantBufferView, 
15994, 15340, SetGraphicsRootConstantBufferView, 
15995, 15340, SetGraphicsRootConstantBufferView, 
15996, 15340, SetGraphicsRootDescriptorTable, 
15997, 15340, SetGraphicsRootDescriptorTable, 
15998, 15340, SetPipelineState, 
15999, 15340, SetGraphicsRootConstantBufferView, 
16000, 15340, SetPipelineState, 
16001, 15340, IASetVertexBuffers, 
16002, 15340, IASetPrimitiveTopology, 
16003, 15340, IASetIndexBuffer, 
16004, 15340, DrawIndexedInstanced, 1806
16005, 15340, SetPipelineState, 
16006, 15340, SetGraphicsRootConstantBufferView, 
16007, 15340, SetPipelineState, 
16008, 15340, SetPipelineState, 
16009, 15340, SetGraphicsRootConstantBufferView, 
16010, 15340, SetPipelineState, 
16011, 15340, SetGraphicsRootShaderResourceView, 
16012, 15340, SetGraphicsRootShaderResourceView, 
16013, 15340, SetGraphicsRootShaderResourceView, 
16014, 15340, SetGraphicsRootShaderResourceView, 
16015, 15340, SetGraphicsRootShaderResourceView, 
16016, 15340, SetGraphicsRootShaderResourceView, 
16017, 15340, SetGraphicsRootDescriptorTable, 
16018, 15340, SetGraphicsRootShaderResourceView, 
16019, 15340, SetGraphicsRootShaderResourceView, 
16020, 15340, SetGraphicsRootShaderResourceView, 
16021, 15340, SetGraphicsRoot32BitConstants, 
16022, 15340, DispatchMesh, 1807
16023, 15340, SetPipelineState, 
16024, 15340, SetPipelineState, 
16025, 15340, SetGraphicsRootConstantBufferView, 
16026, 15340, SetPipelineState, 
16027, 15340, SetGraphicsRootShaderResourceView, 
16028, 15340, SetGraphicsRootShaderResourceView, 
16029, 15340, SetGraphicsRootShaderResourceView, 
16030, 15340, SetGraphicsRootShaderResourceView, 
16031, 15340, SetGraphicsRootShaderResourceView, 
16032, 15340, SetGraphicsRootShaderResourceView, 
16033, 15340, SetGraphicsRootDescriptorTable, 
16034, 15340, SetGraphicsRootShaderResourceView, 
16035, 15340, SetGraphicsRootShaderResourceView, 
16036, 15340, SetGraphicsRootShaderResourceView, 
16037, 15340, SetGraphicsRoot32BitConstants, 
16038, 15340, DispatchMesh, 1808
16039, 15340, SetPipelineState, 
16040, 15340, EndQuery, 
16041, 15340, <deprecated - use pix3.h instead> FE/StaticBatches, 
16042, 15340, EndQuery, 
16043, -1, EndQuery, 
16044, -1, EndQuery, 
16045, -1, <deprecated - use pix3.h instead> Bandits, 
16046, 16045, SetGraphicsRootConstantBufferView, 
16047, 16045, SetPipelineState, 
16048, 16045, SetPipelineState, 
16049, 16045, SetGraphicsRootConstantBufferView, 
16050, 16045, SetPipelineState, 
16051, 16045, SetGraphicsRootShaderResourceView, 
16052, 16045, SetGraphicsRootShaderResourceView, 
16053, 16045, SetGraphicsRootShaderResourceView, 
16054, 16045, SetGraphicsRootShaderResourceView, 
16055, 16045, SetGraphicsRootShaderResourceView, 
16056, 16045, SetGraphicsRootShaderResourceView, 
16057, 16045, SetGraphicsRootDescriptorTable, 
16058, 16045, SetGraphicsRootShaderResourceView, 
16059, 16045, SetGraphicsRootShaderResourceView, 
16060, 16045, SetGraphicsRootShaderResourceView, 
16061, 16045, SetGraphicsRoot32BitConstants, 
16062, 16045, DispatchMesh, 1809
16063, 16045, SetPipelineState, 
16064, 16045, SetGraphicsRootConstantBufferView, 
16065, 16045, SetPipelineState, 
16066, 16045, SetPipelineState, 
16067, 16045, SetGraphicsRootConstantBufferView, 
16068, 16045, SetPipelineState, 
16069, 16045, IASetVertexBuffers, 
16070, 16045, IASetPrimitiveTopology, 
16071, 16045, IASetIndexBuffer, 
16072, 16045, DrawIndexedInstanced, 1810
16073, 16045, SetGraphicsRootConstantBufferView, 
16074, 16045, SetPipelineState, 
16075, 16045, SetPipelineState, 
16076, 16045, SetGraphicsRootConstantBufferView, 
16077, 16045, SetPipelineState, 
16078, 16045, SetGraphicsRootShaderResourceView, 
16079, 16045, SetGraphicsRootShaderResourceView, 
16080, 16045, SetGraphicsRootShaderResourceView, 
16081, 16045, SetGraphicsRootShaderResourceView, 
16082, 16045, SetGraphicsRootShaderResourceView, 
16083, 16045, SetGraphicsRootShaderResourceView, 
16084, 16045, SetGraphicsRootDescriptorTable, 
16085, 16045, SetGraphicsRootShaderResourceView, 
16086, 16045, SetGraphicsRootShaderResourceView, 
16087, 16045, SetGraphicsRootShaderResourceView, 
16088, 16045, SetGraphicsRoot32BitConstants, 
16089, 16045, DispatchMesh, 1811
16090, 16045, SetPipelineState, 
16091, 16045, SetGraphicsRootConstantBufferView, 
16092, 16045, SetPipelineState, 
16093, 16045, SetPipelineState, 
16094, 16045, SetGraphicsRootConstantBufferView, 
16095, 16045, SetPipelineState, 
16096, 16045, IASetVertexBuffers, 
16097, 16045, IASetPrimitiveTopology, 
16098, 16045, IASetIndexBuffer, 
16099, 16045, DrawIndexedInstanced, 1812
16100, 16045, SetGraphicsRootConstantBufferView, 
16101, 16045, SetPipelineState, 
16102, 16045, SetPipelineState, 
16103, 16045, SetGraphicsRootConstantBufferView, 
16104, 16045, SetPipelineState, 
16105, 16045, SetGraphicsRootShaderResourceView, 
16106, 16045, SetGraphicsRootShaderResourceView, 
16107, 16045, SetGraphicsRootShaderResourceView, 
16108, 16045, SetGraphicsRootShaderResourceView, 
16109, 16045, SetGraphicsRootShaderResourceView, 
16110, 16045, SetGraphicsRootShaderResourceView, 
16111, 16045, SetGraphicsRootDescriptorTable, 
16112, 16045, SetGraphicsRootShaderResourceView, 
16113, 16045, SetGraphicsRootShaderResourceView, 
16114, 16045, SetGraphicsRootShaderResourceView, 
16115, 16045, SetGraphicsRoot32BitConstants, 
16116, 16045, DispatchMesh, 1813
16117, 16045, SetGraphicsRootConstantBufferView, 
16118, 16045, SetPipelineState, 
16119, 16045, SetPipelineState, 
16120, 16045, SetGraphicsRootConstantBufferView, 
16121, 16045, SetPipelineState, 
16122, 16045, SetGraphicsRootShaderResourceView, 
16123, 16045, SetGraphicsRootShaderResourceView, 
16124, 16045, SetGraphicsRootShaderResourceView, 
16125, 16045, SetGraphicsRootShaderResourceView, 
16126, 16045, SetGraphicsRootShaderResourceView, 
16127, 16045, SetGraphicsRootShaderResourceView, 
16128, 16045, SetGraphicsRootDescriptorTable, 
16129, 16045, SetGraphicsRootShaderResourceView, 
16130, 16045, SetGraphicsRootShaderResourceView, 
16131, 16045, SetGraphicsRootShaderResourceView, 
16132, 16045, SetGraphicsRoot32BitConstants, 
16133, 16045, DispatchMesh, 1814
16134, 16045, SetPipelineState, 
16135, 16045, SetGraphicsRootConstantBufferView, 
16136, 16045, SetPipelineState, 
16137, 16045, SetPipelineState, 
16138, 16045, SetGraphicsRootConstantBufferView, 
16139, 16045, SetPipelineState, 
16140, 16045, IASetVertexBuffers, 
16141, 16045, IASetPrimitiveTopology, 
16142, 16045, IASetIndexBuffer, 
16143, 16045, DrawIndexedInstanced, 1815
16144, 16045, SetGraphicsRootConstantBufferView, 
16145, 16045, SetPipelineState, 
16146, 16045, SetPipelineState, 
16147, 16045, SetGraphicsRootConstantBufferView, 
16148, 16045, SetPipelineState, 
16149, 16045, SetGraphicsRootShaderResourceView, 
16150, 16045, SetGraphicsRootShaderResourceView, 
16151, 16045, SetGraphicsRootShaderResourceView, 
16152, 16045, SetGraphicsRootShaderResourceView, 
16153, 16045, SetGraphicsRootShaderResourceView, 
16154, 16045, SetGraphicsRootShaderResourceView, 
16155, 16045, SetGraphicsRootDescriptorTable, 
16156, 16045, SetGraphicsRootShaderResourceView, 
16157, 16045, SetGraphicsRootShaderResourceView, 
16158, 16045, SetGraphicsRootShaderResourceView, 
16159, 16045, SetGraphicsRoot32BitConstants, 
16160, 16045, DispatchMesh, 1816
16161, 16045, SetPipelineState, 
16162, 16045, SetGraphicsRootConstantBufferView, 
16163, 16045, SetPipelineState, 
16164, 16045, SetPipelineState, 
16165, 16045, SetGraphicsRootConstantBufferView, 
16166, 16045, SetPipelineState, 
16167, 16045, IASetVertexBuffers, 
16168, 16045, IASetPrimitiveTopology, 
16169, 16045, IASetIndexBuffer, 
16170, 16045, DrawIndexedInstanced, 1817
16171, 16045, SetGraphicsRootConstantBufferView, 
16172, 16045, SetPipelineState, 
16173, 16045, SetPipelineState, 
16174, 16045, SetGraphicsRootConstantBufferView, 
16175, 16045, SetPipelineState, 
16176, 16045, SetGraphicsRootShaderResourceView, 
16177, 16045, SetGraphicsRootShaderResourceView, 
16178, 16045, SetGraphicsRootShaderResourceView, 
16179, 16045, SetGraphicsRootShaderResourceView, 
16180, 16045, SetGraphicsRootShaderResourceView, 
16181, 16045, SetGraphicsRootShaderResourceView, 
16182, 16045, SetGraphicsRootDescriptorTable, 
16183, 16045, SetGraphicsRootShaderResourceView, 
16184, 16045, SetGraphicsRootShaderResourceView, 
16185, 16045, SetGraphicsRootShaderResourceView, 
16186, 16045, SetGraphicsRoot32BitConstants, 
16187, 16045, DispatchMesh, 1818
16188, 16045, SetPipelineState, 
16189, 16045, SetGraphicsRootConstantBufferView, 
16190, 16045, SetPipelineState, 
16191, 16045, SetPipelineState, 
16192, 16045, SetGraphicsRootConstantBufferView, 
16193, 16045, SetPipelineState, 
16194, 16045, IASetVertexBuffers, 
16195, 16045, IASetPrimitiveTopology, 
16196, 16045, IASetIndexBuffer, 
16197, 16045, DrawIndexedInstanced, 1819
16198, 16045, SetGraphicsRootConstantBufferView, 
16199, 16045, SetPipelineState, 
16200, 16045, SetPipelineState, 
16201, 16045, SetGraphicsRootConstantBufferView, 
16202, 16045, SetPipelineState, 
16203, 16045, SetGraphicsRootShaderResourceView, 
16204, 16045, SetGraphicsRootShaderResourceView, 
16205, 16045, SetGraphicsRootShaderResourceView, 
16206, 16045, SetGraphicsRootShaderResourceView, 
16207, 16045, SetGraphicsRootShaderResourceView, 
16208, 16045, SetGraphicsRootShaderResourceView, 
16209, 16045, SetGraphicsRootDescriptorTable, 
16210, 16045, SetGraphicsRootShaderResourceView, 
16211, 16045, SetGraphicsRootShaderResourceView, 
16212, 16045, SetGraphicsRootShaderResourceView, 
16213, 16045, SetGraphicsRoot32BitConstants, 
16214, 16045, DispatchMesh, 1820
16215, 16045, SetPipelineState, 
16216, 16045, SetGraphicsRootConstantBufferView, 
16217, 16045, SetPipelineState, 
16218, 16045, SetPipelineState, 
16219, 16045, SetGraphicsRootConstantBufferView, 
16220, 16045, SetPipelineState, 
16221, 16045, IASetVertexBuffers, 
16222, 16045, IASetPrimitiveTopology, 
16223, 16045, IASetIndexBuffer, 
16224, 16045, DrawIndexedInstanced, 1821
16225, 16045, SetGraphicsRootConstantBufferView, 
16226, 16045, SetPipelineState, 
16227, 16045, SetPipelineState, 
16228, 16045, SetGraphicsRootConstantBufferView, 
16229, 16045, SetPipelineState, 
16230, 16045, SetGraphicsRootShaderResourceView, 
16231, 16045, SetGraphicsRootShaderResourceView, 
16232, 16045, SetGraphicsRootShaderResourceView, 
16233, 16045, SetGraphicsRootShaderResourceView, 
16234, 16045, SetGraphicsRootShaderResourceView, 
16235, 16045, SetGraphicsRootShaderResourceView, 
16236, 16045, SetGraphicsRootDescriptorTable, 
16237, 16045, SetGraphicsRootShaderResourceView, 
16238, 16045, SetGraphicsRootShaderResourceView, 
16239, 16045, SetGraphicsRootShaderResourceView, 
16240, 16045, SetGraphicsRoot32BitConstants, 
16241, 16045, DispatchMesh, 1822
16242, 16045, SetGraphicsRootConstantBufferView, 
16243, 16045, SetPipelineState, 
16244, 16045, SetPipelineState, 
16245, 16045, SetGraphicsRootConstantBufferView, 
16246, 16045, SetPipelineState, 
16247, 16045, SetGraphicsRootShaderResourceView, 
16248, 16045, SetGraphicsRootShaderResourceView, 
16249, 16045, SetGraphicsRootShaderResourceView, 
16250, 16045, SetGraphicsRootShaderResourceView, 
16251, 16045, SetGraphicsRootShaderResourceView, 
16252, 16045, SetGraphicsRootShaderResourceView, 
16253, 16045, SetGraphicsRootDescriptorTable, 
16254, 16045, SetGraphicsRootShaderResourceView, 
16255, 16045, SetGraphicsRootShaderResourceView, 
16256, 16045, SetGraphicsRootShaderResourceView, 
16257, 16045, SetGraphicsRoot32BitConstants, 
16258, 16045, DispatchMesh, 1823
16259, 16045, SetPipelineState, 
16260, 16045, SetGraphicsRootConstantBufferView, 
16261, 16045, SetPipelineState, 
16262, 16045, SetPipelineState, 
16263, 16045, SetGraphicsRootConstantBufferView, 
16264, 16045, SetPipelineState, 
16265, 16045, IASetVertexBuffers, 
16266, 16045, IASetPrimitiveTopology, 
16267, 16045, IASetIndexBuffer, 
16268, 16045, DrawIndexedInstanced, 1824
16269, 16045, SetGraphicsRootConstantBufferView, 
16270, 16045, SetPipelineState, 
16271, 16045, SetPipelineState, 
16272, 16045, SetGraphicsRootConstantBufferView, 
16273, 16045, SetPipelineState, 
16274, 16045, SetGraphicsRootShaderResourceView, 
16275, 16045, SetGraphicsRootShaderResourceView, 
16276, 16045, SetGraphicsRootShaderResourceView, 
16277, 16045, SetGraphicsRootShaderResourceView, 
16278, 16045, SetGraphicsRootShaderResourceView, 
16279, 16045, SetGraphicsRootShaderResourceView, 
16280, 16045, SetGraphicsRootDescriptorTable, 
16281, 16045, SetGraphicsRootShaderResourceView, 
16282, 16045, SetGraphicsRootShaderResourceView, 
16283, 16045, SetGraphicsRootShaderResourceView, 
16284, 16045, SetGraphicsRoot32BitConstants, 
16285, 16045, DispatchMesh, 1825
16286, 16045, SetGraphicsRootConstantBufferView, 
16287, 16045, SetPipelineState, 
16288, 16045, SetPipelineState, 
16289, 16045, SetGraphicsRootConstantBufferView, 
16290, 16045, SetPipelineState, 
16291, 16045, SetGraphicsRootShaderResourceView, 
16292, 16045, SetGraphicsRootShaderResourceView, 
16293, 16045, SetGraphicsRootShaderResourceView, 
16294, 16045, SetGraphicsRootShaderResourceView, 
16295, 16045, SetGraphicsRootShaderResourceView, 
16296, 16045, SetGraphicsRootShaderResourceView, 
16297, 16045, SetGraphicsRootDescriptorTable, 
16298, 16045, SetGraphicsRootShaderResourceView, 
16299, 16045, SetGraphicsRootShaderResourceView, 
16300, 16045, SetGraphicsRootShaderResourceView, 
16301, 16045, SetGraphicsRoot32BitConstants, 
16302, 16045, DispatchMesh, 1826
16303, 16045, SetGraphicsRootConstantBufferView, 
16304, 16045, SetPipelineState, 
16305, 16045, SetPipelineState, 
16306, 16045, SetGraphicsRootConstantBufferView, 
16307, 16045, SetPipelineState, 
16308, 16045, SetGraphicsRootShaderResourceView, 
16309, 16045, SetGraphicsRootShaderResourceView, 
16310, 16045, SetGraphicsRootShaderResourceView, 
16311, 16045, SetGraphicsRootShaderResourceView, 
16312, 16045, SetGraphicsRootShaderResourceView, 
16313, 16045, SetGraphicsRootShaderResourceView, 
16314, 16045, SetGraphicsRootDescriptorTable, 
16315, 16045, SetGraphicsRootShaderResourceView, 
16316, 16045, SetGraphicsRootShaderResourceView, 
16317, 16045, SetGraphicsRootShaderResourceView, 
16318, 16045, SetGraphicsRoot32BitConstants, 
16319, 16045, DispatchMesh, 1827
16320, 16045, SetPipelineState, 
16321, 16045, SetGraphicsRootConstantBufferView, 
16322, 16045, SetPipelineState, 
16323, 16045, SetPipelineState, 
16324, 16045, SetGraphicsRootConstantBufferView, 
16325, 16045, SetPipelineState, 
16326, 16045, IASetVertexBuffers, 
16327, 16045, IASetPrimitiveTopology, 
16328, 16045, IASetIndexBuffer, 
16329, 16045, DrawIndexedInstanced, 1828
16330, 16045, SetGraphicsRootConstantBufferView, 
16331, 16045, SetPipelineState, 
16332, 16045, SetPipelineState, 
16333, 16045, SetGraphicsRootConstantBufferView, 
16334, 16045, SetPipelineState, 
16335, 16045, SetGraphicsRootShaderResourceView, 
16336, 16045, SetGraphicsRootShaderResourceView, 
16337, 16045, SetGraphicsRootShaderResourceView, 
16338, 16045, SetGraphicsRootShaderResourceView, 
16339, 16045, SetGraphicsRootShaderResourceView, 
16340, 16045, SetGraphicsRootShaderResourceView, 
16341, 16045, SetGraphicsRootDescriptorTable, 
16342, 16045, SetGraphicsRootShaderResourceView, 
16343, 16045, SetGraphicsRootShaderResourceView, 
16344, 16045, SetGraphicsRootShaderResourceView, 
16345, 16045, SetGraphicsRoot32BitConstants, 
16346, 16045, DispatchMesh, 1829
16347, 16045, SetGraphicsRootConstantBufferView, 
16348, 16045, SetPipelineState, 
16349, 16045, SetPipelineState, 
16350, 16045, SetGraphicsRootConstantBufferView, 
16351, 16045, SetPipelineState, 
16352, 16045, SetGraphicsRootShaderResourceView, 
16353, 16045, SetGraphicsRootShaderResourceView, 
16354, 16045, SetGraphicsRootShaderResourceView, 
16355, 16045, SetGraphicsRootShaderResourceView, 
16356, 16045, SetGraphicsRootShaderResourceView, 
16357, 16045, SetGraphicsRootShaderResourceView, 
16358, 16045, SetGraphicsRootDescriptorTable, 
16359, 16045, SetGraphicsRootShaderResourceView, 
16360, 16045, SetGraphicsRootShaderResourceView, 
16361, 16045, SetGraphicsRootShaderResourceView, 
16362, 16045, SetGraphicsRoot32BitConstants, 
16363, 16045, DispatchMesh, 1830
16364, 16045, SetPipelineState, 
16365, 16045, SetGraphicsRootConstantBufferView, 
16366, 16045, SetPipelineState, 
16367, 16045, SetPipelineState, 
16368, 16045, SetGraphicsRootConstantBufferView, 
16369, 16045, SetPipelineState, 
16370, 16045, IASetVertexBuffers, 
16371, 16045, IASetPrimitiveTopology, 
16372, 16045, IASetIndexBuffer, 
16373, 16045, DrawIndexedInstanced, 1831
16374, 16045, SetGraphicsRootConstantBufferView, 
16375, 16045, SetPipelineState, 
16376, 16045, SetPipelineState, 
16377, 16045, SetGraphicsRootConstantBufferView, 
16378, 16045, SetPipelineState, 
16379, 16045, SetGraphicsRootShaderResourceView, 
16380, 16045, SetGraphicsRootShaderResourceView, 
16381, 16045, SetGraphicsRootShaderResourceView, 
16382, 16045, SetGraphicsRootShaderResourceView, 
16383, 16045, SetGraphicsRootShaderResourceView, 
16384, 16045, SetGraphicsRootShaderResourceView, 
16385, 16045, SetGraphicsRootDescriptorTable, 
16386, 16045, SetGraphicsRootShaderResourceView, 
16387, 16045, SetGraphicsRootShaderResourceView, 
16388, 16045, SetGraphicsRootShaderResourceView, 
16389, 16045, SetGraphicsRoot32BitConstants, 
16390, 16045, DispatchMesh, 1832
16391, 16045, SetPipelineState, 
16392, 16045, SetGraphicsRootConstantBufferView, 
16393, 16045, SetPipelineState, 
16394, 16045, SetPipelineState, 
16395, 16045, SetGraphicsRootConstantBufferView, 
16396, 16045, SetPipelineState, 
16397, 16045, IASetVertexBuffers, 
16398, 16045, IASetPrimitiveTopology, 
16399, 16045, IASetIndexBuffer, 
16400, 16045, DrawIndexedInstanced, 1833
16401, 16045, SetGraphicsRootConstantBufferView, 
16402, 16045, SetPipelineState, 
16403, 16045, SetPipelineState, 
16404, 16045, SetGraphicsRootConstantBufferView, 
16405, 16045, SetPipelineState, 
16406, 16045, SetGraphicsRootShaderResourceView, 
16407, 16045, SetGraphicsRootShaderResourceView, 
16408, 16045, SetGraphicsRootShaderResourceView, 
16409, 16045, SetGraphicsRootShaderResourceView, 
16410, 16045, SetGraphicsRootShaderResourceView, 
16411, 16045, SetGraphicsRootShaderResourceView, 
16412, 16045, SetGraphicsRootDescriptorTable, 
16413, 16045, SetGraphicsRootShaderResourceView, 
16414, 16045, SetGraphicsRootShaderResourceView, 
16415, 16045, SetGraphicsRootShaderResourceView, 
16416, 16045, SetGraphicsRoot32BitConstants, 
16417, 16045, DispatchMesh, 1834
16418, 16045, SetPipelineState, 
16419, 16045, SetGraphicsRootConstantBufferView, 
16420, 16045, SetPipelineState, 
16421, 16045, SetPipelineState, 
16422, 16045, SetGraphicsRootConstantBufferView, 
16423, 16045, SetPipelineState, 
16424, 16045, IASetVertexBuffers, 
16425, 16045, IASetPrimitiveTopology, 
16426, 16045, IASetIndexBuffer, 
16427, 16045, DrawIndexedInstanced, 1835
16428, 16045, SetGraphicsRootConstantBufferView, 
16429, 16045, SetPipelineState, 
16430, 16045, SetPipelineState, 
16431, 16045, SetGraphicsRootConstantBufferView, 
16432, 16045, SetPipelineState, 
16433, 16045, SetGraphicsRootShaderResourceView, 
16434, 16045, SetGraphicsRootShaderResourceView, 
16435, 16045, SetGraphicsRootShaderResourceView, 
16436, 16045, SetGraphicsRootShaderResourceView, 
16437, 16045, SetGraphicsRootShaderResourceView, 
16438, 16045, SetGraphicsRootShaderResourceView, 
16439, 16045, SetGraphicsRootDescriptorTable, 
16440, 16045, SetGraphicsRootShaderResourceView, 
16441, 16045, SetGraphicsRootShaderResourceView, 
16442, 16045, SetGraphicsRootShaderResourceView, 
16443, 16045, SetGraphicsRoot32BitConstants, 
16444, 16045, DispatchMesh, 1836
16445, 16045, SetPipelineState, 
16446, 16045, SetGraphicsRootConstantBufferView, 
16447, 16045, SetPipelineState, 
16448, 16045, SetPipelineState, 
16449, 16045, SetGraphicsRootConstantBufferView, 
16450, 16045, SetPipelineState, 
16451, 16045, IASetVertexBuffers, 
16452, 16045, IASetPrimitiveTopology, 
16453, 16045, IASetIndexBuffer, 
16454, 16045, DrawIndexedInstanced, 1837
16455, 16045, SetGraphicsRootConstantBufferView, 
16456, 16045, SetPipelineState, 
16457, 16045, SetPipelineState, 
16458, 16045, SetGraphicsRootConstantBufferView, 
16459, 16045, SetPipelineState, 
16460, 16045, SetGraphicsRootShaderResourceView, 
16461, 16045, SetGraphicsRootShaderResourceView, 
16462, 16045, SetGraphicsRootShaderResourceView, 
16463, 16045, SetGraphicsRootShaderResourceView, 
16464, 16045, SetGraphicsRootShaderResourceView, 
16465, 16045, SetGraphicsRootShaderResourceView, 
16466, 16045, SetGraphicsRootDescriptorTable, 
16467, 16045, SetGraphicsRootShaderResourceView, 
16468, 16045, SetGraphicsRootShaderResourceView, 
16469, 16045, SetGraphicsRootShaderResourceView, 
16470, 16045, SetGraphicsRoot32BitConstants, 
16471, 16045, DispatchMesh, 1838
16472, 16045, SetPipelineState, 
16473, 16045, SetGraphicsRootConstantBufferView, 
16474, 16045, SetPipelineState, 
16475, 16045, SetPipelineState, 
16476, 16045, SetGraphicsRootConstantBufferView, 
16477, 16045, SetPipelineState, 
16478, 16045, IASetVertexBuffers, 
16479, 16045, IASetPrimitiveTopology, 
16480, 16045, IASetIndexBuffer, 
16481, 16045, DrawIndexedInstanced, 1839
16482, 16045, SetPipelineState, 
16483, -1, EndQuery, 
16484, -1, EndQuery, 
16485, -1, <deprecated - use pix3.h instead> Impact Particles, 
16486, 16485, SetPipelineState, 
16487, 16485, SetGraphicsRootSignature, 
16488, 16485, SetDescriptorHeaps, 
16489, 16485, SetGraphicsRootConstantBufferView, 
16490, 16485, IASetPrimitiveTopology, 
16491, 16485, SetPipelineState, 
16492, 16485, SetGraphicsRootShaderResourceView, 
16493, 16485, SetGraphicsRootDescriptorTable, 
16494, 16485, DrawInstanced, 1840
16495, 16485, SetPipelineState, 
16496, 16485, SetGraphicsRootShaderResourceView, 
16497, 16485, SetGraphicsRootDescriptorTable, 
16498, 16485, DrawInstanced, 1841
16499, 16485, SetPipelineState, 
16500, 16485, SetGraphicsRootShaderResourceView, 
16501, 16485, SetGraphicsRootDescriptorTable, 
16502, 16485, DrawInstanced, 1842
16503, 16485, SetDescriptorHeaps, 
16504, 16485, SetGraphicsRootSignature, 
16505, 16485, SetGraphicsRootConstantBufferView, 
16506, 16485, SetGraphicsRootConstantBufferView, 
16507, 16485, SetGraphicsRootConstantBufferView, 
16508, 16485, SetGraphicsRootConstantBufferView, 
16509, 16485, SetGraphicsRootConstantBufferView, 
16510, 16485, SetGraphicsRootConstantBufferView, 
16511, 16485, SetGraphicsRootConstantBufferView, 
16512, 16485, SetGraphicsRootDescriptorTable, 
16513, 16485, SetGraphicsRootDescriptorTable, 
16514, 16485, SetPipelineState, 
16515, 16485, SetPipelineState, 
16516, 16485, SetPipelineState, 
16517, 16485, SetPipelineState, 
16518, 16485, SetPipelineState, 
16519, -1, EndQuery, 
16520, -1, EndQuery, 
16521, -1, <deprecated - use pix3.h instead> Grass 4x MSAA, 
16522, 16521, ResourceBarrier, 1843
16523, 16521, ClearRenderTargetView, 1844
16524, 16521, ClearDepthStencilView, 1845
16525, 16521, OMSetRenderTargets, 
16526, 16521, RSSetViewports, 
16527, 16521, RSSetScissorRects, 
16528, 16521, SetDescriptorHeaps, 
16529, 16521, SetGraphicsRootSignature, 
16530, 16521, SetGraphicsRootConstantBufferView, 
16531, 16521, SetGraphicsRootConstantBufferView, 
16532, 16521, SetGraphicsRootConstantBufferView, 
16533, 16521, SetGraphicsRootConstantBufferView, 
16534, 16521, SetGraphicsRootConstantBufferView, 
16535, 16521, SetGraphicsRootConstantBufferView, 
16536, 16521, SetGraphicsRootConstantBufferView, 
16537, 16521, SetGraphicsRootDescriptorTable, 
16538, 16521, SetGraphicsRootDescriptorTable, 
16539, 16521, SetPipelineState, 
16540, 16521, SetDescriptorHeaps, 
16541, 16521, SetGraphicsRootDescriptorTable, 
16542, 16521, SetGraphicsRootDescriptorTable, 
16543, 16521, SetGraphicsRootConstantBufferView, 
16544, 16521, SetDescriptorHeaps, 
16545, 16521, SetGraphicsRootSignature, 
16546, 16521, SetGraphicsRootConstantBufferView, 
16547, 16521, SetGraphicsRootConstantBufferView, 
16548, 16521, SetGraphicsRootConstantBufferView, 
16549, 16521, SetGraphicsRootConstantBufferView, 
16550, 16521, SetGraphicsRootConstantBufferView, 
16551, 16521, SetGraphicsRootConstantBufferView, 
16552, 16521, SetGraphicsRootConstantBufferView, 
16553, 16521, SetPipelineState, 
16554, 16521, SetGraphicsRootConstantBufferView, 
16555, 16521, SetGraphicsRoot32BitConstants, 
16556, 16521, SetGraphicsRootShaderResourceView, 
16557, 16521, SetPipelineState, 
16558, 16521, IASetVertexBuffers, 
16559, 16521, IASetIndexBuffer, 
16560, 16521, IASetPrimitiveTopology, 
16561, 16521, SetGraphicsRoot32BitConstants, 
16562, 16521, DrawIndexedInstanced, 1846
16563, 16521, SetGraphicsRoot32BitConstants, 
16564, 16521, DrawIndexedInstanced, 1847
16565, 16521, SetGraphicsRoot32BitConstants, 
16566, 16521, DrawIndexedInstanced, 1848
16567, 16521, SetGraphicsRoot32BitConstants, 
16568, 16521, DrawIndexedInstanced, 1849
16569, 16521, SetGraphicsRoot32BitConstants, 
16570, 16521, DrawIndexedInstanced, 1850
16571, 16521, SetGraphicsRoot32BitConstants, 
16572, 16521, DrawIndexedInstanced, 1851
16573, 16521, SetGraphicsRoot32BitConstants, 
16574, 16521, DrawIndexedInstanced, 1852
16575, 16521, SetGraphicsRoot32BitConstants, 
16576, 16521, DrawIndexedInstanced, 1853
16577, 16521, SetGraphicsRoot32BitConstants, 
16578, 16521, DrawIndexedInstanced, 1854
16579, 16521, SetGraphicsRoot32BitConstants, 
16580, 16521, DrawIndexedInstanced, 1855
16581, 16521, SetGraphicsRoot32BitConstants, 
16582, 16521, DrawIndexedInstanced, 1856
16583, 16521, SetGraphicsRoot32BitConstants, 
16584, 16521, DrawIndexedInstanced, 1857
16585, 16521, SetGraphicsRoot32BitConstants, 
16586, 16521, DrawIndexedInstanced, 1858
16587, 16521, SetGraphicsRoot32BitConstants, 
16588, 16521, DrawIndexedInstanced, 1859
16589, 16521, SetGraphicsRoot32BitConstants, 
16590, 16521, DrawIndexedInstanced, 1860
16591, 16521, SetGraphicsRoot32BitConstants, 
16592, 16521, DrawIndexedInstanced, 1861
16593, 16521, SetGraphicsRoot32BitConstants, 
16594, 16521, DrawIndexedInstanced, 1862
16595, 16521, SetGraphicsRoot32BitConstants, 
16596, 16521, DrawIndexedInstanced, 1863
16597, 16521, SetGraphicsRoot32BitConstants, 
16598, 16521, DrawIndexedInstanced, 1864
16599, 16521, SetGraphicsRoot32BitConstants, 
16600, 16521, DrawIndexedInstanced, 1865
16601, 16521, SetGraphicsRoot32BitConstants, 
16602, 16521, DrawIndexedInstanced, 1866
16603, 16521, SetGraphicsRoot32BitConstants, 
16604, 16521, DrawIndexedInstanced, 1867
16605, 16521, SetGraphicsRoot32BitConstants, 
16606, 16521, DrawIndexedInstanced, 1868
16607, 16521, SetGraphicsRoot32BitConstants, 
16608, 16521, DrawIndexedInstanced, 1869
16609, 16521, SetGraphicsRoot32BitConstants, 
16610, 16521, DrawIndexedInstanced, 1870
16611, 16521, SetGraphicsRoot32BitConstants, 
16612, 16521, DrawIndexedInstanced, 1871
16613, 16521, SetGraphicsRoot32BitConstants, 
16614, 16521, DrawIndexedInstanced, 1872
16615, 16521, SetGraphicsRoot32BitConstants, 
16616, 16521, DrawIndexedInstanced, 1873
16617, 16521, SetGraphicsRoot32BitConstants, 
16618, 16521, DrawIndexedInstanced, 1874
16619, 16521, SetGraphicsRoot32BitConstants, 
16620, 16521, DrawIndexedInstanced, 1875
16621, 16521, SetGraphicsRoot32BitConstants, 
16622, 16521, DrawIndexedInstanced, 1876
16623, 16521, SetGraphicsRoot32BitConstants, 
16624, 16521, DrawIndexedInstanced, 1877
16625, 16521, SetGraphicsRoot32BitConstants, 
16626, 16521, DrawIndexedInstanced, 1878
16627, 16521, SetGraphicsRoot32BitConstants, 
16628, 16521, DrawIndexedInstanced, 1879
16629, 16521, SetGraphicsRoot32BitConstants, 
16630, 16521, DrawIndexedInstanced, 1880
16631, 16521, SetGraphicsRoot32BitConstants, 
16632, 16521, DrawIndexedInstanced, 1881
16633, 16521, SetGraphicsRoot32BitConstants, 
16634, 16521, DrawIndexedInstanced, 1882
16635, 16521, SetGraphicsRootConstantBufferView, 
16636, 16521, SetPipelineState, 
16637, 16521, SetPipelineState, 
16638, 16521, SetGraphicsRootConstantBufferView, 
16639, 16521, SetGraphicsRootDescriptorTable, 
16640, 16521, SetPipelineState, 
16641, 16521, IASetVertexBuffers, 
16642, 16521, IASetPrimitiveTopology, 
16643, 16521, IASetIndexBuffer, 
16644, 16521, DrawIndexedInstanced, 1883
16645, 16521, SetGraphicsRootConstantBufferView, 
16646, 16521, SetPipelineState, 
16647, 16521, SetPipelineState, 
16648, 16521, SetGraphicsRootConstantBufferView, 
16649, 16521, SetGraphicsRootDescriptorTable, 
16650, 16521, SetPipelineState, 
16651, 16521, IASetVertexBuffers, 
16652, 16521, IASetPrimitiveTopology, 
16653, 16521, IASetIndexBuffer, 
16654, 16521, DrawIndexedInstanced, 1884
16655, 16521, SetGraphicsRootConstantBufferView, 
16656, 16521, SetPipelineState, 
16657, 16521, SetPipelineState, 
16658, 16521, SetGraphicsRootConstantBufferView, 
16659, 16521, SetGraphicsRootDescriptorTable, 
16660, 16521, SetPipelineState, 
16661, 16521, IASetVertexBuffers, 
16662, 16521, IASetPrimitiveTopology, 
16663, 16521, IASetIndexBuffer, 
16664, 16521, DrawIndexedInstanced, 1885
16665, 16521, SetGraphicsRootConstantBufferView, 
16666, 16521, SetPipelineState, 
16667, 16521, SetPipelineState, 
16668, 16521, SetGraphicsRootConstantBufferView, 
16669, 16521, SetGraphicsRootDescriptorTable, 
16670, 16521, SetPipelineState, 
16671, 16521, IASetVertexBuffers, 
16672, 16521, IASetPrimitiveTopology, 
16673, 16521, IASetIndexBuffer, 
16674, 16521, DrawIndexedInstanced, 1886
16675, 16521, SetGraphicsRootConstantBufferView, 
16676, 16521, SetPipelineState, 
16677, 16521, SetPipelineState, 
16678, 16521, SetGraphicsRootConstantBufferView, 
16679, 16521, SetGraphicsRootDescriptorTable, 
16680, 16521, SetPipelineState, 
16681, 16521, IASetVertexBuffers, 
16682, 16521, IASetPrimitiveTopology, 
16683, 16521, IASetIndexBuffer, 
16684, 16521, DrawIndexedInstanced, 1887
16685, 16521, SetGraphicsRootConstantBufferView, 
16686, 16521, SetPipelineState, 
16687, 16521, SetPipelineState, 
16688, 16521, SetGraphicsRootConstantBufferView, 
16689, 16521, SetGraphicsRootDescriptorTable, 
16690, 16521, SetPipelineState, 
16691, 16521, IASetVertexBuffers, 
16692, 16521, IASetPrimitiveTopology, 
16693, 16521, IASetIndexBuffer, 
16694, 16521, DrawIndexedInstanced, 1888
16695, 16521, SetGraphicsRootConstantBufferView, 
16696, 16521, SetPipelineState, 
16697, 16521, SetPipelineState, 
16698, 16521, SetGraphicsRootConstantBufferView, 
16699, 16521, SetGraphicsRootDescriptorTable, 
16700, 16521, SetPipelineState, 
16701, 16521, IASetVertexBuffers, 
16702, 16521, IASetPrimitiveTopology, 
16703, 16521, IASetIndexBuffer, 
16704, 16521, DrawIndexedInstanced, 1889
16705, 16521, SetGraphicsRootConstantBufferView, 
16706, 16521, SetPipelineState, 
16707, 16521, SetPipelineState, 
16708, 16521, SetGraphicsRootConstantBufferView, 
16709, 16521, SetGraphicsRootDescriptorTable, 
16710, 16521, SetPipelineState, 
16711, 16521, IASetVertexBuffers, 
16712, 16521, IASetPrimitiveTopology, 
16713, 16521, IASetIndexBuffer, 
16714, 16521, DrawIndexedInstanced, 1890
16715, 16521, SetGraphicsRootConstantBufferView, 
16716, 16521, SetPipelineState, 
16717, 16521, SetPipelineState, 
16718, 16521, SetGraphicsRootConstantBufferView, 
16719, 16521, SetGraphicsRootDescriptorTable, 
16720, 16521, SetPipelineState, 
16721, 16521, IASetVertexBuffers, 
16722, 16521, IASetPrimitiveTopology, 
16723, 16521, IASetIndexBuffer, 
16724, 16521, DrawIndexedInstanced, 1891
16725, 16521, SetGraphicsRootConstantBufferView, 
16726, 16521, SetPipelineState, 
16727, 16521, SetPipelineState, 
16728, 16521, SetGraphicsRootConstantBufferView, 
16729, 16521, SetGraphicsRootDescriptorTable, 
16730, 16521, SetPipelineState, 
16731, 16521, IASetVertexBuffers, 
16732, 16521, IASetPrimitiveTopology, 
16733, 16521, IASetIndexBuffer, 
16734, 16521, DrawIndexedInstanced, 1892
16735, 16521, ResourceBarrier, 1893
16736, 16521, ResourceBarrier, 1894
16737, 16521, SetDescriptorHeaps, 
16738, 16521, SetComputeRootSignature, 
16739, 16521, SetPipelineState, 
16740, 16521, SetComputeRootDescriptorTable, 
16741, 16521, SetComputeRoot32BitConstants, 
16742, 16521, Dispatch, 1895
16743, 16521, ResourceBarrier, 1896
16744, 16521, ResourceBarrier, 1897
16745, 16521, ResourceBarrier, 1898
16746, 16521, OMSetRenderTargets, 
16747, 16521, RSSetViewports, 
16748, 16521, RSSetScissorRects, 
16749, -1, EndQuery, 
16750, -1, EndQuery, 
16751, -1, <deprecated - use pix3.h instead> GTAO + Contact Shadows, 
16752, 16751, ResourceBarrier, 1899
16753, 16751, ResourceBarrier, 1900
16754, 16751, SetDescriptorHeaps, 
16755, 16751, SetGraphicsRootSignature, 
16756, 16751, SetGraphicsRootConstantBufferView, 
16757, 16751, SetGraphicsRootDescriptorTable, 
16758, 16751, IASetPrimitiveTopology, 
16759, 16751, RSSetViewports, 
16760, 16751, RSSetScissorRects, 
16761, 16751, ResourceBarrier, 1901
16762, 16751, OMSetRenderTargets, 
16763, 16751, SetPipelineState, 
16764, 16751, DrawInstanced, 1902
16765, 16751, ResourceBarrier, 1903
16766, 16751, OMSetRenderTargets, 
16767, 16751, SetPipelineState, 
16768, 16751, DrawInstanced, 1904
16769, 16751, ResourceBarrier, 1905
16770, 16751, ResourceBarrier, 1906
16771, -1, EndQuery, 
16772, -1, EndQuery, 
16773, -1, <deprecated - use pix3.h instead> Screen-Space Reflections, 
16774, 16773, ResourceBarrier, 1907
16775, 16773, CopyResource, 1908
16776, 16773, ResourceBarrier, 1909
16777, 16773, ResourceBarrier, 1910
16778, 16773, ResourceBarrier, 1911
16779, 16773, ResourceBarrier, 1912
16780, 16773, OMSetRenderTargets, 
16781, 16773, RSSetViewports, 
16782, 16773, RSSetScissorRects, 
16783, 16773, SetPipelineState, 
16784, 16773, SetGraphicsRootSignature, 
16785, 16773, SetDescriptorHeaps, 
16786, 16773, SetGraphicsRootConstantBufferView, 
16787, 16773, SetGraphicsRootDescriptorTable, 
16788, 16773, IASetPrimitiveTopology, 
16789, 16773, DrawInstanced, 1913
16790, 16773, ResourceBarrier, 1914
16791, 16773, ResourceBarrier, 1915
16792, 16773, ResourceBarrier, 1916
16793, -1, EndQuery, 
16794, -1, EndQuery, 
16795, -1, <deprecated - use pix3.h instead> Tropical Water, 
16796, 16795, ResourceBarrier, 1917
16797, 16795, CopyResource, 1918
16798, 16795, ResourceBarrier, 1919
16799, 16795, ResourceBarrier, 1920
16800, 16795, ResourceBarrier, 1921
16801, 16795, SetDescriptorHeaps, 
16802, 16795, SetGraphicsRootSignature, 
16803, 16795, SetPipelineState, 
16804, 16795, SetGraphicsRootDescriptorTable, 
16805, 16795, RSSetViewports, 
16806, 16795, RSSetScissorRects, 
16807, 16795, OMSetRenderTargets, 
16808, 16795, SetGraphicsRootConstantBufferView, 
16809, 16795, IASetVertexBuffers, 
16810, 16795, IASetIndexBuffer, 
16811, 16795, IASetPrimitiveTopology, 
16812, 16795, DrawIndexedInstanced, 1922
16813, 16795, SetGraphicsRootConstantBufferView, 
16814, 16795, IASetVertexBuffers, 
16815, 16795, IASetIndexBuffer, 
16816, 16795, IASetPrimitiveTopology, 
16817, 16795, DrawIndexedInstanced, 1923
16818, 16795, ResourceBarrier, 1924
16819, 16795, ResourceBarrier, 1925
16820, -1, EndQuery, 
16821, -1, EndQuery, 
16822, -1, <deprecated - use pix3.h instead> Volumetric Fog / Clouds, 
16823, 16822, SetDescriptorHeaps, 
16824, 16822, ResourceBarrier, 1926
16825, 16822, SetPipelineState, 
16826, 16822, SetComputeRootSignature, 
16827, 16822, SetComputeRootConstantBufferView, 
16828, 16822, SetComputeRootShaderResourceView, 
16829, 16822, SetComputeRootShaderResourceView, 
16830, 16822, SetComputeRootDescriptorTable, 
16831, 16822, SetComputeRootDescriptorTable, 
16832, 16822, SetComputeRootDescriptorTable, 
16833, 16822, SetComputeRootDescriptorTable, 
16834, 16822, SetComputeRootDescriptorTable, 
16835, 16822, SetComputeRootDescriptorTable, 
16836, 16822, Dispatch, 1927
16837, 16822, ResourceBarrier, 1928
16838, 16822, ResourceBarrier, 1929
16839, 16822, OMSetRenderTargets, 
16840, 16822, RSSetViewports, 
16841, 16822, RSSetScissorRects, 
16842, 16822, SetPipelineState, 
16843, 16822, SetGraphicsRootSignature, 
16844, 16822, SetGraphicsRootConstantBufferView, 
16845, 16822, SetGraphicsRootShaderResourceView, 
16846, 16822, SetGraphicsRootShaderResourceView, 
16847, 16822, SetGraphicsRootDescriptorTable, 
16848, 16822, SetGraphicsRootDescriptorTable, 
16849, 16822, SetGraphicsRootDescriptorTable, 
16850, 16822, SetGraphicsRootDescriptorTable, 
16851, 16822, SetGraphicsRootDescriptorTable, 
16852, 16822, SetGraphicsRootDescriptorTable, 
16853, 16822, IASetPrimitiveTopology, 
16854, 16822, DrawInstanced, 1930
16855, -1, EndQuery, 
16856, -1, EndQuery, 
16857, -1, <deprecated - use pix3.h instead> Common HDR Post, 
16858, 16857, ResourceBarrier, 1931
16859, 16857, ResourceBarrier, 1932
16860, 16857, SetComputeRootSignature, 
16861, 16857, SetDescriptorHeaps, 
16862, 16857, SetComputeRootConstantBufferView, 
16863, 16857, SetComputeRootDescriptorTable, 
16864, 16857, SetPipelineState, 
16865, 16857, Dispatch, 1933
16866, 16857, ResourceBarrier, 1934
16867, 16857, SetPipelineState, 
16868, 16857, Dispatch, 1935
16869, 16857, ResourceBarrier, 1936
16870, 16857, SetPipelineState, 
16871, 16857, Dispatch, 1937
16872, 16857, ResourceBarrier, 1938
16873, 16857, ResourceBarrier, 1939
16874, 16857, SetComputeRootSignature, 
16875, 16857, SetDescriptorHeaps, 
16876, 16857, ResourceBarrier, 1940
16877, 16857, SetPipelineState, 
16878, 16857, SetComputeRoot32BitConstants, 
16879, 16857, SetComputeRootDescriptorTable, 
16880, 16857, Dispatch, 1941
16881, 16857, ResourceBarrier, 1942
16882, 16857, ResourceBarrier, 1943
16883, 16857, SetPipelineState, 
16884, 16857, SetComputeRoot32BitConstants, 
16885, 16857, SetComputeRootDescriptorTable, 
16886, 16857, Dispatch, 1944
16887, 16857, ResourceBarrier, 1945
16888, 16857, ResourceBarrier, 1946
16889, 16857, SetPipelineState, 
16890, 16857, SetComputeRoot32BitConstants, 
16891, 16857, SetComputeRootDescriptorTable, 
16892, 16857, Dispatch, 1947
16893, 16857, ResourceBarrier, 1948
16894, 16857, ResourceBarrier, 1949
16895, 16857, SetPipelineState, 
16896, 16857, SetComputeRoot32BitConstants, 
16897, 16857, SetComputeRootDescriptorTable, 
16898, 16857, Dispatch, 1950
16899, 16857, ResourceBarrier, 1951
16900, 16857, ResourceBarrier, 1952
16901, 16857, SetPipelineState, 
16902, 16857, SetComputeRoot32BitConstants, 
16903, 16857, SetComputeRootDescriptorTable, 
16904, 16857, Dispatch, 1953
16905, 16857, ResourceBarrier, 1954
16906, 16857, ResourceBarrier, 1955
16907, 16857, SetPipelineState, 
16908, 16857, SetComputeRoot32BitConstants, 
16909, 16857, SetComputeRootDescriptorTable, 
16910, 16857, Dispatch, 1956
16911, 16857, ResourceBarrier, 1957
16912, 16857, ResourceBarrier, 1958
16913, 16857, SetPipelineState, 
16914, 16857, SetComputeRoot32BitConstants, 
16915, 16857, SetComputeRootDescriptorTable, 
16916, 16857, Dispatch, 1959
16917, 16857, ResourceBarrier, 1960
16918, 16857, ResourceBarrier, 1961
16919, 16857, SetPipelineState, 
16920, 16857, SetComputeRoot32BitConstants, 
16921, 16857, SetComputeRootDescriptorTable, 
16922, 16857, Dispatch, 1962
16923, 16857, ResourceBarrier, 1963
16924, 16857, ResourceBarrier, 1964
16925, 16857, SetPipelineState, 
16926, 16857, SetComputeRoot32BitConstants, 
16927, 16857, SetComputeRootDescriptorTable, 
16928, 16857, Dispatch, 1965
16929, 16857, ResourceBarrier, 1966
16930, 16857, ResourceBarrier, 1967
16931, 16857, SetPipelineState, 
16932, 16857, SetComputeRoot32BitConstants, 
16933, 16857, SetComputeRootDescriptorTable, 
16934, 16857, Dispatch, 1968
16935, 16857, ResourceBarrier, 1969
16936, 16857, ResourceBarrier, 1970
16937, 16857, SetPipelineState, 
16938, 16857, SetComputeRoot32BitConstants, 
16939, 16857, SetComputeRootDescriptorTable, 
16940, 16857, Dispatch, 1971
16941, 16857, ResourceBarrier, 1972
16942, 16857, ResourceBarrier, 1973
16943, 16857, SetComputeRootSignature, 
16944, 16857, SetPipelineState, 
16945, 16857, SetDescriptorHeaps, 
16946, 16857, SetComputeRootConstantBufferView, 
16947, 16857, SetComputeRootDescriptorTable, 
16948, 16857, Dispatch, 1974
16949, 16857, ResourceBarrier, 1975
16950, 16857, ResourceBarrier, 1976
16951, 16857, ResourceBarrier, 1977
16952, 16857, CopyResource, 1978
16953, 16857, ResourceBarrier, 1979
16954, 16857, ResourceBarrier, 1980
16955, -1, EndQuery, 
16956, -1, EndQuery, 
16957, -1, <deprecated - use pix3.h instead> Occlusion Depth, 
16958, 16957, OMSetRenderTargets, 
16959, 16957, ResourceBarrier, 1981
16960, -1, EndQuery, 
16961, -1, OMSetRenderTargets, 
16962, -1, RSSetViewports, 
16963, -1, RSSetScissorRects, 
16964, -1, EndQuery, 
16965, -1, <deprecated - use pix3.h instead> ImGui, 
16966, 16965, SetDescriptorHeaps, 
16967, 16965, RSSetViewports, 
16968, 16965, IASetVertexBuffers, 
16969, 16965, IASetIndexBuffer, 
16970, 16965, IASetPrimitiveTopology, 
16971, 16965, SetPipelineState, 
16972, 16965, SetGraphicsRootSignature, 
16973, 16965, SetGraphicsRoot32BitConstants, 
16974, 16965, OMSetBlendFactor, 
16975, 16965, RSSetScissorRects, 
16976, 16965, SetGraphicsRootDescriptorTable, 
16977, 16965, DrawIndexedInstanced, 1982
16978, -1, EndQuery, 
16979, -1, EndQuery, 
16980, -1, ResolveQueryData, 1983
16981, -1, ResourceBarrier, 1984
16982, -1, Close, 
16983, -1, Reset, 
16984, -1, PrepareForPresent, 
16985, -1, Close, 
16986, -1, Signal, 1985
16987, -1, Present, 1986
