v -243.351936 231.233030 0.408939
v -243.343635 237.501859 -15.696647
v -243.313189 252.636146 -22.367784
v -243.303004 267.770438 -15.696623
v -243.294700 274.039266 0.408942
v -243.303002 267.770438 16.514508
v -243.313191 252.636146 23.185647
v -243.343633 237.501859 16.514506
v -219.648397 236.971578 0.408945
v -219.648394 241.559627 -10.667591
v -219.648393 252.636142 -15.255613
v -219.648394 263.712662 -10.667591
v -219.648406 268.300709 0.408946
v -219.648404 263.712658 11.485471
v -219.648405 252.636142 16.073492
v -219.648400 241.559627 11.485471
v -182.778619 236.971577 0.408954
v -182.778616 241.559624 -10.667583
v -182.778610 252.636141 -15.255627
v -182.778616 263.712658 -10.667583
v -182.778619 268.300701 0.408955
v -182.778619 263.712657 11.485467
v -182.778618 252.636140 16.073501
v -182.778619 241.559624 11.485467
v -173.460622 232.576493 0.408956
v -173.460621 238.451826 -13.775353
v -173.460617 252.636141 -19.650700
v -173.460621 266.820453 -13.775353
v -173.460627 272.695790 0.408957
v -173.460621 266.820452 14.593257
v -173.460631 252.636140 20.468601
v -173.460621 238.451824 14.593257
v -149.646760 232.576487 0.408962
v -149.646761 238.451824 -13.775346
v -149.646755 252.636140 -19.650695
v -149.646761 266.820453 -13.775346
v -149.646760 272.695790 0.408962
v -149.646745 266.820448 14.593259
v -149.646769 252.636139 20.468610
v -149.646745 238.451824 14.593259
v -243.338863 240.470073 -12.459581
v -243.345500 235.461219 0.408939
v -243.338869 240.470077 13.277424
v -243.312449 252.562506 18.607758
v -243.306301 264.654945 13.277430
v -243.299663 269.663802 0.408931
v -243.306295 264.654948 -12.459569
v -243.312449 252.562506 -17.789863
v -232.592978 240.396433 -11.305143
v -232.594952 235.387576 1.563370
v -232.592984 240.396433 14.431845
v -232.588294 252.488868 19.762152
v -232.583579 264.581303 14.431845
v -232.581632 269.590161 1.563372
v -232.583573 264.581307 -11.305139
v -232.588290 252.488867 -16.635433
v 93.817933 267.272756 0.626713
v 93.817936 263.098081 -9.451852
v 93.817937 253.019534 -13.626505
v 93.817936 242.940989 -9.451852
v 93.817933 238.766323 0.626712
v 93.817931 242.940989 10.705249
v 93.817930 253.019537 14.879931
v 93.817931 263.098079 10.705249
v -7.152204 267.272753 0.626669
v -7.152202 263.098078 -9.451877
v -7.152201 253.019530 -13.626559
v -7.152202 242.940985 -9.451877
v -7.152204 238.766319 0.626688
v -7.152225 242.940989 10.705225
v -7.152189 253.019533 14.879907
v -7.152225 263.098077 10.705225
v -69.844507 264.846684 0.626663
v -69.844505 261.386646 -7.726603
v -69.844368 253.033372 -11.186640
v -69.844378 244.680104 -7.726603
v -69.844380 241.220067 0.626674
v -69.844373 244.680108 8.979939
v -69.844374 253.033374 12.439998
v -69.844509 261.386645 8.979939
v -99.709079 266.797889 0.626657
v -99.709073 262.766353 -9.106310
v -99.709053 253.033370 -13.137846
v -99.709054 243.300393 -9.106310
v -99.709061 239.268861 0.626667
v -99.709073 243.300395 10.359640
v -99.709074 253.033373 14.391177
v -99.709073 262.766356 10.359630
v -143.132057 269.079292 0.626636
v -143.132063 264.379552 -10.719531
v -143.132048 253.033373 -15.419264
v -143.132063 241.687203 -10.719531
v -143.132057 236.987462 0.626656
v -143.132059 241.687207 11.972821
v -143.132061 253.033376 16.672555
v -143.132059 264.379552 11.972821
v -7.091570 271.009727 0.626668
v -7.091567 265.740817 -12.093757
v -7.091565 253.019969 -17.362900
v -7.091567 240.299588 -12.093878
v -7.091570 235.030560 0.626514
v -7.091573 240.299714 13.347348
v -7.091538 253.020145 18.616260
v -7.091573 265.740695 13.347226
v -69.869506 265.753434 -12.093773
v -69.869509 271.022341 0.626663
v -69.869512 265.753313 13.347220
v -69.869513 253.032762 18.616265
v -69.869512 240.312333 13.347346
v -69.869509 235.043179 0.626509
v -69.869506 240.312206 -12.093875
v -69.869496 253.032586 -17.362906
v -152.378429 267.286593 0.626634
v -152.378427 263.111920 -9.451912
v -152.378431 253.033372 -13.626564
v -152.378427 242.954829 -9.451912
v -152.378429 238.780156 0.626654
v -152.378441 242.954830 10.705192
v -152.378433 253.033376 14.879861
v -152.378441 263.111919 10.705192
v -143.132156 271.022961 0.626636
v -143.132153 265.753928 -12.093902
v -143.132156 253.033373 -17.362922
v -143.132153 240.312821 -12.093902
v -143.132156 235.043797 0.626656
v -143.132177 240.312826 13.347203
v -143.132165 253.033377 18.616238
v -143.132177 265.753931 13.347203
v -152.378431 265.753927 -12.093906
v -152.378429 271.022956 0.626633
v -152.378442 265.753927 13.347202
v -152.378429 253.033376 18.616214
v -152.378442 240.312824 13.347202
v -152.378429 235.043793 0.626654
v -152.378431 240.312819 -12.093906
v -152.378430 253.033372 -17.362924
v 18.606933 220.262770 -26.142384
v -9.488382 220.262770 -26.142399
v 18.606933 192.122063 -26.142384
v -9.488382 192.122063 -26.142399
v 18.606857 220.262770 -12.885754
v -9.488439 220.262770 -12.885793
v 18.606857 192.122063 -12.885757
v -9.488439 192.122063 -12.885775
v -9.488419 220.262770 -21.417140
v -9.488419 192.031209 -21.417140
v -9.488419 220.262770 -23.902897
v -9.488419 192.031209 -23.902897
v -9.488419 209.897491 -21.417140
v -9.488419 209.897491 -23.902897
v -20.443533 192.031209 -21.417114
v -20.443533 209.897491 -21.417114
v -20.443551 209.897491 -23.902900
v -20.443551 192.031209 -23.902900
v -25.274936 200.964355 -21.417143
v -25.274935 200.964355 -23.902901
v -24.499883 205.430920 -23.902901
v -24.499884 205.430920 -21.417143
v -24.499884 196.497785 -21.417143
v -24.499883 196.497785 -23.902901
v 18.606895 192.122063 -21.453050
v 18.606933 220.262770 -26.142384
v -9.488419 192.031209 -21.417140
v -9.488438 192.076628 -17.151457
v 18.606876 192.122063 -17.169387
v 18.606857 192.120502 -12.885757
v -9.488439 192.120492 -12.885681
v -9.488438 192.075078 -17.151364
v 18.606876 192.120502 -17.169387
v 17.037427 192.117653 -13.124544
v -7.919009 192.117653 -13.124407
v -7.918990 192.077306 -16.913509
v 17.037428 192.117653 -16.929609
v 17.037463 162.026672 -13.124541
v -7.919009 153.335174 -13.124312
v -7.918990 153.294817 -16.913418
v 17.037428 162.026672 -16.929579
v -7.919009 172.726422 -13.124362
v -7.918990 172.686059 -16.913448
v -47.591908 147.239859 -16.913428
v -47.591918 147.280227 -13.124301
v -47.591918 172.726422 -13.124371
v -47.591908 172.686059 -16.913466
v -7.918992 153.335174 -9.226241
v -7.918992 172.726422 -9.226291
v -47.591937 172.726406 -9.226300
v -47.591937 147.280227 -9.226235
v 14.319340 192.113254 -16.927827
v 14.319340 161.075651 -16.927826
v -4.695398 192.082506 -16.915561
v -4.695398 154.422699 -16.915498
v -7.918952 192.077306 -26.048472
v -4.695377 192.082506 -26.050550
v -7.918971 172.686059 -22.367323
v 17.037484 192.117638 -26.064572
v 14.319379 192.113249 -26.062763
v -65.655423 212.878285 -8.048734
v -65.655422 206.627639 -10.637822
v -65.655403 204.038531 -16.888460
v -65.655419 206.627639 -23.139118
v -65.655419 212.878285 -25.728232
v -65.655419 219.128936 -23.139118
v -65.655421 221.718036 -17.338401
v -65.655422 219.128936 -10.637822
v -47.098699 212.878285 -8.048729
v -47.098698 206.627639 -10.637817
v -47.098724 204.038536 -16.888454
v -47.098686 206.627639 -23.139093
v -47.098676 212.878285 -25.728222
v -47.098686 219.128936 -23.139093
v -47.098723 221.718044 -17.338397
v -47.098698 219.128936 -10.637825
v -65.816048 207.727786 -11.737964
v -65.816048 212.878285 -9.604567
v -65.816048 218.028784 -11.737964
v -65.816055 220.162188 -16.888457
v -65.816045 218.028784 -22.038974
v -65.816063 212.878285 -24.172363
v -65.816045 207.727786 -22.038974
v -65.816046 205.594384 -16.888460
v -78.857468 207.727771 -11.737967
v -78.857468 212.878277 -9.604560
v -78.857468 218.028784 -11.737987
v -78.857485 220.162188 -16.888491
v -78.857483 218.028784 -22.038977
v -78.857483 212.878277 -24.172384
v -78.857483 207.727771 -22.038977
v -78.857485 205.594363 -16.888460
v -65.655404 205.333075 -13.763151
v -47.098697 205.333075 -13.763147
v -65.655404 153.648971 -13.729403
v -65.655403 152.354422 -16.854720
v -47.098724 147.072350 -16.854718
v -47.098697 148.366909 -13.729398
v -47.098709 248.552128 -2.505408
v -65.655442 248.552128 -2.505412
v -65.655434 240.896632 0.038338
v -47.098710 240.896635 0.038303
v -50.005586 206.627639 -10.637799
v -50.005569 212.878285 -8.048723
v -50.005585 204.038536 -16.888456
v -50.005538 206.627639 -23.139094
v -50.005538 212.878285 -25.728228
v -50.005538 219.128936 -23.139094
v -50.005585 221.718044 -17.338397
v -50.005586 219.128936 -10.637799
v -50.005586 205.333075 -13.763149
v -50.005549 147.899771 -16.854709
v -50.005586 149.194320 -13.729380
v -50.005588 248.552128 -2.505398
v -50.005580 240.896635 0.038321
v -62.668809 206.627639 -10.637822
v -62.668789 204.038531 -16.888459
v -62.668797 206.627639 -23.139118
v -62.668769 212.878285 -25.728231
v -62.668797 219.128936 -23.139118
v -62.668809 219.128936 -10.637822
v -62.668780 151.504271 -16.854723
v -62.668784 240.896632 0.038340
v -62.668800 212.878285 -8.048734
v -62.668789 221.718036 -17.338400
v -62.668808 205.333075 -13.763152
v -62.668790 152.798820 -13.729383
v -62.668802 248.552128 -2.505410
v -65.655424 212.878285 -5.403336
v -65.655423 204.754715 -8.774597
v -65.655349 188.671269 -13.733779
v -62.668745 188.616112 -13.710922
v -62.668800 204.754730 -8.774538
v -62.668801 212.878285 -5.403334
v -62.668800 218.987334 -7.996220
v -62.668784 237.613596 1.215779
v -65.655425 237.613596 1.215777
v -65.655423 218.987334 -7.996231
v -65.655419 204.757066 -25.009697
v -65.655418 212.878285 -28.373610
v -65.655428 220.973976 -25.034876
v -65.655442 251.991816 -3.921260
v -62.668801 251.991816 -3.921259
v -62.668796 220.973976 -25.034875
v -62.668768 212.878285 -28.373615
v -62.668796 204.757066 -25.009701
v -62.670379 151.502567 -19.500115
v -65.657047 152.352657 -19.500111
v -47.098699 212.878287 -5.403320
v -47.098699 218.987334 -7.996224
v -47.098701 237.613596 1.215771
v -50.005571 237.613596 1.215780
v -50.005569 218.987334 -7.996199
v -50.005570 212.878285 -5.403313
v -50.005569 204.757061 -8.767234
v -47.098698 204.757061 -8.767234
v -47.098686 204.757071 -25.009698
v -47.100151 147.070779 -19.500109
v -50.007049 147.898190 -19.500112
v -50.005538 204.757066 -25.009698
v -50.005546 212.878285 -28.373609
v -50.005574 220.973984 -25.034872
v -49.920078 251.991826 -3.821516
v -47.184237 251.991816 -3.921265
v -47.098685 220.973984 -25.034871
v -47.098676 212.878285 -28.373611
v 15.439955 241.969124 -1.640196
v -6.509159 241.969120 -1.640233
v 15.439940 219.630892 -13.422230
v -6.509192 219.630892 -13.422265
v 15.439955 247.025023 -3.138022
v -6.509195 247.025022 -3.138058
v 15.439959 219.630892 -18.240746
v -6.509173 219.630892 -18.240764
v -6.509194 227.249223 -8.865103
v -6.509192 227.329928 -13.522918
v -47.387409 227.249218 -8.865103
v -47.387392 241.969120 -1.640244
v -47.387392 247.025022 -3.138070
v -47.387407 227.329923 -13.522928
v -4.232850 247.025022 -3.138059
v -4.232828 219.630892 -18.240761
v -6.509154 219.471181 -23.758628
v -6.509173 228.056897 -18.528800
v -6.509194 250.410244 -6.362717
v -4.232867 250.410244 -6.362717
v -4.232809 219.471181 -23.758623
v 9.055360 219.630892 -18.240758
v 9.055393 247.025022 -3.138035
v 11.393262 219.630892 -18.240758
v 11.393295 247.025022 -3.138035
v 9.055358 250.095788 -6.437322
v 11.393223 250.095788 -6.437318
v 11.393299 219.758572 -23.554520
v 9.055398 219.758572 -23.554551
v -23.772794 229.072812 -17.511187
v -37.403566 229.072812 -17.511209
v -23.772794 253.023868 -17.511187
v -37.403575 253.023861 -17.511209
v -23.772787 229.072812 -9.955663
v -37.403568 229.072812 -9.955686
v -23.772788 253.023868 -7.550552
v -37.403578 253.023861 -7.550555
v -40.817248 266.359092 0.652542
v -37.672415 266.359092 8.244872
v -30.080088 266.359092 11.389741
v -22.487760 266.359092 8.244887
v -19.342942 266.359092 0.652557
v -22.487765 266.359092 -6.939764
v -30.080110 266.359092 -10.084602
v -37.672420 266.359089 -6.939767
v -40.817248 280.856239 0.652541
v -37.672415 280.856239 8.244872
v -30.080088 280.856239 11.389741
v -22.487778 280.856239 8.244887
v -19.342942 280.856239 0.652557
v -22.487765 280.856239 -6.939764
v -30.080110 280.856239 -10.084611
v -37.672420 280.856237 -6.939767
v -40.817287 252.717325 12.864506
v -37.672425 245.125001 12.864518
v -30.080116 241.980158 12.864519
v -22.487770 245.125004 12.864521
v -19.342944 252.717329 12.864522
v -22.487770 260.309654 12.864521
v -30.080116 263.454493 12.864519
v -37.672425 260.309652 12.864518
v -40.817281 252.717326 27.361660
v -37.672428 245.125002 27.361668
v -30.080110 241.980158 27.361668
v -22.487765 245.125004 27.361669
v -19.342939 252.717331 27.361673
v -22.487783 260.309654 27.361669
v -30.080110 263.454493 27.361668
v -37.672428 260.309651 27.361668
v -13.637318 261.021743 0.652538
v -10.492476 261.021746 8.244858
v -2.900177 261.021746 11.389704
v 4.692124 261.021747 8.244873
v 7.837006 261.021746 0.652553
v 4.692146 261.021746 -6.939769
v -2.900171 261.021744 -10.084613
v -10.492472 261.021743 -6.939792
v -13.637354 271.713824 0.652537
v -10.492476 271.713829 8.244858
v -2.900177 271.713828 11.389704
v 4.692124 271.713831 8.244873
v 7.837006 271.713829 0.652553
v 4.692146 271.713829 -6.939769
v -2.900171 271.713828 -10.084643
v -10.492472 271.713828 -6.939792
v -12.748227 264.764369 -5.771696
v -11.277161 268.315814 -5.771696
v -7.725718 269.786867 -5.771693
v -4.174276 268.315814 -5.771694
v -2.703210 264.764371 -5.771692
v -4.174276 261.212926 -5.771694
v -7.725718 259.741872 -5.771693
v -11.277161 261.212925 -5.771696
v -12.748224 264.764369 -15.339163
v -11.277158 268.315814 -15.339162
v -7.725716 269.786866 -15.339161
v -4.174273 268.315814 -15.339160
v -2.703207 264.764370 -15.339159
v -4.174273 261.212924 -15.339162
v -7.725716 259.741868 -15.339161
v -11.277158 261.212924 -15.339162
v -14.564878 242.859643 0.271495
v -13.093794 242.859643 -3.279946
v -9.542351 242.859643 -4.751018
v -5.990927 242.859643 -3.279945
v -4.519843 242.859643 0.271498
v -5.990928 242.859643 3.822949
v -9.542371 242.859643 5.293989
v -13.093813 242.859643 3.822936
v -14.564842 229.811289 0.271495
v -13.093794 229.811289 -3.279946
v -9.542351 229.811289 -4.750987
v -5.990927 229.811289 -3.279945
v -4.519843 229.811289 0.271498
v -5.990928 229.811289 3.822949
v -9.542371 229.811289 5.293989
v -13.093813 229.811289 3.822947
vt 0.695478 0.591156
vt 0.669239 0.563220
vt 0.677936 0.559717
vt 0.698902 0.582038
vt 0.668790 0.524896
vt 0.677578 0.529095
vt 0.694395 0.498633
vt 0.698036 0.508112
vt 0.938490 0.842571
vt 0.945980 0.863152
vt 0.990129 0.982771
vt 0.873423 0.876474
vt 0.873423 0.861411
vt 0.955168 0.912838
vt 0.873423 0.912838
vt 0.982638 0.962525
vt 0.873423 0.949203
vt 0.982638 0.962191
vt 0.873423 0.948869
vt 0.990129 0.983105
vt 0.873423 0.963931
vt 0.955168 0.912504
vt 0.873423 0.964265
vt 0.873423 0.912504
vt 0.945980 0.862818
vt 0.873423 0.876140
vt 0.938490 0.842237
vt 0.735943 0.876474
vt 0.735943 0.861411
vt 0.873423 0.861077
vt 0.735943 0.912838
vt 0.735943 0.948869
vt 0.735943 0.949203
vt 0.819349 0.657020
vt 0.837812 0.655515
vt 0.735943 0.964265
vt 0.971154 0.901912
vt 0.846971 0.730240
vt 0.735943 0.963931
vt 0.701198 0.866271
vt 0.825458 0.731993
vt 0.735943 0.912504
vt 0.800885 0.658524
vt 0.965399 0.668253
vt 0.735943 0.876140
vt 0.635968 0.672867
vt 0.672872 0.673013
vt 0.698864 0.699211
vt 0.698718 0.736115
vt 0.672520 0.762106
vt 0.635616 0.761961
vt 0.609624 0.735763
vt 0.609770 0.698859
vt 0.965398 0.503622
vt 0.731055 0.499817
vt 0.984854 0.614475
vt 0.968952 0.641410
vt 0.953140 0.641363
vt 0.961356 0.696791
vt 0.968952 0.530465
vt 0.953140 0.530512
vt 0.943577 0.503623
vt 0.735943 0.861077
vt 0.962703 0.614475
vt 0.939535 0.696791
vt 0.874373 0.649517
vt 0.701198 0.846982
vt 0.856092 0.652516
vt 0.984854 0.557400
vt 0.707516 0.355880
vt 0.723820 0.339576
vt 0.723820 0.316519
vt 0.723820 0.293461
vt 0.684459 0.355880
vt 0.723820 0.408748
vt 0.966210 0.339576
vt 0.668155 0.339576
vt 0.723820 0.385691
vt 0.668155 0.316519
vt 0.723820 0.362633
vt 0.684459 0.300215
vt 0.966210 0.316519
vt 0.243770 0.573674
vt 0.379221 0.562729
vt 0.335582 0.562729
vt 0.212168 0.318652
vt 0.209194 0.573674
vt 0.290811 0.779441
vt 0.291942 0.562729
vt 0.925246 0.076902
vt 0.248302 0.562729
vt 0.204663 0.562729
vt 0.723820 0.270404
vt 0.803945 0.733746
vt 0.860284 0.838856
vt 0.943578 0.668252
vt 0.961355 0.475084
vt 0.892349 0.645043
vt 0.910516 0.718039
vt 0.763836 0.658524
vt 0.939535 0.475084
vt 0.723820 0.454862
vt 0.701198 0.959072
vt 0.641932 0.531864
vt 0.622864 0.512418
vt 0.624552 0.508452
vt 0.645931 0.530254
vt 0.595630 0.512151
vt 0.970707 0.704444
vt 0.240825 0.318652
vt 0.572714 0.446327
vt 0.723820 0.431805
vt 0.988896 0.585937
vt 0.594020 0.508153
vt 0.707516 0.300215
vt 0.184745 0.598118
vt 0.173805 0.593581
vt 0.184745 0.632687
vt 0.173805 0.637212
vt 0.209194 0.657131
vt 0.204662 0.668063
vt 0.243770 0.657131
vt 0.248309 0.336736
vt 0.204683 0.336736
vt 0.261088 0.298389
vt 0.494391 0.446327
vt 0.161022 0.562729
vt 0.279173 0.305879
vt 0.846923 0.076902
vt 0.117383 0.562729
vt 0.261089 0.269732
vt 0.279173 0.262239
vt 0.240825 0.249469
vt 0.379198 0.336736
vt 0.212168 0.249469
vt 0.846923 0.064980
vt 0.494138 0.440094
vt 0.543865 0.440094
vt 0.846923 0.053057
vt 0.572714 0.440094
vt 0.717605 0.666167
vt 0.693414 0.665930
vt 0.676476 0.648657
vt 0.676713 0.624466
vt 0.693987 0.607528
vt 0.718178 0.607765
vt 0.735116 0.625038
vt 0.734879 0.649229
vt 0.970707 0.676234
vt 0.576185 0.531219
vt 0.572219 0.529531
vt 0.575917 0.558453
vt 0.571919 0.560063
vt 0.594986 0.577899
vt 0.593297 0.581865
vt 0.966746 0.585937
vt 0.701198 0.978361
vt 0.970707 0.789073
vt 0.970707 0.760863
vt 0.993996 0.760863
vt 0.971154 0.873702
vt 0.993996 0.676234
vt 0.701198 0.912504
vt 0.701198 0.865937
vt 0.994443 0.901912
vt 0.966210 0.431805
vt 0.672420 0.463054
vt 0.494138 0.433176
vt 0.672420 0.474977
vt 0.583605 0.475026
vt 0.583605 0.463154
vt 0.583605 0.456235
vt 0.052141 0.541739
vt 0.494265 0.421303
vt 0.583605 0.450002
vt 0.494391 0.409431
vt 0.464569 0.881432
vt 0.450817 0.868099
vt 0.020131 0.541739
vt 0.052141 0.663169
vt 0.596037 0.435480
vt 0.073744 0.562729
vt 0.583605 0.435480
vt 0.583605 0.428562
vt 0.596037 0.428562
vt 0.020131 0.381510
vt 0.052141 0.381510
vt 0.846923 0.040005
vt 0.464569 0.828101
vt 0.501711 0.828101
vt 0.248303 0.668063
vt 0.052141 0.420309
vt 0.698444 0.371585
vt 0.698444 0.382176
vt 0.052141 0.502940
vt 0.672420 0.450002
vt 0.870663 0.108642
vt 0.422846 0.336736
vt 0.619552 0.382176
vt 0.744475 0.052772
vt 0.268219 0.632687
vt 0.279160 0.637212
vt 0.195558 0.779441
vt 0.661126 0.189091
vt 0.268218 0.598118
vt 0.572714 0.409431
vt 0.856141 0.119491
vt 0.279160 0.593580
vt 0.191904 0.269732
vt 0.158417 0.863712
vt 0.925246 0.040005
vt 0.572714 0.433176
vt 0.144664 0.850380
vt 0.925246 0.040005
vt 0.552632 0.570177
vt 0.847218 0.255329
vt 0.856141 0.130037
vt 0.142036 0.837047
vt 0.552461 0.586218
vt 0.836028 0.065430
vt 0.144664 0.823714
vt 0.173818 0.262239
vt 0.195558 0.810381
vt 0.924634 0.108642
vt 0.470371 0.586218
vt 0.885535 0.626595
vt 0.619552 0.371630
vt 0.158417 0.810381
vt 0.494138 0.358942
vt 0.629742 0.371624
vt 0.412987 0.255246
vt 0.423970 0.265798
vt 0.424275 0.281026
vt 0.366493 0.215700
vt 0.381721 0.215395
vt 0.777812 0.626595
vt 0.924634 0.119491
vt 0.870663 0.119491
vt 0.730728 0.130037
vt 0.396949 0.215090
vt 0.582953 0.358815
vt 0.689852 0.371590
vt 0.639658 0.052772
vt 0.744475 0.027347
vt 0.470542 0.570177
vt 0.388281 0.586217
vt 0.118245 0.054856
vt 0.836028 0.076021
vt 0.747512 0.189091
vt 0.747512 0.214516
vt 0.101549 0.051466
vt 0.102298 0.055312
vt 0.382531 0.255855
vt 0.107387 0.213359
vt 0.428215 0.254941
vt 0.106079 0.200781
vt 0.191904 0.298388
vt 0.116055 0.058105
vt 0.148449 0.204083
vt 0.367303 0.256160
vt 0.101811 0.049613
vt 0.173818 0.305878
vt 0.118361 0.053655
vt 0.122784 0.060936
vt 0.127206 0.068216
vt 0.123164 0.084766
vt 0.108603 0.093611
vt 0.092053 0.089569
vt 0.083381 0.076128
vt 0.087250 0.058458
vt 0.087346 0.060875
vt 0.516983 0.090278
vt 0.090594 0.063064
vt 0.084172 0.078683
vt 0.087801 0.076822
vt 0.093364 0.091774
vt 0.095554 0.088525
vt 0.110060 0.095164
vt 0.516983 0.037809
vt 0.109311 0.091318
vt 0.124263 0.085755
vt 0.121014 0.083566
vt 0.127653 0.069059
vt 0.123808 0.069808
vt 0.122949 0.061958
vt 0.494143 0.473280
vt 0.255384 0.044093
vt 0.494143 0.464581
vt 0.250679 0.036992
vt 0.503585 0.464581
vt 0.503585 0.473280
vt 0.264540 0.038967
vt 0.014959 0.194197
vt 0.073902 0.210105
vt 0.164118 0.053863
vt 0.028403 0.044966
vt 0.321412 0.964165
vt 0.010706 0.054939
vt 0.462755 0.918721
vt 0.268962 0.046248
vt 0.072980 0.203508
vt 0.010902 0.049522
vt 0.022507 0.189706
vt 0.266227 0.116114
vt 0.598157 0.037809
vt 0.088105 0.200696
vt 0.323429 0.867807
vt 0.102495 0.206386
vt 0.374200 0.964165
vt 0.086831 0.194158
vt 0.362327 0.867807
vt 0.104801 0.204086
vt 0.108524 0.198562
vt 0.085715 0.203442
vt 0.109505 0.211188
vt 0.084267 0.196940
vt 0.248246 0.184077
vt 0.321412 0.970664
vt 0.121977 0.049349
vt 0.100275 0.044927
vt 0.086424 0.054277
vt 0.035951 0.040476
vt 0.462761 0.908866
vt 0.129787 0.089478
vt 0.111334 0.101703
vt 0.010902 0.112752
vt 0.083381 0.139357
vt 0.088189 0.158225
vt 0.002885 0.117597
vt 0.092053 0.152799
vt 0.108603 0.156841
vt 0.752277 0.076021
vt 0.109619 0.163424
vt 0.123164 0.147996
vt 0.128538 0.151933
vt 0.127206 0.131446
vt 0.572333 0.209569
vt 0.089716 0.097348
vt 0.758403 0.255329
vt 0.543616 0.464581
vt 0.028976 0.040251
vt 0.572333 0.227643
vt 0.125819 0.132531
vt 0.552805 0.464581
vt 0.126385 0.153053
vt 0.267001 0.122730
vt 0.121162 0.148919
vt 0.106280 0.157213
vt 0.465214 0.918202
vt 0.465220 0.906514
vt 0.541104 0.227643
vt 0.107050 0.163830
vt 0.089893 0.152556
vt 0.085829 0.157834
vt 0.541104 0.209569
vt 0.211808 0.975974
vt 0.200879 0.979341
vt 0.345027 0.195709
vt 0.572333 0.247415
vt 0.541104 0.247415
vt 0.345027 0.214381
vt 0.312767 0.214381
vt 0.572333 0.267188
vt 0.541104 0.267188
vt 0.312767 0.195709
vt 0.373690 0.131603
vt 0.572333 0.285262
vt 0.541104 0.285262
vt 0.345027 0.234806
vt 0.312767 0.234806
vt 0.392025 0.131603
vt 0.281022 0.173921
vt 0.200879 0.921458
vt 0.598157 0.090278
vt 0.081729 0.138800
vt 0.378406 0.054939
vt 0.267872 0.160665
vt 0.392025 0.154967
vt 0.267872 0.140239
vt 0.572333 0.133875
vt 0.413722 0.292010
vt 0.345027 0.255232
vt 0.281022 0.124609
vt 0.398494 0.292314
vt 0.752277 0.065430
vt 0.836028 0.040005
vt 0.100795 0.043030
vt 0.345027 0.117515
vt 0.491376 0.090278
vt 0.387511 0.281762
vt 0.299618 0.122930
vt 0.839435 0.220495
vt 0.491376 0.037809
vt 0.378406 0.064225
vt 0.387206 0.266534
vt 0.345027 0.136186
vt 0.312767 0.136186
vt 0.345027 0.156612
vt 0.312767 0.156612
vt 0.299618 0.172242
vt 0.373690 0.154967
vt 0.470371 0.609306
vt 0.412082 0.131603
vt 0.412082 0.154967
vt 0.511812 0.977166
vt 0.432139 0.131603
vt 0.730728 0.119491
vt 0.450474 0.131603
vt 0.450474 0.154967
vt 0.432139 0.154967
vt 0.649552 0.423988
vt 0.730728 0.108642
vt 0.856141 0.108642
vt 0.397759 0.255551
vt 0.777983 0.610554
vt 0.355770 0.064225
vt 0.355770 0.054939
vt 0.066375 0.997415
vt 0.885706 0.610555
vt 0.674651 0.422705
vt 0.777983 0.594052
vt 0.885706 0.594053
vt 0.845382 0.232515
vt 0.491923 0.908866
vt 0.491918 0.918721
vt 0.758403 0.228653
vt 0.276275 0.956115
vt 0.005133 0.825725
vt 0.005133 0.801484
vt 0.015259 0.801484
vt 0.494382 0.906514
vt 0.769167 0.218676
vt 0.494376 0.918202
vt 0.015259 0.777318
vt 0.002885 0.060095
vt 0.598157 0.124037
vt 0.806408 0.153129
vt 0.668236 0.434483
vt 0.598157 0.004050
vt 0.256661 0.050631
vt 0.362901 0.875545
vt 0.643549 0.435480
vt 0.457896 0.055736
vt 0.412177 0.214786
vt 0.378406 0.074384
vt 0.355770 0.074384
vt 0.457896 0.065250
vt 0.378406 0.016049
vt 0.378406 0.025336
vt 0.378406 0.035494
vt 0.806408 0.166093
vt 0.426267 0.065250
vt 0.966210 0.293461
vt 0.323503 0.875868
vt 0.966210 0.270404
vt 0.677184 0.166093
vt 0.966210 0.454862
vt 0.373221 0.977166
vt 0.533150 0.660511
vt 0.966210 0.408748
vt 0.373221 0.933227
vt 0.426267 0.055736
vt 0.966210 0.385690
vt 0.378406 0.045653
vt 0.400793 0.664775
vt 0.457896 0.075658
vt 0.654439 0.410785
vt 0.572333 0.151950
vt 0.966210 0.362633
vt 0.426267 0.075658
vt 0.516983 0.115885
vt 0.378406 0.084542
vt 0.682386 0.409430
vt 0.355770 0.045653
vt 0.388281 0.645038
vt 0.541104 0.151950
vt 0.541104 0.133875
vt 0.587587 0.423154
vt 0.583605 0.410766
vt 0.457896 0.015893
vt 0.911107 0.166287
vt 0.248323 0.231382
vt 0.122298 0.048281
vt 0.457896 0.025407
vt 0.824044 0.166736
vt 0.516982 0.012202
vt 0.457896 0.035815
vt 0.418937 0.072639
vt 0.457896 0.046222
vt 0.820930 0.154584
vt 0.005128 0.982153
vt 0.408572 0.073575
vt 0.917868 0.153129
vt 0.086588 0.051829
vt 0.355770 0.084542
vt 0.204675 0.231382
vt 0.401242 0.067509
vt 0.401242 0.057995
vt 0.036694 0.036059
vt 0.408572 0.050606
vt 0.418937 0.049671
vt 0.128538 0.088703
vt 0.427405 0.214481
vt 0.572333 0.171722
vt 0.290811 0.863441
vt 0.541104 0.171722
vt 0.442633 0.214176
vt 0.312767 0.255232
vt 0.195558 0.863441
vt 0.457861 0.213871
vt 0.071768 0.213226
vt 0.572333 0.191494
vt 0.473089 0.213567
vt 0.070670 0.206656
vt 0.488317 0.213262
vt 0.195558 0.863712
vt 0.541104 0.191494
vt 0.012422 0.198896
vt 0.020132 0.502940
vt 0.020132 0.420309
vt 0.345027 0.273903
vt 0.312767 0.273903
vt 0.457896 0.086065
vt 0.019847 0.194205
vt 0.468808 0.131603
vt 0.161059 0.336736
vt 0.493563 0.262896
vt 0.489127 0.253722
vt 0.473899 0.254027
vt 0.507487 0.251372
vt 0.527179 0.253150
vt 0.312767 0.117515
vt 0.020131 0.663169
vt 0.468808 0.154967
vt 0.527179 0.296785
vt 0.507487 0.295008
vt 0.378406 0.093828
vt 0.701198 0.912838
vt 0.868271 0.726746
vt 0.276275 0.863467
vt 0.962703 0.557400
vt 0.701198 0.959406
vt 0.701198 0.846648
vt 0.889570 0.723251
vt 0.493563 0.280970
vt 0.745372 0.657019
vt 0.739263 0.731993
vt 0.730380 0.841005
vt 0.538499 0.641455
vt 0.612401 0.959072
vt 0.701198 0.978695
vt 0.760776 0.733746
vt 0.936930 0.824174
vt 0.911660 0.830427
vt 0.612401 0.978361
vt 0.756329 0.843084
vt 0.612401 0.912504
vt 0.612401 0.866271
vt 0.612401 0.865937
vt 0.834341 0.841005
vt 0.782360 0.658524
vt 0.612401 0.846982
vt 0.782360 0.733746
vt 0.612401 0.846648
vt 0.355770 0.093828
vt 0.426267 0.086065
vt 0.612401 0.912838
vt 0.808392 0.843084
vt 0.058191 0.801484
vt 0.782360 0.843119
vt 0.010294 0.109505
vt 0.612401 0.959406
vt 0.612401 0.978695
vt 0.345027 0.177038
vt 0.443443 0.254637
vt 0.312767 0.177038
vt 0.993996 0.789073
vt 0.970707 0.817283
vt 0.720701 0.673853
vt 0.488865 0.131603
vt 0.690168 0.673554
vt 0.742502 0.652475
vt 0.490748 0.153084
vt 0.211808 0.863559
vt 0.742802 0.621943
vt 0.721423 0.600141
vt 0.690891 0.599842
vt 0.002074 0.113798
vt 0.355770 0.025336
vt 0.117409 0.336736
vt 0.622220 0.578166
vt 0.623830 0.582164
vt 0.970707 0.732654
vt 0.641665 0.559098
vt 0.200879 0.863575
vt 0.211808 0.863559
vt 0.645631 0.560786
vt 0.993996 0.704444
vt 0.669089 0.621220
vt 0.668790 0.651753
vt 0.508922 0.131603
vt 0.510806 0.153084
vt 0.993996 0.732654
vt 0.355770 0.016049
vt 0.355770 0.035494
vt 0.994443 0.873702
vt 0.285490 0.953276
vt 0.970707 0.845493
vt 0.993996 0.845493
vt 0.058191 0.825725
vt 0.257932 0.111180
vt 0.993996 0.817283
vt 0.058186 0.995450
vt 0.727328 0.509057
vt 0.757294 0.527753
vt 0.748293 0.531379
vt 0.757742 0.566078
vt 0.748652 0.562000
vt 0.732137 0.592340
vt 0.728193 0.582984
vt 0.885978 0.834676
vt 0.527257 0.131603
vt 0.527257 0.154967
vt 0.073759 0.336736
vt 0.574445 0.617163
vt 0.594903 0.596179
vt 0.624195 0.597125
vt 0.645160 0.619446
vt 0.645519 0.650068
vt 0.625060 0.671052
vt 0.595769 0.670106
vt 0.574803 0.647785
vt 0.258953 0.117763
vt 0.015259 0.775097
vt 0.457896 0.095579
vt 0.331344 0.082337
vt 0.200879 0.921458
vt 0.523822 0.165996
vt 0.522174 0.184256
vt 0.338498 0.076417
vt 0.458671 0.254332
vt 0.506826 0.197168
vt 0.486769 0.197168
vt 0.473752 0.184256
vt 0.348616 0.077330
vt 0.475400 0.165996
vt 0.422861 0.562729
vt 0.015259 0.694997
vt 0.852671 0.201351
vt 0.015259 0.820142
vt 0.058191 0.820142
vt 0.058191 0.827870
vt 0.426267 0.095579
vt 0.765652 0.204154
vt 0.015259 0.801484
vt 0.348616 0.099749
vt 0.338498 0.098836
vt 0.331344 0.091623
vt 0.058191 0.801484
vt 0.426267 0.025407
vt 0.052141 0.432313
vt 0.426267 0.015893
vt 0.052141 0.490937
vt 0.015259 0.782825
vt 0.426267 0.035815
vt 0.058191 0.782825
vt 0.058191 0.995445
vt 0.426267 0.046222
vt 0.269982 0.052831
vt 0.335545 0.336736
vt 0.088189 0.094996
vt 0.020132 0.490937
vt 0.015259 0.684729
vt 0.002885 0.054367
vt 0.109619 0.100195
vt 0.291916 0.336736
vt 0.020132 0.432313
vt 0.494138 0.384059
vt 0.066375 0.921458
vt 0.276275 0.863467
vt 0.494138 0.373513
vt 0.758403 0.191257
vt 0.855329 0.189091
vt 0.619552 0.394908
vt 0.494138 0.394908
vt 0.552805 0.473280
vt 0.543616 0.473280
vt 0.494138 0.457219
vt 0.285490 0.863454
vt 0.015259 0.825725
vt 0.005133 0.777318
vt 0.015253 0.984691
vt 0.068047 0.777318
vt 0.205659 0.699555
vt 0.058191 0.777318
vt 0.067068 0.699555
vt 0.677184 0.153129
vt 0.058481 0.684729
vt 0.280074 0.699555
vt 0.280074 0.781327
vt 0.205659 0.781804
vt 0.205659 0.756175
vt 0.205659 0.689450
vt 0.763365 0.254665
vt 0.258428 0.781327
vt 0.258428 0.699555
vt 0.258428 0.780946
vt 0.258428 0.690389
vt 0.067757 0.684729
vt 0.068047 0.801484
vt 0.068047 0.825725
vt 0.068042 0.997920
vt 0.058191 0.775097
vt 0.058191 0.694997
vt 0.015259 0.827870
vt 0.015259 0.984686
vt 0.005133 0.684729
vt 0.205659 0.758345
vt 0.067068 0.758345
vt 0.266354 0.781327
vt 0.266354 0.699555
vt 0.213377 0.781804
vt 0.213376 0.689450
vt 0.213377 0.699555
vt 0.213377 0.781327
vt 0.266354 0.780946
vt 0.266354 0.690389
vt 0.842257 0.254665
vt 0.758403 0.243457
vt 0.596964 0.912372
vt 0.763365 0.244119
vt 0.847218 0.243407
vt 0.582953 0.358820
vt 0.494138 0.358946
vt 0.501711 0.912372
vt 0.501711 0.828372
vt 0.596964 0.828372
vt 0.501711 0.828101
vt 0.501711 0.881432
vt 0.450817 0.841433
vt 0.448189 0.854766
vt 0.591643 0.738537
vt 0.507032 0.712592
vt 0.507032 0.828359
vt 0.591643 0.828359
vt 0.507032 0.770476
vt 0.507032 0.712592
vt 0.507032 0.770476
vt 0.372527 0.770475
vt 0.372527 0.694518
vt 0.311286 0.890329
vt 0.311286 0.866080
vt 0.321412 0.866080
vt 0.321412 0.890329
vt 0.311286 0.908565
vt 0.321412 0.908565
vt 0.311286 0.713529
vt 0.321412 0.710991
vt 0.311286 0.818071
vt 0.374200 0.697762
vt 0.374200 0.866087
vt 0.364344 0.866087
vt 0.364344 0.700232
vt 0.311286 0.964165
vt 0.374200 0.890329
vt 0.364344 0.890329
vt 0.374200 0.908565
vt 0.364344 0.908565
vt 0.321412 0.817906
vt 0.364344 0.964165
vt 0.362327 0.905687
vt 0.323429 0.905687
vt 0.364344 0.970664
vt 0.586227 0.977166
vt 0.511812 0.933227
vt 0.511812 0.910486
vt 0.586227 0.910486
vt 0.842257 0.244074
vt 0.833664 0.244079
vt 0.773555 0.244113
vt 0.917797 0.576861
vt 0.782709 0.576861
vt 0.782709 0.567380
vt 0.917797 0.576861
vt 0.782709 0.556857
vt 0.782709 0.520741
vt 0.917797 0.520741
vt 0.741385 0.097751
vt 0.652571 0.097751
vt 0.652571 0.097746
vt 0.741385 0.097746
vt 0.846919 0.076902
vt 0.846919 0.064980
vt 0.543865 0.433176
vt 0.494260 0.421303
vt 0.494387 0.409430
vt 0.362901 0.890697
vt 0.323503 0.891021
vt 0.552461 0.624889
vt 0.503580 0.457219
vt 0.543611 0.457219
vt 0.552800 0.457219
vn 99.288207 -398.669996 0.000050
vn 107.664369 -282.694717 -278.707181
vn 55.676980 -289.440172 -283.550801
vn 51.380833 -405.626975 0.000106
vn 107.664369 -282.694717 -278.707181
vn 115.905704 -0.236544 -395.178026
vn 60.167461 -0.041401 -404.689296
vn 55.676980 -289.440172 -283.550801
vn 115.905704 -0.236544 -395.178026
vn 107.825289 282.446264 -278.910799
vn 55.758555 289.397429 -283.581939
vn 60.167461 -0.041401 -404.689296
vn 107.825289 282.446264 -278.910799
vn 99.490483 398.630927 0.000041
vn 51.488678 405.616320 0.000115
vn 55.758555 289.397429 -283.581939
vn 99.490483 398.630927 0.000041
vn 107.825322 282.446143 278.910948
vn 55.758568 289.397283 283.582112
vn 51.488678 405.616320 0.000115
vn 107.825322 282.446143 278.910948
vn 115.905543 -0.236687 395.178057
vn 60.167372 -0.041479 404.689276
vn 55.758568 289.397283 283.582112
vn 115.905543 -0.236687 395.178057
vn 107.664167 -282.694766 278.707232
vn 55.676862 -289.440050 283.550924
vn 60.167372 -0.041479 404.689276
vn 107.664167 -282.694766 278.707232
vn 99.288207 -398.669996 0.000050
vn 51.380833 -405.626975 0.000106
vn 55.676862 -289.440050 283.550924
vn 51.380833 -405.626975 0.000106
vn 55.676980 -289.440172 -283.550801
vn -95.191760 -282.449378 -282.449498
vn -95.191945 -399.443794 0.000103
vn 55.676980 -289.440172 -283.550801
vn 60.167461 -0.041401 -404.689296
vn -95.191670 -0.000012 -399.443841
vn -95.191760 -282.449378 -282.449498
vn 60.167461 -0.041401 -404.689296
vn 55.758555 289.397429 -283.581939
vn -95.191767 282.449378 -282.449498
vn -95.191670 -0.000012 -399.443841
vn 55.758555 289.397429 -283.581939
vn 51.488678 405.616320 0.000115
vn -95.191938 399.443770 0.000140
vn -95.191767 282.449378 -282.449498
vn 51.488678 405.616320 0.000115
vn 55.758568 289.397283 283.582112
vn -95.192060 282.449256 282.449550
vn -95.191938 399.443770 0.000140
vn 55.758568 289.397283 283.582112
vn 60.167372 -0.041479 404.689276
vn -95.192116 0.000004 399.443723
vn -95.192060 282.449256 282.449550
vn 60.167372 -0.041479 404.689276
vn 55.676862 -289.440050 283.550924
vn -95.192067 -282.449256 282.449501
vn -95.192116 0.000004 399.443723
vn 55.676862 -289.440050 283.550924
vn 51.380833 -405.626975 0.000106
vn -95.191945 -399.443794 0.000103
vn -95.192067 -282.449256 282.449501
vn -95.191945 -399.443794 0.000103
vn -95.191760 -282.449378 -282.449498
vn -86.674300 -283.510358 -283.510159
vn -86.674506 -400.944025 0.000046
vn -95.191760 -282.449378 -282.449498
vn -95.191670 -0.000012 -399.443841
vn -86.674176 0.000009 -400.944118
vn -86.674300 -283.510358 -283.510159
vn -95.191670 -0.000012 -399.443841
vn -95.191767 282.449378 -282.449498
vn -86.674321 283.510382 -283.510184
vn -86.674176 0.000009 -400.944118
vn -95.191767 282.449378 -282.449498
vn -95.191938 399.443770 0.000140
vn -86.674534 400.944049 0.000086
vn -86.674321 283.510382 -283.510184
vn -95.191938 399.443770 0.000140
vn -95.192060 282.449256 282.449550
vn -86.674553 283.510236 283.510215
vn -86.674534 400.944049 0.000086
vn -95.192060 282.449256 282.449550
vn -95.192116 0.000004 399.443723
vn -86.674719 0.000018 400.943980
vn -86.674553 283.510236 283.510215
vn -95.192116 0.000004 399.443723
vn -95.192067 -282.449256 282.449501
vn -86.674594 -283.510260 283.510167
vn -86.674719 0.000018 400.943980
vn -95.192067 -282.449256 282.449501
vn -95.191945 -399.443794 0.000103
vn -86.674506 -400.944025 0.000046
vn -86.674594 -283.510260 283.510167
vn -86.674506 -400.944025 0.000046
vn -86.674300 -283.510358 -283.510159
vn 0.000043 -288.599888 -288.599718
vn -0.000040 -408.141745 0.000117
vn -86.674300 -283.510358 -283.510159
vn -86.674176 0.000009 -400.944118
vn 0.000105 0.000000 -408.141745
vn 0.000043 -288.599888 -288.599718
vn -86.674176 0.000009 -400.944118
vn -86.674321 283.510382 -283.510184
vn 0.000077 288.599888 -288.599718
vn 0.000105 0.000000 -408.141745
vn -86.674321 283.510382 -283.510184
vn -86.674534 400.944049 0.000086
vn 0.000025 408.141745 0.000193
vn 0.000077 288.599888 -288.599718
vn -86.674534 400.944049 0.000086
vn -86.674553 283.510236 283.510215
vn -0.000032 288.599840 288.599767
vn 0.000025 408.141745 0.000193
vn -86.674553 283.510236 283.510215
vn -86.674719 0.000018 400.943980
vn -0.000080 0.000017 408.141745
vn -0.000032 288.599840 288.599767
vn -86.674719 0.000018 400.943980
vn -86.674594 -283.510260 283.510167
vn -0.000079 -288.599888 288.599718
vn -0.000080 0.000017 408.141745
vn -86.674594 -283.510260 283.510167
vn -86.674506 -400.944025 0.000046
vn -0.000040 -408.141745 0.000117
vn -0.000079 -288.599888 288.599718
vn -463.561982 0.180397 -0.000082
vn -463.562010 0.180397 -0.000082
vn -463.561982 0.180397 -0.000082
vn -463.562010 0.180397 -0.000082
vn -463.561982 0.180397 -0.000082
vn -463.561982 0.180397 -0.000082
vn -463.561982 0.180397 -0.000082
vn -463.562010 0.180397 -0.000082
vn 463.562037 0.000000 -0.000048
vn 463.562010 0.000000 -0.000048
vn 463.562037 0.000000 -0.000048
vn 463.562010 0.000000 -0.000048
vn 463.562037 0.000000 -0.000048
vn 463.562037 0.000000 -0.000048
vn 463.562037 0.000000 -0.000048
vn 463.562037 0.000000 -0.000048
vn -463.561347 0.705883 0.035732
vn -463.561347 0.705883 0.035732
vn -463.561347 0.705883 0.035732
vn -463.561319 0.705883 0.035732
vn -463.561347 0.705442 -0.035638
vn -463.561347 0.705442 -0.035638
vn -463.561319 0.705442 -0.035638
vn -463.561347 0.705442 -0.035638
vn -463.560766 0.956031 0.027462
vn -463.560794 0.956031 0.027462
vn -463.560766 0.956031 0.027462
vn -463.560766 0.956031 0.027462
vn -463.561899 0.292388 0.032310
vn -463.561899 0.292388 0.032310
vn -463.561899 0.292388 0.032310
vn -463.561954 0.292389 0.032310
vn -463.561650 0.526025 -0.034274
vn -463.561678 0.526025 -0.034274
vn -463.561650 0.526025 -0.034274
vn -463.561650 0.526025 -0.034274
vn -463.561651 0.525600 0.034363
vn -463.561651 0.525600 0.034363
vn -463.561651 0.525600 0.034363
vn -463.561678 0.525600 0.034363
vn -463.561899 0.292319 -0.032023
vn -463.561954 0.292319 -0.032023
vn -463.561927 0.292319 -0.032023
vn -463.561899 0.292319 -0.032023
vn -463.560766 0.956102 -0.027173
vn -463.560794 0.956102 -0.027173
vn -463.560739 0.956102 -0.027173
vn -463.560766 0.956102 -0.027173
vn -13.289042 380.190928 147.978509
vn -13.289045 380.190952 147.978521
vn -13.289044 380.190928 147.978509
vn -13.289043 380.190928 147.978521
vn 18.492671 380.040732 -147.931167
vn 18.492673 380.040756 -147.931192
vn 18.492671 380.040732 -147.931179
vn 18.492671 380.040732 -147.931179
vn 41.129776 163.930562 -372.014930
vn 41.129769 163.930538 -372.014905
vn 41.129776 163.930550 -372.014930
vn 41.129769 163.930550 -372.014905
vn 38.935393 -164.056893 -372.142258
vn 38.935397 -164.056905 -372.142283
vn 38.935400 -164.056905 -372.142283
vn 38.935397 -164.056893 -372.142258
vn 13.323494 -380.189979 -147.978558
vn 13.323496 -380.190003 -147.978570
vn 13.323495 -380.189979 -147.978558
vn 13.323495 -380.189979 -147.978558
vn -18.540596 -380.039296 147.930194
vn -18.540599 -380.039321 147.930206
vn -18.540598 -380.039272 147.930206
vn -18.540598 -380.039321 147.930206
vn -41.173449 -163.957188 371.999433
vn -41.173453 -163.957188 371.999433
vn -41.173453 -163.957201 371.999458
vn -41.173449 -163.957176 371.999433
vn -38.893281 164.084638 372.133428
vn -38.893277 164.084626 372.133428
vn -38.893281 164.084638 372.133452
vn -38.893281 164.084651 372.133452
vn -0.000010 408.141745 0.000117
vn 0.000099 288.599742 -288.599815
vn 0.000099 288.599742 -288.599840
vn -0.000010 408.141745 0.000184
vn 0.000099 288.599742 -288.599815
vn 0.000157 -0.000008 -408.141745
vn 0.000157 -0.000025 -408.141745
vn 0.000099 288.599742 -288.599840
vn 0.000157 -0.000008 -408.141745
vn 0.000109 -288.599912 -288.599694
vn 0.000109 -288.599912 -288.599694
vn 0.000157 -0.000025 -408.141745
vn 0.000109 -288.599912 -288.599694
vn 0.000012 -408.141721 0.000235
vn 0.000012 -408.141745 0.000335
vn 0.000109 -288.599912 -288.599694
vn 0.000012 -408.141721 0.000235
vn -0.000064 -288.599912 288.599645
vn -0.000064 -288.599961 288.599572
vn 0.000012 -408.141745 0.000335
vn -0.000064 -288.599912 288.599645
vn -0.000098 0.000042 408.141745
vn -0.000098 0.000042 408.141721
vn -0.000064 -288.599961 288.599572
vn -0.000098 0.000042 408.141745
vn -0.000083 288.599888 288.599718
vn -0.000083 288.599937 288.599645
vn -0.000098 0.000042 408.141721
vn -0.000083 288.599888 288.599718
vn -0.000010 408.141745 0.000117
vn -0.000010 408.141745 0.000184
vn -0.000083 288.599937 288.599645
vn 0.082027 408.141745 0.000930
vn 0.058048 288.591568 -288.608038
vn 0.058051 288.609181 -288.590425
vn 0.082027 408.141721 0.000964
vn 0.058048 288.591568 -288.608038
vn 0.000038 -0.018716 -408.141745
vn 0.000045 0.016478 -408.141745
vn 0.058051 288.609181 -288.590425
vn 0.000038 -0.018716 -408.141745
vn -0.058001 -288.608597 -288.591009
vn -0.057998 -288.591057 -288.608549
vn 0.000045 0.016478 -408.141745
vn -0.058001 -288.608597 -288.591009
vn -0.082041 -408.141745 -0.000830
vn -0.082041 -408.141745 -0.000805
vn -0.057998 -288.591057 -288.608549
vn -0.082041 -408.141745 -0.000830
vn -0.058011 -288.607819 288.591787
vn -0.058007 -288.590328 288.609327
vn -0.082041 -408.141745 -0.000805
vn -0.058011 -288.607819 288.591787
vn 0.000002 -0.016587 408.141745
vn 0.000009 0.018607 408.141745
vn -0.058007 -288.590328 288.609327
vn 0.000002 -0.016587 408.141745
vn 0.057990 288.591009 288.608549
vn 0.057994 288.608743 288.590887
vn 0.000009 0.018607 408.141745
vn 0.057990 288.591009 288.608549
vn 0.082027 408.141745 0.000930
vn 0.082027 408.141721 0.000964
vn 0.057994 288.608743 288.590887
vn 26.621936 407.468151 -0.000076
vn 26.621930 288.122857 -288.124165
vn 23.988888 288.213062 -288.213105
vn 23.988831 407.594871 -0.000074
vn 26.621930 288.122857 -288.124165
vn 26.621891 -0.000793 -407.468145
vn 23.988889 -0.000008 -407.594914
vn 23.988888 288.213062 -288.213105
vn 26.621891 -0.000793 -407.468145
vn 26.621885 -288.123514 -288.123459
vn 23.988840 -288.213160 -288.213032
vn 23.988889 -0.000008 -407.594914
vn 26.621885 -288.123514 -288.123459
vn 26.621870 -407.468127 0.000180
vn 23.988766 -407.594920 0.000132
vn 23.988840 -288.213160 -288.213032
vn 26.621870 -407.468127 0.000180
vn 26.621727 -288.123563 288.123447
vn 23.988631 -288.213135 288.213068
vn 23.988766 -407.594920 0.000132
vn 26.621727 -288.123563 288.123447
vn 26.621638 -0.000752 407.468157
vn 23.988584 0.000092 407.594901
vn 23.988631 -288.213135 288.213068
vn 26.621638 -0.000752 407.468157
vn 26.621744 288.123125 288.123861
vn 23.988678 288.213306 288.212922
vn 23.988584 0.000092 407.594901
vn 26.621744 288.123125 288.123861
vn 26.621936 407.468151 -0.000076
vn 23.988831 407.594871 -0.000074
vn 23.988678 288.213306 288.212922
vn 23.988831 407.594871 -0.000074
vn 23.988888 288.213062 -288.213105
vn 21.420626 288.291396 -288.291609
vn 21.420512 407.705779 -0.000164
vn 23.988888 288.213062 -288.213105
vn 23.988889 -0.000008 -407.594914
vn 21.420659 -0.000034 -407.705798
vn 21.420626 288.291396 -288.291609
vn 23.988889 -0.000008 -407.594914
vn 23.988840 -288.213160 -288.213032
vn 21.420570 -288.291542 -288.291488
vn 21.420659 -0.000034 -407.705798
vn 23.988840 -288.213160 -288.213032
vn 23.988766 -407.594920 0.000132
vn 21.420438 -407.705779 0.000098
vn 21.420570 -288.291542 -288.291488
vn 23.988766 -407.594920 0.000132
vn 23.988631 -288.213135 288.213068
vn 21.420321 -288.291469 288.291595
vn 21.420438 -407.705779 0.000098
vn 23.988631 -288.213135 288.213068
vn 23.988584 0.000092 407.594901
vn 21.420309 0.000042 407.705784
vn 21.420321 -288.291469 288.291595
vn 23.988584 0.000092 407.594901
vn 23.988678 288.213306 288.212922
vn 21.420390 288.291566 288.291522
vn 21.420309 0.000042 407.705784
vn 23.988678 288.213306 288.212922
vn 23.988831 407.594871 -0.000074
vn 21.420512 407.705779 -0.000164
vn 21.420390 288.291566 288.291522
vn 463.562037 -0.000000 0.000111
vn 463.562037 -0.000000 0.000111
vn 463.562037 -0.000000 0.000111
vn 463.562010 -0.000000 0.000111
vn 463.562037 -0.000000 0.000111
vn 463.562037 -0.000000 0.000111
vn 463.562037 -0.000000 0.000111
vn 463.562037 -0.000000 0.000111
vn 463.469861 -7.520005 3.114980
vn 463.469834 -7.520005 3.114980
vn 463.469834 -7.520005 3.114979
vn 463.469806 -7.520005 3.114979
vn 463.469805 -3.115284 7.521066
vn 463.469805 -3.115284 7.521067
vn 463.469833 -3.115284 7.521067
vn 463.469833 -3.115284 7.521067
vn 463.469750 3.115638 7.521861
vn 463.469777 3.115638 7.521861
vn 463.469777 3.115638 7.521862
vn 463.469805 3.115638 7.521862
vn 463.469779 7.522439 3.116026
vn 463.469779 7.522440 3.116026
vn 463.469779 7.522440 3.116027
vn 463.469779 7.522439 3.116026
vn 463.469752 7.523913 -3.116034
vn 463.469752 7.523912 -3.116034
vn 463.469725 7.523912 -3.116034
vn 463.469780 7.523913 -3.116034
vn 463.469726 3.115270 -7.524407
vn 463.469781 3.115271 -7.524408
vn 463.469726 3.115270 -7.524407
vn 463.469753 3.115270 -7.524407
vn 463.469753 -3.114899 -7.523452
vn 463.469726 -3.114899 -7.523451
vn 463.469781 -3.114899 -7.523452
vn 463.469726 -3.114899 -7.523451
vn 463.469835 -7.521322 -3.114957
vn 463.469835 -7.521322 -3.114957
vn 463.469835 -7.521322 -3.114957
vn 463.469835 -7.521322 -3.114958
vn -463.556263 -1.876707 0.777241
vn -463.556290 -1.876707 0.777241
vn -463.556318 -1.876708 0.777241
vn -463.556318 -1.876708 0.777241
vn -463.556318 -1.876717 -0.777472
vn -463.556290 -1.876717 -0.777472
vn -463.556318 -1.876717 -0.777472
vn -463.556290 -1.876717 -0.777472
vn -463.556262 -0.781973 -1.880752
vn -463.556234 -0.781973 -1.880751
vn -463.556262 -0.781973 -1.880752
vn -463.556262 -0.781973 -1.880752
vn -463.556234 0.781460 -1.886729
vn -463.556234 0.781460 -1.886729
vn -463.556290 0.781460 -1.886730
vn -463.556207 0.781460 -1.886729
vn -463.556235 1.886270 -0.781232
vn -463.556235 1.886270 -0.781232
vn -463.556262 1.886270 -0.781232
vn -463.556235 1.886270 -0.781232
vn -463.556235 1.885828 0.781031
vn -463.556263 1.885828 0.781031
vn -463.556235 1.885828 0.781031
vn -463.556290 1.885828 0.781031
vn -463.556263 0.781528 1.885688
vn -463.556208 0.781528 1.885688
vn -463.556263 0.781528 1.885688
vn -463.556263 0.781528 1.885688
vn -463.556263 -0.782006 1.880143
vn -463.556263 -0.782006 1.880143
vn -463.556263 -0.782006 1.880143
vn -463.556263 -0.782006 1.880143
vn -0.000156 408.141745 -0.000268
vn 0.000009 288.599645 -288.599937
vn 0.000009 288.599572 -288.600010
vn -0.000156 408.141745 -0.000168
vn 0.000009 288.599645 -288.599937
vn 0.000121 -0.000017 -408.141745
vn 0.000121 -0.000034 -408.141721
vn 0.000009 288.599572 -288.600010
vn 0.000121 -0.000017 -408.141745
vn 0.000153 -288.599767 -288.599815
vn 0.000153 -288.599742 -288.599864
vn 0.000121 -0.000034 -408.141721
vn 0.000153 -288.599767 -288.599815
vn 0.000123 -408.141745 0.000059
vn 0.000123 -408.141721 0.000168
vn 0.000153 -288.599742 -288.599864
vn 0.000123 -408.141745 0.000059
vn -0.000225 -288.599742 288.599864
vn -0.000225 -288.599742 288.599840
vn 0.000123 -408.141721 0.000168
vn -0.000225 -288.599742 288.599864
vn -0.000563 -0.000000 408.141745
vn -0.000563 -0.000017 408.141745
vn -0.000225 -288.599742 288.599840
vn -0.000563 -0.000000 408.141745
vn -0.000412 288.599864 288.599767
vn -0.000412 288.599791 288.599791
vn -0.000563 -0.000017 408.141745
vn -0.000412 288.599864 288.599767
vn -0.000156 408.141745 -0.000268
vn -0.000156 408.141745 -0.000168
vn -0.000412 288.599791 288.599791
vn 463.562037 0.022575 -0.009414
vn 463.562010 0.022575 -0.009414
vn 463.562037 0.022575 -0.009414
vn 463.562037 0.022575 -0.009414
vn 463.562037 0.009971 -0.023542
vn 463.562037 0.009971 -0.023542
vn 463.562010 0.009971 -0.023542
vn 463.562037 0.009971 -0.023542
vn 463.562037 -0.009971 -0.023542
vn 463.562037 -0.009971 -0.023542
vn 463.562037 -0.009971 -0.023542
vn 463.562037 -0.009971 -0.023542
vn 463.562037 -0.022575 -0.009414
vn 463.562037 -0.022575 -0.009414
vn 463.562037 -0.022575 -0.009414
vn 463.562037 -0.022575 -0.009414
vn 463.562037 -0.025747 0.011123
vn 463.562037 -0.025747 0.011123
vn 463.562037 -0.025747 0.011123
vn 463.562037 -0.025747 0.011123
vn 463.562037 -0.011162 0.026427
vn 463.562037 -0.011162 0.026427
vn 463.562037 -0.011162 0.026427
vn 463.562037 -0.011162 0.026427
vn 463.562037 0.011162 0.026427
vn 463.562037 0.011162 0.026427
vn 463.562010 0.011162 0.026427
vn 463.562037 0.011162 0.026427
vn 463.562037 0.025747 0.011123
vn 463.562037 0.025747 0.011123
vn 463.562037 0.025747 0.011123
vn 463.562037 0.025747 0.011123
vn -463.562037 -0.000248 0.000084
vn -463.562037 -0.000248 0.000084
vn -463.562037 -0.000248 0.000084
vn -463.562037 -0.000248 0.000084
vn -463.562037 0.000130 -0.000424
vn -463.562037 0.000130 -0.000424
vn -463.562037 0.000130 -0.000424
vn -463.562037 0.000130 -0.000424
vn -463.562037 -0.000276 0.000332
vn -463.562037 -0.000276 0.000332
vn -463.562037 -0.000276 0.000332
vn -463.562037 -0.000276 0.000332
vn -463.562037 0.000276 0.000332
vn -463.562037 0.000276 0.000332
vn -463.562037 0.000276 0.000332
vn -463.562037 0.000276 0.000332
vn -463.562037 -0.000130 -0.000424
vn -463.562037 -0.000130 -0.000424
vn -463.562037 -0.000130 -0.000424
vn -463.562037 -0.000130 -0.000424
vn -463.562037 0.000248 0.000084
vn -463.562037 0.000248 0.000084
vn -463.562037 0.000248 0.000084
vn -463.562037 0.000248 0.000084
vn -463.562037 0.000038 0.000202
vn -463.562010 0.000038 0.000202
vn -463.562037 0.000038 0.000202
vn -463.562037 0.000038 0.000202
vn -463.562010 -0.000038 0.000202
vn -463.562037 -0.000038 0.000202
vn -463.562037 -0.000038 0.000202
vn -463.562010 -0.000038 0.000202
vn 0.000209 0.000000 -408.141745
vn 0.000209 0.000000 -408.141745
vn 0.000209 0.000000 -408.141745
vn 0.000209 0.000000 -408.141745
vn -0.000414 0.000112 408.141745
vn -0.000414 0.000112 408.141745
vn -0.000414 0.000112 408.141745
vn -0.000414 0.000112 408.141745
vn 0.000000 408.141745 0.000000
vn 0.000000 408.141745 0.000000
vn 0.000000 408.141745 0.000000
vn 0.000000 408.141721 0.000000
vn -463.562037 0.000000 -0.007595
vn -463.562037 0.000000 -0.007595
vn -463.562010 0.000000 -0.007595
vn -463.562037 0.000000 -0.005100
vn -463.562037 0.000000 -0.003853
vn 0.953144 -408.138267 -1.461832
vn 0.991994 -408.135055 2.168258
vn 0.991994 -408.135080 2.168258
vn 1.155800 -408.139069 1.084901
vn 463.562037 -0.000104 0.002753
vn 463.562037 0.000000 0.002067
vn 463.562037 0.000000 0.002067
vn 463.562037 -0.000076 0.002569
vn -463.562037 0.000074 -0.001094
vn -463.562010 0.000074 -0.001094
vn -463.562037 0.000074 -0.001094
vn -463.562037 0.000074 -0.001094
vn -463.562037 0.000037 -0.000602
vn -463.562037 0.000050 -0.000766
vn -322.671275 -293.035408 0.001094
vn -322.671248 -293.035432 0.001094
vn -407.315171 -194.863633 0.000516
vn -407.315282 -194.863474 0.000516
vn -463.562037 0.000050 -0.000766
vn -463.562037 0.000037 -0.000602
vn -463.562037 0.000000 -0.003853
vn -463.562037 0.000000 -0.005100
vn 0.000955 -0.003535 408.141745
vn 0.000955 -0.003535 408.141745
vn 0.000955 -0.003535 408.141745
vn 0.000000 408.141745 0.000000
vn 0.000000 408.141745 0.000000
vn 0.000000 408.141745 0.000000
vn 0.000000 408.141745 0.000000
vn 0.000097 0.000000 -408.141745
vn 0.000097 0.000000 -408.141745
vn 0.000097 0.000000 -408.141721
vn -0.000000 -408.141745 -0.000000
vn -0.000000 -408.141745 -0.000000
vn -0.000000 -408.141745 -0.000000
vn -0.000000 -408.141745 -0.000000
vn -0.000000 -408.141745 -0.000000
vn -463.562037 0.000043 -0.000111
vn -407.315061 194.863803 0.000516
vn -407.315199 194.863645 0.000516
vn -463.562037 0.000043 -0.000111
vn -407.315061 194.863803 0.000516
vn -322.671082 293.035627 0.001094
vn -322.671054 293.035602 0.001094
vn -407.315199 194.863645 0.000516
vn -407.315171 -194.863633 0.000516
vn -463.562037 0.000043 -0.000111
vn -463.562037 0.000043 -0.000111
vn -407.315282 -194.863474 0.000516
vn 1.155800 -408.139069 1.084901
vn 1.096130 -408.130968 -2.806037
vn 0.953144 -408.138267 -1.461832
vn 1.096130 -408.130968 -2.806037
vn 0.893169 -408.105911 -5.351243
vn 0.893169 -408.105887 -5.351242
vn 0.953144 -408.138267 -1.461832
vn 463.562037 -0.000076 0.002569
vn 463.562037 -0.000129 0.002912
vn 463.562037 -0.000129 0.002912
vn 463.562037 -0.000129 0.002912
vn 463.562037 -0.000104 0.002753
vn 0.000000 408.141745 0.000000
vn 0.000000 408.141745 0.000000
vn 0.000000 408.141745 0.000000
vn 0.000000 408.141745 0.000000
vn 0.000000 408.141745 0.000000
vn 0.000000 408.141745 0.000000
vn 0.000000 408.141721 0.000000
vn 0.000097 0.000000 -408.141745
vn 0.000097 0.000000 -408.141745
vn 0.000097 0.000000 -408.141745
vn 0.000097 0.000000 -408.141745
vn 0.000097 0.000000 -408.141745
vn 0.000097 0.000000 -408.141745
vn 0.000097 0.000000 -408.141721
vn 0.000097 0.000000 -408.141745
vn 0.000097 0.000000 -408.141745
vn 0.000097 0.000000 -408.141745
vn 0.000097 0.000000 -408.141745
vn 0.000097 0.000000 -408.141745
vn 0.000955 0.003535 408.141745
vn 0.000955 0.003535 408.141745
vn 0.000955 0.003535 408.141745
vn -0.000097 -0.000000 408.141745
vn -0.000097 -0.000000 408.141721
vn -0.000097 -0.000000 408.141745
vn -0.000097 -0.000000 408.141745
vn -0.000097 -0.000000 408.141745
vn -0.000097 -0.000000 408.141745
vn -0.000097 -0.000000 408.141745
vn -0.000097 -0.000000 408.141745
vn -0.000097 -0.000000 408.141745
vn -0.000097 -0.000000 408.141745
vn 136.184163 -390.126474 2.073255
vn 136.184163 -390.126474 2.073255
vn 136.184163 -390.126474 2.073255
vn 136.184163 -390.126498 2.073255
vn 136.184163 -390.126498 2.073255
vn 136.184177 -390.126522 2.073255
vn 0.000413 12.205337 407.959219
vn 0.000413 12.205337 407.959219
vn 0.000413 12.205336 407.959219
vn 0.000413 12.205336 407.959194
vn -463.562037 0.000000 -0.000111
vn -463.562010 0.000000 -0.000111
vn -463.562037 0.000000 -0.000111
vn -463.562037 0.000000 -0.000111
vn -0.241169 -12.285849 -407.956737
vn -0.241169 -12.285849 -407.956737
vn -0.241169 -12.285849 -407.956713
vn -0.241169 -12.285850 -407.956737
vn 463.562037 -0.000000 0.002067
vn 463.562037 -0.000000 0.002067
vn 463.562037 -0.000000 0.002067
vn 463.562037 -0.000000 0.002067
vn 0.000098 -408.112796 4.861032
vn 0.000098 -408.112772 4.861031
vn 0.000098 -408.112796 4.861032
vn 0.000098 -408.112796 4.861032
vn -0.078217 -408.118610 4.345352
vn -0.078217 -408.118610 4.345352
vn -0.078217 -408.118586 4.345352
vn -0.078217 -408.118586 4.345352
vn 0.659516 -408.140967 -0.542423
vn 0.659516 -408.140967 -0.542423
vn 0.659516 -408.140991 -0.542423
vn 0.659516 -408.140967 -0.542423
vn 0.659516 -408.140967 -0.542423
vn 0.659516 -408.140967 -0.542423
vn 0.740889 -408.141259 0.000002
vn 0.740889 -408.141186 0.000002
vn 0.740889 -408.141234 0.000002
vn 0.740889 -408.141234 0.000002
vn 0.002864 0.000578 408.141745
vn 0.002864 0.000578 408.141745
vn 0.002864 0.000578 408.141745
vn 0.002864 0.000578 408.141745
vn 0.002864 0.000578 408.141745
vn -463.562037 -0.000000 -0.002322
vn -463.562010 -0.000000 -0.002322
vn -463.562037 -0.000000 -0.002322
vn -463.562037 -0.000000 -0.002322
vn 70.949530 -93.758041 -392.284274
vn 70.949530 -93.758041 -392.284274
vn 70.949523 -93.758041 -392.284274
vn 70.949530 -93.758047 -392.284274
vn 70.949523 -93.758034 -392.284250
vn 463.562010 0.000279 -0.002092
vn 463.562037 0.000279 -0.002092
vn 463.562037 0.000279 -0.002092
vn 463.562037 0.000279 -0.002092
vn -463.562037 -0.000000 -0.001216
vn -463.562037 -0.000000 -0.001216
vn -463.562037 -0.000000 -0.001216
vn -463.562037 -0.000000 -0.001216
vn 61.733008 -404.483502 4.308915
vn 61.733015 -404.483527 4.308916
vn 61.733008 -404.483502 4.308915
vn 61.733015 -404.483527 4.308916
vn -0.000091 0.001040 408.141745
vn -0.000091 0.001040 408.141745
vn -0.000091 0.001040 408.141745
vn -0.000091 0.001040 408.141745
vn 0.000001 408.118586 -4.347441
vn 0.000001 408.118586 -4.347441
vn 0.000001 408.118610 -4.347442
vn 0.000001 408.118586 -4.347441
vn 0.000191 -0.000619 -408.141745
vn 0.000191 -0.000619 -408.141745
vn 0.000191 -0.000619 -408.141745
vn 0.000191 -0.000619 -408.141745
vn 463.562037 -0.000000 -0.002039
vn 463.562037 -0.000000 -0.002039
vn 463.562037 -0.000000 -0.002039
vn 463.562037 -0.000000 -0.002039
vn -0.000079 408.141721 0.000806
vn -0.000079 408.141721 0.000806
vn -0.000079 408.141745 0.000806
vn -0.000079 408.141745 0.000806
vn -463.562010 -0.000000 -0.002260
vn -463.562037 -0.000000 -0.002260
vn -463.562037 -0.000000 -0.002260
vn -463.562037 -0.000000 -0.002260
vn 61.736387 -404.506054 0.000015
vn 61.736387 -404.506078 0.000015
vn 61.736387 -404.506054 0.000015
vn 61.736380 -404.506029 0.000015
vn 20.265202 -116.764038 -390.675654
vn 20.265205 -116.764050 -390.675703
vn 20.265205 -116.764050 -390.675703
vn 20.265205 -116.764050 -390.675654
vn -0.263889 -0.000381 -408.141672
vn -0.263889 -0.000381 -408.141672
vn -0.263889 -0.000381 -408.141672
vn -0.263889 -0.000381 -408.141672
vn -0.658378 408.141356 -0.000002
vn -0.658378 408.141356 -0.000002
vn -0.658378 408.141356 -0.000002
vn -0.658378 408.141332 -0.000002
vn 463.562037 0.000000 0.001028
vn 463.562037 0.000000 0.001028
vn 463.562037 0.000000 0.001028
vn -463.562010 -0.000000 -0.001647
vn -463.562010 -0.000000 -0.001647
vn -463.562010 -0.000000 -0.001647
vn -463.562037 0.000053 -0.001834
vn -463.562037 0.000053 -0.001834
vn -463.562037 0.000053 -0.001834
vn -463.562037 0.000053 -0.001834
vn 463.562037 0.000000 0.002863
vn 463.562037 0.000000 0.002863
vn 463.562037 0.000000 0.002863
vn -463.562037 -0.000000 -0.001945
vn -463.562037 -0.000000 -0.001945
vn -463.562010 -0.000000 -0.001945
vn -0.659802 408.141356 -0.000462
vn -0.659802 408.141307 -0.000462
vn -0.659802 408.141332 -0.000462
vn -0.659802 408.141307 -0.000462
vn -0.002291 1.637902 408.138437
vn -0.003410 -156.440247 376.969673
vn -0.003410 -156.440247 376.969649
vn -0.002291 1.637911 408.138437
vn -0.000554 -156.188863 -377.073915
vn -0.000426 -0.314309 -408.141624
vn -0.000426 -0.314377 -408.141599
vn -0.000554 -156.188850 -377.073891
vn -0.000426 -0.314309 -408.141624
vn -0.000233 155.607760 -377.314072
vn -0.000233 155.607760 -377.314072
vn -0.000426 -0.314377 -408.141599
vn -0.000814 159.460790 375.701913
vn -0.002291 1.637902 408.138437
vn -0.002291 1.637911 408.138437
vn -0.000814 159.460803 375.701913
vn -292.165653 224.063844 224.063677
vn -292.165932 316.873819 0.000080
vn -292.165851 224.063747 -224.063622
vn -292.165746 -0.000026 -316.873986
vn -292.165657 -224.063965 -224.063573
vn -292.165711 -316.873941 0.000444
vn -292.165322 -224.063795 224.064090
vn -292.165399 0.000228 316.874212
vn 463.562010 0.000093 0.000478
vn 463.562010 0.000093 0.000478
vn 463.562037 0.000093 0.000478
vn 463.562037 0.000093 0.000478
vn 463.562037 0.000093 0.000478
vn 463.562037 0.000093 0.000478
vn 463.562037 0.000093 0.000478
vn 463.562037 0.000093 0.000478
vn 463.562037 0.000093 0.000478
vn -459.872831 -19.665785 47.477535
vn -459.872831 -19.665783 47.477532
vn -459.872831 -19.665785 47.477535
vn -459.872803 -19.665783 47.477532
vn -459.872831 19.665760 47.477507
vn -459.872859 19.665763 47.477510
vn -459.872859 19.665763 47.477510
vn -459.872831 19.665763 47.477507
vn -459.410401 50.629566 20.175492
vn -459.410401 50.629566 20.175490
vn -459.410429 50.629566 20.175492
vn -459.410401 50.629563 20.175490
vn -460.285642 44.479859 -19.181556
vn -460.285669 44.479865 -19.181559
vn -460.285642 44.479859 -19.181556
vn -460.285669 44.479862 -19.181558
vn -459.872449 19.667298 -47.479487
vn -459.872477 19.667299 -47.479493
vn -459.872477 19.667299 -47.479490
vn -459.872449 19.667299 -47.479490
vn -459.872477 -19.667319 -47.479524
vn -459.872449 -19.667319 -47.479521
vn -459.872477 -19.667319 -47.479524
vn -459.872504 -19.667320 -47.479524
vn -459.872456 -47.480138 -19.666255
vn -459.872456 -47.480141 -19.666255
vn -459.872483 -47.480141 -19.666255
vn -459.872456 -47.480141 -19.666255
vn -459.872244 -47.481473 19.666657
vn -459.872272 -47.481473 19.666657
vn -459.872272 -47.481473 19.666657
vn -459.872244 -47.481467 19.666656
vn -459.872272 -47.481470 19.666657
vn 0.000376 -288.599621 288.599985
vn -0.000047 0.000402 408.141721
vn -292.165399 0.000228 316.874212
vn -292.165322 -224.063795 224.064090
vn -0.000047 0.000402 408.141721
vn -0.000340 288.599791 288.599791
vn -292.165653 224.063844 224.063677
vn -292.165399 0.000228 316.874212
vn -0.000340 288.599791 288.599791
vn -0.000067 408.141745 0.000243
vn -292.165932 316.873819 0.000080
vn -292.165653 224.063844 224.063677
vn -0.000067 408.141745 0.000243
vn 0.000285 288.599694 -288.599888
vn -292.165851 224.063747 -224.063622
vn -292.165932 316.873819 0.000080
vn 0.000285 288.599694 -288.599888
vn 0.000428 0.000067 -408.141721
vn -292.165746 -0.000026 -316.873986
vn -292.165851 224.063747 -224.063622
vn 0.000428 0.000067 -408.141721
vn 0.000557 -288.599864 -288.599718
vn -292.165657 -224.063965 -224.063573
vn -292.165746 -0.000026 -316.873986
vn 0.000557 -288.599864 -288.599718
vn 0.000562 -408.141745 0.000268
vn -292.165711 -316.873941 0.000444
vn -292.165657 -224.063965 -224.063573
vn 0.000562 -408.141745 0.000268
vn 0.000376 -288.599621 288.599985
vn -292.165322 -224.063795 224.064090
vn -292.165711 -316.873941 0.000444
vn -104.569348 -367.355026 152.162695
vn -104.569355 -367.355051 152.162683
vn -104.567331 -367.355586 152.162452
vn -104.567546 -367.355513 152.162464
vn -463.562037 0.000003 0.003899
vn -463.562010 0.000003 0.003899
vn -463.562037 0.000003 0.003899
vn -463.562037 0.000003 0.003899
vn -463.562037 0.000003 0.003899
vn -6.025049 -42.331760 -405.905888
vn -6.025049 -42.331760 -405.905863
vn -6.025049 -42.331760 -405.905863
vn -6.025048 -42.331754 -405.905863
vn 463.562037 -0.000002 -0.003911
vn 463.562037 -0.000002 -0.003911
vn 463.562037 -0.000002 -0.003911
vn 463.562037 -0.000002 -0.003911
vn -5.127536 -36.037084 406.522578
vn -5.127537 -36.037090 406.522627
vn -5.127536 -36.037084 406.522602
vn -5.127537 -36.037087 406.522602
vn -5.958873 230.013217 -337.114320
vn -5.958874 230.013217 -337.114345
vn -5.958873 230.013217 -337.114320
vn -5.958874 230.013241 -337.114369
vn -463.562037 -0.000314 -0.000005
vn -463.562037 -0.000314 -0.000005
vn -463.562037 -0.000314 -0.000005
vn -463.562037 -0.000314 -0.000005
vn -0.000791 -180.935795 365.844092
vn -0.000791 -180.935820 365.844116
vn -0.000791 -180.935820 365.844140
vn -0.000791 -180.935808 365.844092
vn 463.562037 0.000397 -0.000810
vn 463.562037 0.000397 -0.000810
vn 463.562010 0.000397 -0.000810
vn 463.562037 0.000397 -0.000810
vn 0.000476 -156.188923 377.073891
vn 0.000476 -156.188923 377.073891
vn 0.001338 1.774162 408.137926
vn 0.001338 1.774005 408.137877
vn -0.000007 -0.314158 -408.141648
vn -0.000007 -0.314410 -408.141599
vn 0.000062 -156.188850 -377.073915
vn 0.000062 -156.188838 -377.073891
vn -0.000076 155.607699 -377.314072
vn -0.000076 155.607711 -377.314121
vn -0.000007 -0.314410 -408.141599
vn -0.000007 -0.314158 -408.141648
vn 0.001338 1.774005 408.137877
vn 0.001338 1.774162 408.137926
vn 0.001993 159.461070 375.701815
vn 0.001993 159.461070 375.701840
vn -104.564962 -367.355878 152.163048
vn -104.564465 -367.355708 152.163778
vn -104.564458 -367.355683 152.163778
vn -104.565017 -367.355878 152.162939
vn -5.561472 -39.079604 -406.236980
vn -5.561472 -39.079604 -406.236980
vn -5.561472 -39.079607 -406.237004
vn -5.561472 -39.079607 -406.237004
vn 0.682355 0.253653 408.141210
vn 0.682355 0.253653 408.141210
vn 0.682355 0.253653 408.141259
vn 0.682355 0.253653 408.141235
vn 0.682355 0.253653 408.141210
vn 0.000154 197.449523 -357.202142
vn 0.000154 197.449511 -357.202166
vn 0.000154 197.449511 -357.202166
vn 0.000154 197.449535 -357.202166
vn 0.002200 -180.935564 365.844238
vn 0.002200 -180.935564 365.844238
vn 0.002200 -180.935552 365.844213
vn 0.002200 -180.935540 365.844213
vn -0.000365 -288.599280 288.600326
vn -0.000365 -288.598964 288.600618
vn -0.000553 -0.000067 408.141745
vn -0.000553 -0.000075 408.141745
vn -0.000164 -377.073550 156.189738
vn -0.000164 -377.073550 156.189738
vn -0.000365 -288.598964 288.600618
vn -0.000365 -288.599280 288.600326
vn 0.000344 -288.600204 -288.599377
vn 0.000344 -288.599937 -288.599645
vn 0.000240 -377.073745 -156.189203
vn 0.000240 -377.073745 -156.189191
vn 0.000428 -0.000059 -408.141721
vn 0.000428 -0.000059 -408.141745
vn 0.000344 -288.599937 -288.599645
vn 0.000344 -288.600204 -288.599377
vn 0.000246 284.661956 -292.484665
vn 0.000246 284.661664 -292.484909
vn 0.000428 -0.000059 -408.141745
vn 0.000428 -0.000059 -408.141721
vn 0.000062 372.701573 -166.352670
vn 0.000062 372.701597 -166.352682
vn 0.000246 284.661664 -292.484909
vn 0.000246 284.661956 -292.484665
vn -0.000553 -0.000075 408.141745
vn -0.000553 -0.000067 408.141745
vn -0.000510 156.187938 377.074280
vn -0.000510 156.187950 377.074304
vn -104.567331 -367.355586 152.162452
vn -104.564962 -367.355878 152.163048
vn -104.565017 -367.355878 152.162939
vn -104.567546 -367.355513 152.162464
vn -0.035787 -0.253446 -408.141672
vn -0.035787 -0.253446 -408.141697
vn -0.035787 -0.253446 -408.141648
vn -0.035787 -0.253446 -408.141672
vn -0.000051 -179.723914 366.440983
vn -0.000051 -179.723914 366.440983
vn -0.000051 -179.723927 366.441007
vn -0.000051 -179.723914 366.440983
vn -2.602831 -119.817593 390.151481
vn -2.602830 -119.817593 390.151457
vn -2.602830 -119.817593 390.151481
vn -2.602830 -119.817593 390.151457
vn 0.000080 229.661982 -337.394543
vn 0.000080 229.661957 -337.394543
vn 0.000080 229.661957 -337.394543
vn 0.000080 229.661982 -337.394543
vn -463.562037 0.000000 -0.000111
vn -463.562037 0.000000 -0.000111
vn -463.562037 0.000000 -0.000111
vn -463.562037 0.000000 -0.000111
vn -463.562037 -0.001889 -0.002009
vn -463.562037 -0.001889 -0.002009
vn -463.562037 -0.001889 -0.002009
vn -1.575413 -0.081145 408.139385
vn -1.575413 -0.081145 408.139337
vn -1.575413 -0.081145 408.139385
vn -1.575413 -0.081145 408.139385
vn 463.562037 0.001753 -0.000526
vn 463.562037 0.001753 -0.000526
vn 463.562037 0.001753 -0.000526
vn 463.562037 0.001584 -0.000546
vn 463.562037 0.001584 -0.000546
vn 463.562037 0.001584 -0.000546
vn 463.562037 0.000080 -0.000786
vn 463.562037 0.000080 -0.000786
vn 463.562037 0.000080 -0.000786
vn 463.562037 0.000080 -0.000786
vn 463.562010 0.000007 -0.000682
vn 463.562037 0.000007 -0.000682
vn 463.562037 0.000007 -0.000682
vn 463.562037 0.000007 -0.000682
vn 463.562037 0.000015 -0.000973
vn 463.562037 0.000015 -0.000973
vn 463.562037 0.000015 -0.000973
vn 463.562037 0.000015 -0.000973
vn -463.562037 -0.000447 0.000586
vn -463.562037 -0.000447 0.000586
vn -463.562037 -0.000447 0.000586
vn -463.562037 -0.000447 0.000586
vn -463.562037 0.000000 -0.000111
vn -463.562037 0.000000 -0.000111
vn -463.562037 0.000000 -0.000111
vn -463.562037 0.000000 -0.000111
vn -463.562037 -0.000948 0.000838
vn -463.562037 -0.000948 0.000838
vn -463.562037 -0.000948 0.000838
vn -463.562037 0.000000 -0.000111
vn -463.562010 0.000000 -0.000111
vn -463.562037 0.000000 -0.000111
vn -463.562037 0.000000 -0.000111
vn -463.562010 -0.000577 0.000578
vn -463.562037 -0.000577 0.000578
vn -463.562037 -0.000577 0.000578
vn -463.562037 -0.000577 0.000578
vn -463.562037 -0.001557 0.000584
vn -463.562037 -0.001557 0.000584
vn -463.562037 -0.001557 0.000584
vn -463.562037 -0.000425 0.000224
vn -463.562037 -0.000425 0.000224
vn -463.562037 -0.000425 0.000224
vn -463.562037 -0.000425 0.000224
vn 463.562037 0.000303 -0.000260
vn 463.562037 0.000303 -0.000260
vn 463.562037 0.000303 -0.000260
vn 463.562037 0.000303 -0.000260
vn 463.562037 -0.000509 -0.000385
vn 463.562037 -0.000509 -0.000385
vn 463.562037 -0.000509 -0.000385
vn 463.562037 0.001501 0.000720
vn 463.562037 0.001501 0.000720
vn 463.562037 0.001501 0.000720
vn 463.562037 0.001501 0.000720
vn 463.562037 -0.001493 0.000729
vn 463.562037 -0.001493 0.000729
vn 463.562037 -0.001493 0.000729
vn 463.562037 -0.001493 0.000729
vn 463.562037 0.000474 -0.000363
vn 463.562037 0.000474 -0.000363
vn 463.562037 0.000474 -0.000363
vn 463.562037 -0.010559 -0.069867
vn 463.562010 -0.010559 -0.069867
vn 463.562010 -0.010559 -0.069867
vn 463.562037 -0.010559 -0.069867
vn -112.688831 -395.898526 0.328749
vn -112.688824 -395.898526 0.328749
vn -112.688845 -395.898575 0.328749
vn -112.688831 -395.898551 0.328749
vn -463.562010 0.011099 0.072238
vn -463.562037 0.011099 0.072238
vn -463.562037 0.011099 0.072238
vn -463.562037 0.011099 0.072238
vn 463.562037 -0.000000 0.000111
vn 463.562037 -0.000000 0.000111
vn 463.562037 -0.000000 0.000111
vn 463.562037 -0.000000 0.000111
vn 463.562010 -0.000000 0.000111
vn 463.562037 -0.000000 0.000111
vn 463.562037 -0.000000 0.000111
vn 463.562037 -0.000000 0.000111
vn 463.562037 0.000447 -0.000586
vn 463.562037 0.000447 -0.000586
vn 463.562037 0.000447 -0.000586
vn 463.562037 0.000447 -0.000586
vn -463.562037 -0.001052 0.002237
vn -463.562037 -0.001052 0.002237
vn -463.562037 -0.001052 0.002237
vn -463.562037 -0.001052 0.002237
vn -463.562037 -0.000014 0.001474
vn -463.562037 -0.000014 0.001474
vn -463.562037 -0.000014 0.001474
vn -463.562037 -0.000014 0.001474
vn -463.562037 -0.000158 0.001680
vn -463.562010 -0.000158 0.001680
vn -463.562037 -0.000158 0.001680
vn -463.562037 -0.000158 0.001680
vn -463.562037 -0.003168 0.001202
vn -463.562037 -0.003168 0.001202
vn -463.562010 -0.003168 0.001202
vn -463.562037 0.000001 0.001567
vn -463.562010 0.000001 0.001567
vn -463.562037 0.000001 0.001567
vn 463.562037 -0.000000 0.000111
vn 463.562037 -0.000000 0.000111
vn 463.562037 -0.000000 0.000111
vn 463.562037 -0.000000 0.000111
vn 463.562037 -0.000000 0.000111
vn 463.562037 -0.000000 0.000111
vn 463.562037 -0.001896 0.002007
vn 463.562037 -0.001896 0.002007
vn 463.562037 -0.001896 0.002007
vn 463.562037 -0.008847 -0.060413
vn 463.562037 -0.008847 -0.060413
vn 463.562037 -0.008847 -0.060413
vn 463.562037 -0.008847 -0.060413
vn -112.689529 -395.898429 0.298195
vn -112.689515 -395.898405 0.298195
vn -112.689529 -395.898405 0.298195
vn -112.689522 -395.898405 0.298195
vn -463.562010 0.009148 0.063157
vn -463.562037 0.009148 0.063157
vn -463.562037 0.009148 0.063157
vn -463.562037 0.009148 0.063157
vn -463.562037 0.002370 -0.002481
vn -463.562010 0.002370 -0.002481
vn -463.562037 0.002370 -0.002481
vn -463.562037 0.000079 0.000785
vn -463.562010 0.000079 0.000785
vn -463.562037 0.000079 0.000785
vn -463.562037 0.000079 0.000785
vn -463.562010 -0.002383 0.003535
vn -463.562010 -0.002383 0.003535
vn -463.562037 -0.002383 0.003535
vn -463.562037 -0.002383 0.003535
vn -463.562037 -0.008772 0.000193
vn -463.562037 -0.008772 0.000193
vn -463.562010 -0.008772 0.000193
vn -463.533080 2.887508 -3.534871
vn -463.533025 2.887507 -3.534871
vn -463.533025 2.887507 -3.534871
vn -463.533025 2.887507 -3.534870
vn 463.533606 2.861517 -3.502278
vn 463.533606 2.861517 -3.502278
vn 463.533579 2.861517 -3.502277
vn 463.533551 2.861517 -3.502277
vn 463.562037 0.002035 0.002091
vn 463.562037 0.002035 0.002091
vn 463.562010 0.002035 0.002091
vn 463.562037 0.000500 0.000314
vn 463.562037 0.000500 0.000314
vn 463.562037 0.000500 0.000314
vn 463.562037 0.000500 0.000314
vn 463.562037 -0.000498 0.000317
vn 463.562037 -0.000498 0.000317
vn 463.562037 -0.000498 0.000317
vn 463.562037 -0.000498 0.000317
vn -463.562037 -0.001512 -0.001966
vn -463.562037 -0.001512 -0.001966
vn -463.562037 -0.001512 -0.001966
vn 4.431487 -190.399079 360.988444
vn 4.431487 -190.399067 360.988444
vn 4.431487 -190.399054 360.988444
vn 4.431487 -190.399067 360.988419
vn 4.431487 -190.399067 360.988419
vn 463.562037 -0.000618 0.000942
vn 463.562037 -0.000618 0.000942
vn 463.562010 -0.000618 0.000942
vn 463.562037 -0.000618 0.000942
vn -463.562037 -0.000012 -0.000995
vn -463.562037 -0.000012 -0.000995
vn -463.562010 -0.000012 -0.000995
vn -463.562037 -0.000012 -0.000995
vn -0.000042 -179.831672 366.388095
vn -0.000042 -179.831672 366.388120
vn -0.000042 -179.831684 366.388095
vn -0.000042 -179.831684 366.388120
vn 0.000086 190.363512 -361.028290
vn 0.000086 190.363512 -361.028290
vn 0.000086 190.363500 -361.028266
vn 0.000086 190.363512 -361.028290
vn 0.000052 -408.080514 -7.070743
vn 0.000052 -408.080465 -7.070741
vn 0.000052 -408.080490 -7.070742
vn 0.000052 -408.080514 -7.070743
vn 0.001021 197.051202 -357.422010
vn 0.001021 197.051202 -357.422010
vn 0.001021 197.051215 -357.422035
vn 0.001021 197.051190 -357.422010
vn -31.371823 199.573562 -354.946682
vn -31.371819 199.573550 -354.946658
vn -31.371823 199.573574 -354.946682
vn -31.371819 199.573550 -354.946658
vn -31.371823 199.573574 -354.946682
vn -463.562037 -0.000055 -0.001706
vn -463.562037 -0.000055 -0.001706
vn -463.562037 -0.000055 -0.001706
vn -463.562037 -0.000055 -0.001706
vn -463.562037 0.000273 -0.000992
vn -463.562037 0.000273 -0.000992
vn -463.562037 0.000273 -0.000992
vn -463.562037 0.000273 -0.000992
vn 463.562037 0.000477 0.000286
vn 463.562037 0.000477 0.000286
vn 463.562037 0.000477 0.000286
vn 463.562037 0.000477 0.000286
vn 0.000357 197.051093 -357.422083
vn 0.000357 197.051093 -357.422083
vn 0.000357 197.051105 -357.422108
vn 0.000357 197.051117 -357.422108
vn 0.002681 200.563482 -355.463018
vn 0.002681 200.563507 -355.463018
vn 0.002681 200.563495 -355.463018
vn 0.002681 200.563507 -355.463043
vn 463.562037 0.001140 -0.001412
vn 463.562037 0.001140 -0.001412
vn 463.562037 0.001140 -0.001412
vn 463.562037 0.001140 -0.001412
vn -463.562037 0.000000 -0.000111
vn -463.562010 0.000000 -0.000111
vn -463.562037 0.000000 -0.000111
vn -463.562037 0.000000 -0.000111
vn 0.000635 0.000000 -408.141745
vn 0.000635 0.000000 -408.141745
vn 0.000635 0.000000 -408.141745
vn 0.000635 0.000000 -408.141721
vn -0.000000 -408.141745 -0.000000
vn -0.000000 -408.141745 -0.000000
vn -0.000000 -408.141745 -0.000000
vn -0.000000 -408.141745 -0.000000
vn -463.562037 -0.000175 -0.000111
vn -463.562037 -0.000175 -0.000111
vn -463.562037 -0.000175 -0.000111
vn -463.562037 -0.000175 -0.000111
vn 463.562037 0.000024 -0.000368
vn 463.562037 0.000024 -0.000368
vn 463.562037 0.000024 -0.000368
vn 463.562037 0.000024 -0.000368
vn -463.562037 -0.000001 -0.000102
vn -312.705734 0.000000 301.294106
vn -312.705734 0.000000 301.294106
vn -463.562037 -0.000001 -0.000068
vn -312.705734 0.000000 301.294106
vn -0.000275 0.000053 408.141745
vn -0.000275 0.000053 408.141745
vn -312.705734 0.000000 301.294106
vn -0.000275 0.000053 408.141745
vn 312.705729 0.000194 301.294134
vn 312.705563 0.000194 301.294280
vn -0.000275 0.000053 408.141745
vn 312.705729 0.000194 301.294134
vn 463.562037 0.000143 -0.000018
vn 463.562037 0.000143 -0.000018
vn 312.705563 0.000194 301.294280
vn 463.562037 0.000143 -0.000018
vn 312.705265 -0.000065 -301.294496
vn 312.705265 -0.000065 -301.294496
vn 463.562037 0.000143 -0.000018
vn 312.705265 -0.000065 -301.294496
vn -0.000287 -0.000127 -408.141745
vn -0.000249 -0.000127 -408.141745
vn 312.705265 -0.000065 -301.294496
vn -0.000287 -0.000127 -408.141745
vn -312.705287 -0.000065 -301.294499
vn -312.705259 -0.000065 -301.294523
vn -0.000249 -0.000127 -408.141745
vn -312.705287 -0.000065 -301.294499
vn -463.562037 -0.000001 -0.000102
vn -463.562037 -0.000001 -0.000068
vn -312.705259 -0.000065 -301.294523
vn -0.000017 408.141745 -0.000017
vn -0.000017 408.141745 -0.000017
vn -0.000017 408.141745 -0.000017
vn -0.000017 408.141745 -0.000017
vn -0.000017 408.141745 -0.000017
vn -0.000017 408.141745 -0.000017
vn -0.000017 408.141745 -0.000017
vn -0.000017 408.141721 -0.000017
vn -463.562010 -0.000034 0.000042
vn -312.704889 -301.294814 0.000040
vn -312.704834 -301.294886 0.000040
vn -463.562037 -0.000017 0.000042
vn -312.704889 -301.294814 0.000040
vn -0.000337 -408.141745 -0.000016
vn -0.000215 -408.141745 -0.000016
vn -312.704834 -301.294886 0.000040
vn -0.000337 -408.141745 -0.000016
vn 312.705303 -301.294497 -0.000116
vn 312.705386 -301.294400 -0.000116
vn -0.000215 -408.141745 -0.000016
vn 312.705303 -301.294497 -0.000116
vn 463.562037 0.000231 -0.000034
vn 463.562037 0.000257 -0.000034
vn 312.705386 -301.294400 -0.000116
vn 463.562037 0.000231 -0.000034
vn 312.705082 301.294619 0.000070
vn 312.704999 301.294692 0.000070
vn 463.562037 0.000257 -0.000034
vn 312.705082 301.294619 0.000070
vn -0.000337 408.141745 0.000035
vn -0.000215 408.141745 0.000035
vn 312.704999 301.294692 0.000070
vn -0.000337 408.141745 0.000035
vn -312.704889 301.294838 0.000033
vn -312.704806 301.294886 0.000033
vn -0.000215 408.141745 0.000035
vn -312.704889 301.294838 0.000033
vn -463.562010 -0.000034 0.000042
vn -463.562037 -0.000017 0.000042
vn -312.704806 301.294886 0.000033
vn -0.000136 -0.000000 408.141745
vn -0.000136 -0.000000 408.141745
vn -0.000136 -0.000000 408.141745
vn -0.000136 -0.000000 408.141745
vn -0.000136 -0.000000 408.141745
vn -0.000136 -0.000000 408.141721
vn -0.000136 -0.000000 408.141745
vn -0.000136 -0.000000 408.141745
vn -463.562037 -0.000785 -0.000008
vn -312.704905 -0.000382 301.294812
vn -312.704850 -0.000382 301.294812
vn -463.562010 -0.000785 0.000009
vn -312.704905 -0.000382 301.294812
vn -0.000378 -0.000000 408.141721
vn -0.000369 -0.000000 408.141745
vn -312.704850 -0.000382 301.294812
vn -0.000378 -0.000000 408.141721
vn 312.704126 0.000001 301.295423
vn 312.704126 0.000001 301.295423
vn -0.000369 -0.000000 408.141745
vn 312.704126 0.000001 301.295423
vn 463.562010 -0.000001 0.000581
vn 463.562010 -0.000001 0.000590
vn 312.704126 0.000001 301.295423
vn 463.562010 -0.000001 0.000581
vn 312.704988 -0.000300 -301.294715
vn 312.704988 -0.000300 -301.294690
vn 463.562010 -0.000001 0.000590
vn 312.704988 -0.000300 -301.294715
vn 0.000388 -0.000588 -408.141745
vn 0.000406 -0.000588 -408.141745
vn 312.704988 -0.000300 -301.294690
vn 0.000388 -0.000588 -408.141745
vn -312.704734 -0.000686 -301.294985
vn -312.704679 -0.000686 -301.294985
vn 0.000406 -0.000588 -408.141745
vn -312.704734 -0.000686 -301.294985
vn -463.562037 -0.000785 -0.000008
vn -463.562010 -0.000785 0.000009
vn -312.704679 -0.000686 -301.294985
vn -0.000066 408.141745 -0.000017
vn -0.000066 408.141745 -0.000017
vn -0.000066 408.141745 -0.000017
vn -0.000066 408.141745 -0.000017
vn -0.000066 408.141745 -0.000017
vn -0.000066 408.141745 -0.000017
vn -0.000066 408.141745 -0.000017
vn -0.000066 408.141745 -0.000017
vn -463.562010 -0.000026 -0.000104
vn -312.704474 301.295154 -0.000088
vn -312.704502 301.295130 -0.000088
vn -463.562010 -0.000034 -0.000104
vn -312.704474 301.295154 -0.000088
vn 0.000000 408.141745 -0.000027
vn 0.000000 408.141745 -0.000027
vn -312.704502 301.295130 -0.000088
vn 0.000000 408.141745 -0.000027
vn 312.704447 301.295178 0.000054
vn 312.704447 301.295154 0.000054
vn 0.000000 408.141745 -0.000027
vn 312.704447 301.295178 0.000054
vn 463.562010 0.000060 0.000120
vn 463.562010 0.000009 0.000120
vn 312.704447 301.295154 0.000054
vn 463.562010 0.000060 0.000120
vn 312.704613 -301.295008 0.000153
vn 312.704557 -301.295032 0.000153
vn 463.562010 0.000009 0.000120
vn 312.704613 -301.295008 0.000153
vn 0.000028 -408.141721 0.000116
vn 0.000047 -408.141745 0.000116
vn 312.704557 -301.295032 0.000153
vn 0.000028 -408.141721 0.000116
vn -312.704557 -301.295057 -0.000013
vn -312.704557 -301.295081 -0.000013
vn 0.000047 -408.141745 0.000116
vn -312.704557 -301.295057 -0.000013
vn -463.562010 -0.000026 -0.000104
vn -463.562010 -0.000034 -0.000104
vn -312.704557 -301.295081 -0.000013
vn 0.000105 0.000018 -408.141745
vn 0.000105 0.000018 -408.141745
vn 0.000105 0.000018 -408.141745
vn 0.000105 0.000018 -408.141745
vn 0.000105 0.000018 -408.141745
vn 0.000105 0.000018 -408.141745
vn 0.000105 0.000018 -408.141745
vn 0.000105 0.000018 -408.141745
vn -463.562010 -0.000599 -0.001180
vn -312.704541 -0.000552 -301.295107
vn -312.704513 -0.000552 -301.295107
vn -463.562037 -0.000599 -0.001189
vn -312.704541 -0.000552 -301.295107
vn 0.000462 -0.000472 -408.141745
vn 0.000453 -0.000472 -408.141745
vn -312.704513 -0.000552 -301.295107
vn 0.000462 -0.000472 -408.141745
vn 312.704159 -0.000238 -301.295396
vn 312.704104 -0.000238 -301.295396
vn 0.000453 -0.000472 -408.141745
vn 312.704159 -0.000238 -301.295396
vn 463.562037 0.000002 -0.000112
vn 463.562037 0.000002 -0.000112
vn 312.704104 -0.000238 -301.295396
vn 463.562037 0.000002 -0.000112
vn 312.703353 0.000000 301.296104
vn 312.703353 0.000000 301.296104
vn 463.562037 0.000002 -0.000112
vn 312.703353 0.000000 301.296104
vn -0.000406 0.000085 408.141745
vn -0.000406 0.000085 408.141745
vn 312.703353 0.000000 301.296104
vn -0.000406 0.000085 408.141745
vn -312.705237 -0.000187 301.294496
vn -312.705154 -0.000187 301.294569
vn -0.000406 0.000085 408.141745
vn -312.705237 -0.000187 301.294496
vn -463.562010 -0.000599 -0.001180
vn -463.562037 -0.000599 -0.001189
vn -312.705154 -0.000187 301.294569
vn -0.000000 -408.141745 -0.000000
vn -0.000000 -408.141745 -0.000000
vn -0.000000 -408.141745 -0.000000
vn -0.000000 -408.141745 -0.000000
vn -0.000000 -408.141745 -0.000000
vn -0.000000 -408.141721 -0.000000
vn -0.000000 -408.141745 -0.000000
vn -0.000000 -408.141745 -0.000000

v 409.118075 167.948501 -3.138581
v 409.118075 173.519869 -5.446316
v 409.118075 179.091249 -3.138581
v 409.118075 181.398970 2.432785
v 409.118075 179.091248 8.004151
v 409.118075 173.519869 10.311886
v 409.118075 167.948500 8.004151
v 409.118075 165.640779 2.432785
v 686.069907 167.948501 -3.138581
v 686.069907 173.519869 -5.446316
v 686.069907 179.091249 -3.138581
v 686.069907 181.398970 2.432785
v 686.069907 179.091248 8.004151
v 686.069907 173.519869 10.311886
v 686.069907 167.948500 8.004151
v 686.069907 165.640779 2.432785
v 683.995130 165.925391 10.027259
v 683.995130 162.779683 2.432785
v 683.995130 165.925391 -5.161690
v 683.995130 173.519869 -8.307424
v 683.995130 180.742195 -5.161688
v 683.995130 180.742194 10.027260
v 683.995130 173.519868 13.172995
v 808.427675 166.141013 9.811688
v 808.427675 163.084550 2.432785
v 808.427675 166.141013 -4.946118
v 808.427675 173.519869 -8.002559
v 808.427675 180.898803 -4.946117
v 808.427675 183.955232 2.432785
v 808.427675 180.898802 9.811689
v 808.427675 173.519868 12.868131
v 711.430426 184.260099 2.432785
v 711.430426 181.114347 -5.161688
v 711.430426 173.519869 -8.307424
v 711.430426 165.925391 -5.161690
v 711.430426 162.779683 2.432785
v 711.430426 165.925391 10.027259
v 711.430426 173.519868 13.172995
v 711.430426 181.114346 10.027260
v 695.958530 218.601885 -3.701828
v 711.430426 218.601885 -3.701828
v 695.958530 218.601884 8.567404
v 711.430426 218.601884 8.567404
v 684.008730 184.260100 -5.161688
v 684.006679 184.260099 10.027260
v 728.456253 184.260099 2.432785
v 728.456253 181.114347 -5.161689
v 728.456253 173.519869 -8.307424
v 728.456253 165.925391 -5.161690
v 728.456253 162.779683 2.432785
v 728.456253 165.925391 10.027259
v 728.456253 173.519868 13.172995
v 728.456253 181.114346 10.027262
v 737.199113 184.260099 2.432785
v 737.199113 181.114347 -5.161689
v 737.199113 173.519869 -8.307424
v 737.199113 165.925391 -5.161690
v 737.199113 162.779683 2.432785
v 737.199113 165.925391 10.027259
v 737.199113 173.519868 13.172995
v 737.199113 181.114346 10.027262
v 729.158086 186.018884 2.432785
v 729.158086 182.358038 -6.405357
v 736.403420 186.018884 2.432785
v 736.403420 182.358038 -6.405357
v 729.158086 173.519869 -10.066235
v 736.403420 173.519869 -10.066235
v 729.158086 164.681756 -6.405355
v 736.403420 164.681756 -6.405355
v 729.158086 161.020865 2.432784
v 736.403420 161.020865 2.432784
v 729.158086 164.681755 11.270927
v 736.403420 164.681755 11.270927
v 729.158086 173.519868 14.931809
v 736.403420 173.519868 14.931809
v 729.158086 182.358038 11.270930
v 736.403420 182.358038 11.270930
v 804.418309 173.519869 -8.002559
v 804.418309 166.141013 -4.946118
v 804.418309 163.084550 2.432785
v 804.418309 166.141013 9.811688
v 804.418309 173.519868 12.868131
v 804.418309 180.898802 9.811689
v 804.418309 183.955232 2.432785
v 804.418309 180.898803 -4.946117
v 799.819519 173.519869 -8.409074
v 799.819519 165.853592 -5.233567
v 799.819519 162.678076 2.432785
v 799.819519 165.853591 10.099136
v 799.819519 173.519868 13.274647
v 799.819519 181.186280 10.099137
v 799.819519 184.361796 2.432785
v 799.819519 181.186280 -5.233566
v 804.423392 173.519869 -6.705069
v 804.423392 167.058491 -4.028654
v 804.423392 164.382083 2.432785
v 804.423392 167.058490 8.894224
v 804.423392 173.519869 11.570642
v 804.423392 179.981325 8.894224
v 804.423392 182.657755 2.432786
v 804.423392 179.981326 -4.028654
v 695.958530 218.601884 5.905149
v 711.430426 218.601884 5.905149
v 695.958530 218.601885 -1.039574
v 711.430426 218.601885 -1.039574
v 695.958396 220.584162 -4.569408
v 711.430336 220.584162 -4.569408
v 695.958396 221.402729 -2.162689
v 711.430336 221.402729 -2.162689
v 695.958530 221.393632 7.027022
v 711.430426 221.393632 7.027022
v 695.958530 220.584161 9.434986
v 711.430426 220.584161 9.434986
v 695.958396 223.780891 -4.666057
v 711.430336 223.780891 -4.666057
v 695.958396 224.533243 -2.261252
v 711.430336 224.533243 -2.261252
v 695.958530 224.533243 7.126831
v 711.430426 224.533243 7.126831
v 695.958530 223.780890 9.531635
v 711.430426 223.780890 9.531635
v 695.958396 225.285551 -3.884853
v 711.430336 225.285551 -3.884853
v 695.958530 225.285551 8.750431
v 711.430426 225.285551 8.750431
v 697.220313 227.233784 -2.407159
v 710.168286 227.233784 -2.407159
v 697.220313 227.233784 -1.343082
v 710.168286 227.233784 -1.343082
v 697.220402 227.233784 6.208661
v 710.168375 227.233784 6.208661
v 697.220402 227.233784 7.272735
v 710.168375 227.233784 7.272735
v 688.419264 188.199472 -4.928895
v 708.363986 188.199516 -4.930041
v 692.433000 200.619888 -4.001337
v 708.364075 200.619888 -4.003418
v 688.418596 188.199471 9.794470
v 708.363986 188.199471 9.795616
v 708.364075 200.619887 8.868993
v 692.433000 200.619887 8.866912
v 808.427675 167.409674 8.543044
v 808.427675 164.878706 2.432785
v 808.427675 167.409675 -3.677475
v 808.427675 173.519880 -6.208427
v 808.427675 179.630220 -3.677474
v 808.427675 182.161099 2.432785
v 808.427631 179.630175 8.543045
v 808.427631 173.519869 11.073998
v 774.212913 173.519914 2.432754
v 711.430426 222.203104 9.624708
v 695.958530 222.203104 9.624708
v 695.958396 222.221274 -4.759856
v 711.430336 222.221274 -4.759856
v 693.989607 165.098106 8.029876
v 695.344002 163.607079 4.430148
v 709.598258 163.607079 4.430148
v 709.598258 165.098106 8.029876
v 695.344002 163.607079 0.435421
v 693.989607 165.098107 -3.164307
v 709.598258 165.098107 -3.164307
v 709.598258 163.607079 0.435421
v 698.731172 159.983955 8.029876
v 698.731172 159.983955 4.430148
v 709.598258 157.983352 4.430148
v 709.598258 157.983352 8.029876
v 698.731172 159.983955 0.435421
v 698.731172 159.983956 -3.164307
v 709.598258 157.983352 -3.164307
v 709.598258 157.983352 0.435421
v 707.765020 159.983955 8.029876
v 707.765020 159.983955 4.430148
v 707.765020 159.983955 0.435421
v 707.765020 159.983956 -3.164307
v 707.765020 157.983352 8.029876
v 707.765020 157.983352 4.430148
v 707.765020 157.983352 0.435421
v 707.765020 157.983352 -3.164307
v 410.436754 171.597777 -15.483429
v 410.436754 161.066870 -12.061734
v 410.436754 154.558461 -3.103630
v 410.436754 154.558460 7.969192
v 410.436754 161.066869 16.927298
v 410.436754 171.597775 20.348982
v 212.632247 170.289353 -17.072406
v 212.632247 158.824482 -13.347245
v 212.632247 151.738822 -3.594652
v 212.632247 151.738821 8.460214
v 212.632247 158.824481 18.212808
v 212.632247 170.289352 21.937962
v 410.436754 201.103456 20.348986
v 410.436754 211.634363 16.927300
v 410.436754 218.142794 7.969194
v 410.436754 218.142795 -3.103628
v 410.436754 211.634364 -12.061732
v 410.436754 201.103458 -15.483425
v 104.700180 202.411880 21.937965
v 104.700180 213.876750 18.212810
v 104.700180 220.962411 8.460216
v 104.700180 220.962411 -3.594649
v 104.700180 213.876752 -13.347242
v 104.700180 202.411881 -17.072403
v 104.700197 147.712914 -13.347245
v 104.700197 140.627276 -3.594653
v 104.700197 140.627275 8.460214
v 104.700197 147.712912 18.212807
v 104.700197 159.177816 21.937962
v 104.700197 159.177818 -17.072407
v 101.669863 148.066015 -12.670385
v 101.669863 141.056011 -3.336114
v 101.669863 141.056011 8.201675
v 101.669863 148.066014 17.535942
v 101.669863 159.408532 21.101315
v 101.669863 202.181153 21.101319
v 101.669863 213.523671 17.535944
v 101.669863 220.533709 8.201678
v 101.669863 220.533709 -3.336112
v 101.669863 213.523673 -12.670382
v 101.669863 202.181155 -16.235759
v 101.669863 159.408533 -16.235761
v 92.743525 148.066015 -12.670385
v 92.743525 141.056011 -3.336114
v 92.743525 141.056011 8.201679
v 92.743525 148.066014 17.535946
v 92.743525 159.408532 21.101317
v 92.743525 202.181153 21.101323
v 92.743525 213.523671 17.535949
v 92.743525 220.533709 8.201681
v 92.743525 220.533709 -3.336112
v 92.743525 213.523673 -12.670382
v 92.743525 202.181155 -16.235759
v 92.743525 159.408533 -16.235761
v 401.745662 220.962411 8.460215
v 401.745662 213.876750 18.212810
v 401.745662 202.411880 21.937965
v 401.745662 170.289352 21.937962
v 401.745662 158.824481 18.212808
v 401.745662 151.738821 8.460214
v 401.745662 151.738822 -3.594652
v 401.745662 158.824482 -13.347245
v 401.745662 170.289353 -17.072406
v 401.745662 202.411881 -17.072403
v 401.745662 213.876752 -13.347242
v 401.745662 220.962411 -3.594649
v 414.566466 161.066848 -12.061734
v 414.566466 154.558461 -3.103630
v 414.566488 154.558460 7.969196
v 414.566488 161.066891 16.927300
v 414.566488 171.597775 20.348986
v 414.566466 201.103434 20.348989
v 414.566466 211.634363 16.927303
v 414.566466 218.142794 7.969198
v 414.566488 218.142795 -3.103628
v 414.566488 211.634364 -12.061732
v 414.566488 201.103435 -15.483425
v 414.566466 171.597732 -15.483429
v 145.795620 161.008425 -17.072407
v 145.795620 161.008423 21.937962
v 145.795620 149.543519 18.212808
v 145.795620 142.457893 8.460214
v 145.795620 142.457894 -3.594653
v 145.795620 149.543521 -13.347245
v -204.666173 170.252867 18.107492
v 92.688624 143.057015 18.107490
v -204.666173 183.851930 18.107492
v 92.688624 202.068142 18.107493
v 92.688602 220.090292 8.325660
v 92.688602 220.090292 -3.460086
v 92.688624 202.068121 -13.241921
v -204.666173 183.851931 -13.241921
v -204.666173 170.252868 -13.241922
v 92.688624 143.057016 -13.241923
v -192.560132 202.068121 -13.241921
v -199.542970 183.851931 -13.241921
v -156.827066 170.077900 -13.241922
v -156.827066 170.077899 18.107492
v -199.542970 183.851930 18.107492
v -192.560132 202.068120 18.107493
v -199.542970 194.546379 -13.241921
v -199.542970 194.546378 18.107493
v -120.027561 138.430970 18.107490
v -120.027561 138.430971 -13.241923
v -141.208449 145.204249 18.107491
v -141.208449 145.204251 -13.241923
v -181.511256 209.602883 -6.808312
v 92.688602 210.853296 -6.808312
v 92.688602 210.853295 11.673886
v -181.511256 209.602904 11.673885
v -181.511256 209.602904 2.432787
v 92.688602 222.004303 2.432787
v -152.128508 153.992022 18.107491
v -152.128508 153.992023 -13.241923
v -172.112312 217.628303 9.343041
v -164.274121 220.090292 8.325660
v -164.274121 222.004303 2.432787
v -171.962113 219.155592 2.432787
v -164.274121 220.090292 -3.460086
v -172.112312 217.628303 -4.477467
v -65.410548 139.572641 18.107490
v -65.410548 139.572643 -13.241923
v -40.134972 140.067135 18.107490
v -40.134972 140.067136 -13.241923
v -62.929163 136.730987 18.107490
v -42.487651 136.730987 18.107490
v -62.929163 136.730988 -13.241923
v -42.487651 136.730988 -13.241923
v 411.222058 194.727344 -3.297034
v 411.222058 201.302681 -6.866142
v 411.222058 207.878019 -4.142549
v 411.222058 210.601612 2.432787
v 411.222058 207.878018 9.008122
v 411.222058 201.302681 11.731714
v 411.222058 194.727343 9.008122
v 411.222058 192.003750 2.432786
v 508.818897 194.305999 -4.279758
v 504.880294 201.302681 -6.866142
v 502.460531 207.878019 -4.988064
v 502.460531 210.601612 2.432787
v 502.460531 207.878018 9.008122
v 504.880294 201.302681 11.731714
v 493.430383 194.727344 -4.142549
v 493.430383 192.003750 2.432786
v 493.430383 194.727343 9.008122
v 493.440549 165.253522 -5.833581
v 493.440549 173.519881 -9.257620
v 493.440549 181.786250 -5.833580
v 493.440549 189.243103 2.432785
v 493.440549 181.786249 10.699151
v 493.440549 173.519880 14.123192
v 493.440549 165.253522 10.699151
v 493.440549 161.829478 2.432784
v 535.172014 165.253522 -5.833581
v 535.172014 173.519881 -9.257620
v 535.172014 181.786250 -5.833580
v 535.172014 183.368205 2.432785
v 535.172014 181.786249 10.699151
v 535.172014 173.519880 14.123192
v 535.172014 165.253522 10.699151
v 535.172014 161.829478 2.432784
v 508.818897 194.305998 9.145330
v 508.818897 196.170315 2.432786
v 514.891336 189.243102 7.823985
v 493.440549 189.243125 7.990024
v 493.440549 189.243125 -3.124453
v 514.891336 189.243103 -2.958413
v 515.019864 189.938671 2.432786
v 525.125814 184.769942 8.616781
v 525.125814 184.769943 -3.751210
v 525.125814 185.500012 2.432786
v 505.718927 201.937831 2.432786
v 510.249540 165.253522 10.699151
v 508.360120 161.829478 2.432784
v 510.249540 165.253522 -5.833581
v 498.155762 156.745736 10.699151
v 498.155762 156.745736 2.432784
v 505.534305 156.745736 2.432784
v 505.534305 156.745736 10.699151
v 498.155762 156.745736 -5.833581
v 505.534305 156.745736 -5.833581
v 401.215408 163.789884 -7.297227
v 401.215408 173.519881 -11.327528
v 401.215408 183.249888 -7.297226
v 401.215408 187.280200 2.432786
v 401.215408 183.249887 12.162797
v 401.215408 173.519879 16.193099
v 401.215408 163.789883 12.162796
v 401.215408 159.759561 2.432784
v 427.340273 163.789884 -7.297227
v 427.340273 173.519881 -11.327528
v 427.340273 183.249888 -7.297226
v 427.340273 187.280200 2.432786
v 427.340273 183.249887 12.162797
v 427.340273 173.519879 16.193099
v 427.340273 163.789883 12.162796
v 427.340273 159.759561 2.432784
v 427.340273 173.519880 2.432785
v -90.284644 108.218708 5.985921
v -90.543216 109.488451 5.985921
v -99.102235 111.305993 5.985921
v -95.551602 112.646276 5.985921
v -103.334658 116.509512 5.985922
v -100.559988 120.698439 5.985922
v -106.015223 123.617611 5.985922
v -106.085763 131.501673 5.985922
v -100.701068 129.949793 5.985922
v -108.695766 140.031397 5.985923
v -92.236176 140.172477 5.985923
v -108.695766 140.031397 -1.120356
v -92.236176 140.172477 -1.120356
v -106.085763 131.501674 -1.120356
v -100.701068 129.949793 -1.120356
v -106.015223 123.617612 -1.120356
v -100.559988 120.698439 -1.120356
v -103.334658 116.509512 -1.120357
v -99.102235 111.305993 -1.120357
v -95.551602 112.646276 -1.120357
v -90.284644 108.218708 -1.120357
v -90.543216 109.488451 -1.120357
v 142.855507 225.341199 -4.635498
v 139.321361 227.908909 -4.635497
v 134.952918 227.908909 -4.635497
v 134.952918 214.464213 -4.635498
v 139.321361 214.464213 -4.635498
v 142.855507 217.031923 -4.635498
v 144.205426 221.186561 -4.635498
v 142.855507 225.341198 9.501072
v 139.321361 227.908908 9.501072
v 134.952918 227.908908 9.501072
v 134.952918 214.464213 9.501072
v 139.321361 214.464213 9.501072
v 142.855507 217.031923 9.501072
v 144.205426 221.186560 9.501072
v 137.137145 221.186561 -4.635498
v 137.137145 221.186560 9.501072
v 108.075890 226.071346 -4.635498
v 108.075890 226.071345 9.501072
v 108.075890 216.301776 -4.635498
v 108.075890 216.301776 9.501072
v 122.999390 228.641976 -3.729329
v 120.922154 229.502391 -3.729329
v 118.844930 228.641976 -3.729329
v 117.984527 226.564747 -3.729329
v 123.859793 226.564747 -3.729329
v 122.999390 228.641976 8.594904
v 120.922154 229.502390 8.594904
v 118.844930 228.641976 8.594904
v 117.984527 226.564746 8.594904
v 123.859793 226.564746 8.594904
v 120.922154 226.564747 -3.729329
v 120.922154 226.564746 8.594904
v 117.984527 223.751328 -3.729329
v 117.984527 223.751328 8.594904
v 123.859793 223.751328 -3.729329
v 123.859793 223.751328 8.594904
v 120.922154 223.751328 -3.729329
v 120.922154 223.751328 8.594904
v 65.374890 225.527380 8.181029
v 120.752119 225.527380 8.181029
v 69.623622 227.904182 8.181030
v 120.752119 227.904182 8.181030
v 69.623622 227.904182 -3.315455
v 120.752119 227.904182 -3.315455
v 65.374890 225.527380 -3.315455
v 120.752119 225.527380 -3.315455
v 70.058644 230.298886 8.181030
v 70.058644 230.298886 -3.315455
v 65.374890 233.634020 -3.315455
v 65.374890 233.634020 8.181030
v 89.629676 230.341603 -4.888870
v 86.158935 231.779224 -4.888870
v 82.688183 230.341603 -4.888870
v 81.250552 226.870851 -4.888870
v 82.688183 223.400100 -4.888871
v 86.158935 221.962457 -4.888871
v 89.629687 223.400100 -4.888871
v 91.067319 226.870851 -4.888870
v 89.629676 230.341602 9.754445
v 86.158935 231.779223 9.754445
v 82.688183 230.341602 9.754445
v 81.250552 226.870851 9.754445
v 82.688183 223.400099 9.754445
v 86.158935 221.962456 9.754445
v 89.629687 223.400099 9.754445
v 91.067319 226.870851 9.754445
v 86.158935 226.870851 -4.888870
v 86.158935 226.870851 9.754445
v -61.973038 108.707405 12.120179
v -61.973038 138.037293 12.120181
v -42.860260 138.037293 12.120181
v -61.973038 138.037293 -7.254614
v -42.860260 138.037293 -7.254614
v -61.973038 108.707405 -7.254615
v -45.481299 109.453225 12.120179
v -43.562562 111.490826 12.120179
v -42.860260 114.274247 12.120180
v -48.336409 108.707405 12.120179
v -43.562562 111.490827 -7.254615
v -45.481299 109.453226 -7.254615
v -48.336409 108.707405 -7.254615
v -42.860260 114.274248 -7.254615
v -50.724358 108.707405 12.120179
v -50.724358 108.707405 -7.254615
v -50.367176 92.878345 -4.572734
v -49.080089 92.878345 -4.572734
v -49.080089 92.878344 9.438297
v -50.367176 92.878344 9.438297
v -65.273615 99.368411 6.095678
v -65.273615 101.247074 6.095678
v -65.273615 101.247074 -1.230114
v -65.273615 99.368411 -1.230114
v -62.377149 101.007708 -1.230114
v -62.377149 101.007708 6.095678
v -62.891440 103.056178 -1.230114
v -62.891440 103.056177 6.095678
v -60.757895 102.569844 -1.230114
v -60.757895 102.569844 6.095678
v -59.465144 104.626485 -1.230114
v -59.465144 104.626484 6.095678
v -60.932283 105.689200 -1.230114
v -60.932283 105.689200 6.095678
v -58.919083 107.510677 -1.230114
v -58.919083 107.510677 6.095678
v -58.910879 110.257290 -1.230114
v -58.910879 110.257290 6.095678
v -60.789508 110.262908 -1.230114
v -60.789508 110.262908 6.095678
v -114.134995 99.368411 -1.230114
v -114.134995 101.247074 -1.230114
v -114.134995 101.247074 6.095678
v -114.134995 99.368411 6.095678
v -117.031438 101.007708 6.095678
v -117.031483 101.007708 -1.230114
v -116.517103 103.056177 6.095678
v -116.517147 103.056178 -1.230114
v -118.650693 102.569844 6.095678
v -118.650737 102.569844 -1.230114
v -119.943443 104.626484 6.095678
v -119.943466 104.626485 -1.230114
v -118.476327 105.689200 6.095678
v -118.476327 105.689200 -1.230114
v -120.489527 107.510677 6.095678
v -120.489527 107.510677 -1.230114
v -120.497753 138.633427 6.095679
v -120.497753 138.633428 -1.230113
v -118.619101 138.639046 6.095679
v -118.619101 138.639046 -1.230113
v -396.083018 91.876984 0.330356
v -398.185440 91.876984 -0.540497
v -400.287863 91.876984 0.330356
v -401.158689 91.876984 2.432781
v -400.287863 91.876984 4.535207
v -398.185440 91.876984 5.406060
v -396.083018 91.876984 4.535207
v -395.212192 91.876984 2.432781
v -396.083018 155.645945 0.330359
v -398.185440 155.645945 -0.540494
v -400.287863 155.645945 0.330359
v -401.158689 155.645945 2.432784
v -400.287863 155.645945 4.535209
v -398.185440 155.645945 5.406062
v -396.083018 155.645945 4.535210
v -395.212192 155.645945 2.432784
v 55.368820 186.278759 37.399825
v 58.346382 186.278759 37.878720
v 55.368820 196.154507 37.399825
v 58.346382 196.154507 37.878721
v 54.521548 198.514811 17.225443
v 61.657538 198.514811 17.225443
v 54.521548 183.918468 17.225442
v 61.657538 183.918468 17.225442
v 52.724628 198.514811 21.422351
v 52.724628 183.918468 21.422351
v 57.169920 183.918467 29.282453
v 51.905815 198.514811 26.895987
v 51.905815 183.918467 26.895986
v 52.947172 198.514811 33.319011
v 52.947172 183.918467 33.319010
v 57.169920 198.514811 29.282453
v -156.890739 171.931714 21.667186
v -156.890739 171.931716 -14.320193
v -442.373901 165.304710 17.725396
v -439.560237 172.513536 12.761775
v -439.560237 172.513537 -9.356557
v -442.327840 165.304711 -14.121730
v -442.327840 65.114109 17.725392
v -442.327840 65.114110 -14.121734
v -439.560237 57.905288 13.564327
v -439.986063 98.945182 -14.121733
v -440.001402 98.945181 17.725393
v -440.016785 132.124952 -14.121731
v -440.016785 132.124951 17.725395
v -119.272934 141.618348 -14.121731
v -445.027400 165.304710 17.725396
v -444.981340 165.304711 -14.320171
v -442.213737 172.513536 12.761775
v -442.213737 172.513537 -9.356557
v -444.981340 65.114110 -14.320176
v -444.981340 65.114109 17.725392
v -442.213692 57.905288 13.564327
v -442.670285 132.124951 17.725395
v -442.639563 132.124952 -14.320173
v -442.654902 98.945181 17.725393
v -442.639563 98.945182 -14.320174
v -144.513708 148.445446 -14.121731
v -200.941151 138.279489 17.725395
v -200.941151 138.279491 -14.121731
v -187.475410 102.296692 -14.121733
v -217.462988 80.075577 -14.121734
v -196.340712 87.306827 -14.121733
v -218.800216 149.702882 -14.121731
v -119.272934 126.015749 17.598248
v -187.668793 120.047360 -14.121732
v -165.144300 113.178279 17.598248
v -138.037493 114.390379 17.598248
v -211.276780 172.043667 9.132031
v -232.948662 161.231759 17.725396
v -231.306087 156.591357 17.725396
v -208.534280 171.931715 17.550559
v -309.688397 168.369345 -14.121730
v -312.474192 152.051771 -14.121731
v -317.183920 93.105549 -14.121733
v -306.376137 79.209601 -14.121734
v -315.022952 86.935945 -14.121733
v -296.171467 152.396579 -14.320176
v -241.300742 153.143938 -14.121731
v -272.702509 154.469060 -14.121730
v -408.627548 95.460764 -14.121733
v -376.637516 95.460764 -14.320174
v -364.130932 106.660597 -14.121733
v -419.437114 105.115884 -14.121733
v -376.637516 151.345011 -14.121731
v -364.130932 141.592765 -14.121731
v -408.627548 150.654259 -14.121731
v -419.123697 141.592787 -14.121731
v -393.297668 95.460753 -14.121733
v -393.297668 95.460752 2.222731
v -376.637516 95.460752 2.222731
v -364.130932 106.660596 2.222732
v -364.130932 141.592764 2.222733
v -376.637516 151.345010 2.222734
v -312.474192 152.058325 2.222734
v -317.183920 93.105549 2.222731
v -315.030176 86.949154 2.222731
v -306.376137 79.209600 2.222731
v -393.802373 71.150744 -14.121734
v -388.289818 71.762517 2.222730
v -293.713268 141.578440 -14.121731
v -285.630684 141.578440 -14.121731
v -231.026290 165.304710 17.725396
v -211.276780 172.050847 -12.362107
v -152.084387 158.742550 -14.121730
v -131.675671 144.127691 -14.121731
v -119.272934 141.618346 21.667185
v -119.272934 127.988773 21.667184
v -131.675671 144.127689 21.667185
v -144.513708 148.445445 21.667185
v -152.084387 158.742548 21.667186
v -208.534280 171.931714 21.667186
v -223.316249 165.222777 21.667186
v -225.160143 160.890229 21.667186
v -223.360615 157.526235 21.667186
v -206.750849 148.540509 21.667185
v -193.859059 139.528933 21.667185
v -182.393497 124.583735 21.667183
v -165.143252 120.000740 21.667184
v -142.548799 120.000740 21.667184
v -142.676279 82.549928 17.725391
v -134.904459 84.673603 15.240923
v -134.664614 84.673603 9.242893
v -170.725456 17.827532 17.725387
v -162.810772 14.776202 9.242889
v -165.128939 15.669917 15.240920
v -119.272934 104.426290 17.598247
v -134.664614 84.673603 -4.972073
v -134.857797 84.673604 -11.748829
v -142.956344 82.475660 -14.121734
v -171.002220 17.934237 -14.121736
v -165.210002 15.701171 -11.748832
v -162.810772 14.776203 -4.972076
v -119.272934 104.414364 -14.121733
v -408.627548 95.460752 13.903794
v -410.311234 94.314376 16.279307
v -413.355646 91.294521 17.725393
v -393.297668 95.460752 13.903794
v -394.819362 93.583928 16.279307
v -397.794483 89.914353 17.725393
v -419.437114 105.115872 13.903795
v -422.045757 104.647151 16.279308
v -425.702200 103.518120 17.725393
v -294.306749 152.561245 17.725395
v -296.171467 152.396578 13.903797
v -413.532308 152.954388 17.725395
v -411.336204 151.240471 16.279310
v -408.627548 150.654235 13.903797
v -419.123697 141.592763 13.903796
v -422.045757 140.621489 16.279309
v -425.702200 138.698181 17.725395
v -393.802373 71.150742 17.725392
v -388.289818 71.762517 13.903793
v -389.904390 71.583335 16.279306
v -218.800216 149.702881 17.725395
v -241.300742 153.143936 13.903797
v -241.300742 153.566976 16.311315
v -241.300742 154.446173 17.725396
v -274.567227 154.446173 17.725396
v -273.026672 153.566976 16.311315
v -272.702509 153.143936 13.903797
v -285.630684 141.578439 13.903796
v -285.869414 142.155969 16.311315
v -286.404484 143.450414 17.725395
v -292.218908 143.450414 17.725395
v -293.209009 142.210100 16.389857
v -293.713268 141.578439 13.903796
v -295.625295 152.444801 16.279310
v -218.582844 79.382761 16.279307
v -217.462988 80.075576 13.903791
v -220.135393 78.026750 17.725392
v -196.340712 87.306825 14.357969
v -194.553133 87.148367 17.088414
v -191.360907 86.865409 17.725391
v -184.112140 102.405666 17.598247
v -186.584029 102.134263 16.739098
v -187.475410 102.296690 14.357970
v -186.725376 119.759669 17.598248
v -306.376137 76.337507 17.725392
v -306.376137 77.955775 16.279306
v -306.376137 79.209599 13.903794
v -210.470608 34.076471 13.413791
v -216.326143 46.018136 13.413795
v -215.394899 46.480054 15.757244
v -213.935273 47.592038 17.725389
v -225.087998 56.659819 13.413792
v -223.722143 57.088911 15.912928
v -222.347014 57.957786 17.725390
v -237.809368 63.299604 13.413793
v -216.326143 46.018137 -10.346525
v -215.394899 46.480056 -12.391451
v -213.935273 47.592039 -14.121735
v -225.087998 56.659820 -10.346524
v -223.722143 57.088912 -12.391450
v -222.347014 57.957788 -14.121735
v -237.809368 63.293162 -10.346524
v -206.400645 32.412557 17.725389
v -208.672685 33.261459 15.817453
v -206.400645 32.412559 -14.121736
v -210.470608 34.076472 -10.346525
v -208.672685 33.261461 -12.391451
v -237.809368 65.881404 17.725392
v -237.747523 64.469015 15.912928
v -237.809368 65.881406 -14.121734
v -237.747523 64.469017 -12.391450
v -306.376137 63.653118 17.725392
v -306.376137 63.619031 -14.121734
v -306.376137 61.941731 14.216346
v -306.376137 61.937853 -10.346524
v -385.116899 58.408573 -14.121735
v -385.116899 57.181072 -10.910241
v -385.116899 57.171306 14.216346
v -385.116899 58.408571 17.725391
v -439.560237 57.905289 -10.910238
v -440.136329 59.405753 -14.121735
v -442.213692 57.905289 -10.910238
v -442.617893 59.551938 -14.121735
v -440.136329 59.405752 17.725391
v -442.617893 59.551937 17.725391
vt 0.981531 0.603840
vt 0.981531 0.613073
vt 0.522556 0.613073
vt 0.522556 0.603840
vt 0.981531 0.622306
vt 0.522556 0.622306
vt 0.981531 0.668472
vt 0.981531 0.631539
vt 0.522556 0.631539
vt 0.522556 0.594607
vt 0.981531 0.640772
vt 0.522556 0.640772
vt 0.522556 0.668472
vt 0.981531 0.650006
vt 0.522556 0.650006
vt 0.981531 0.594607
vt 0.981532 0.659239
vt 0.522556 0.659238
vt 0.800727 0.349894
vt 0.800727 0.343700
vt 0.803880 0.343699
vt 0.803882 0.349893
vt 0.800727 0.343724
vt 0.800727 0.349917
vt 0.803881 0.349917
vt 0.803881 0.343723
vt 0.684656 0.177011
vt 0.684656 0.190077
vt 0.731860 0.190077
vt 0.731860 0.177011
vt 0.684656 0.202504
vt 0.731860 0.203144
vt 0.729689 0.282496
vt 0.707411 0.282496
vt 0.707411 0.284327
vt 0.729689 0.284327
vt 0.684646 0.202513
vt 0.684646 0.190087
vt 0.731851 0.190087
vt 0.731851 0.203154
vt 0.684646 0.177020
vt 0.731851 0.177020
vt 0.763744 0.192921
vt 0.769156 0.179854
vt 0.782223 0.174442
vt 0.769156 0.205347
vt 0.795290 0.205348
vt 0.800702 0.192921
vt 0.795290 0.179854
vt 0.762635 0.342109
vt 0.749568 0.342109
vt 0.749568 0.312815
vt 0.762635 0.312815
vt 0.775702 0.342109
vt 0.775702 0.312815
vt 0.788769 0.342109
vt 0.788769 0.312815
vt 0.801836 0.342109
vt 0.801836 0.312815
vt 0.814903 0.342109
vt 0.814902 0.312815
vt 0.723434 0.342109
vt 0.710367 0.342109
vt 0.710368 0.312815
vt 0.723435 0.312815
vt 0.736501 0.342109
vt 0.736501 0.312815
vt 0.788197 0.270488
vt 0.795289 0.211400
vt 0.792777 0.270488
vt 0.833986 0.240092
vt 0.829405 0.240092
vt 0.823431 0.181004
vt 0.836498 0.175592
vt 0.769156 0.211400
vt 0.745041 0.296207
vt 0.760247 0.296209
vt 0.760246 0.308675
vt 0.745039 0.308673
vt 0.729835 0.296203
vt 0.729832 0.308669
vt 0.714628 0.296199
vt 0.714625 0.308665
vt 0.699421 0.296197
vt 0.699419 0.308663
vt 0.805867 0.296210
vt 0.821074 0.296210
vt 0.821074 0.308676
vt 0.805867 0.308676
vt 0.790660 0.296210
vt 0.790660 0.308676
vt 0.775454 0.296210
vt 0.775453 0.308676
vt 0.868117 0.333223
vt 0.868117 0.318977
vt 0.975746 0.318980
vt 0.975746 0.333223
vt 0.868117 0.347504
vt 0.975746 0.347504
vt 0.868117 0.361692
vt 0.975746 0.361692
vt 0.868117 0.375990
vt 0.975746 0.375990
vt 0.868117 0.276563
vt 0.868117 0.262423
vt 0.975746 0.262423
vt 0.975746 0.276563
vt 0.868117 0.290701
vt 0.975746 0.290701
vt 0.868117 0.304839
vt 0.975746 0.304839
vt 0.869054 0.416868
vt 0.874467 0.403801
vt 0.877493 0.403801
vt 0.871194 0.419008
vt 0.874493 0.403801
vt 0.869081 0.390734
vt 0.871221 0.388595
vt 0.877519 0.403801
vt 0.855988 0.422281
vt 0.855988 0.425307
vt 0.856014 0.385322
vt 0.856014 0.382296
vt 0.842921 0.416868
vt 0.840781 0.419008
vt 0.842947 0.390734
vt 0.840807 0.388595
vt 0.837508 0.403801
vt 0.834482 0.403801
vt 0.837534 0.403801
vt 0.834508 0.403801
vt 0.842921 0.390734
vt 0.840781 0.388595
vt 0.842947 0.416868
vt 0.840807 0.419008
vt 0.855988 0.385322
vt 0.855988 0.382296
vt 0.856014 0.422281
vt 0.856014 0.425307
vt 0.869054 0.390734
vt 0.871194 0.388595
vt 0.869081 0.416868
vt 0.871221 0.419008
vt 0.993792 0.269713
vt 0.993791 0.282408
vt 0.986893 0.282408
vt 0.986893 0.269712
vt 0.993788 0.358584
vt 0.993788 0.371280
vt 0.986890 0.371280
vt 0.986890 0.358584
vt 0.993788 0.345888
vt 0.986890 0.345888
vt 0.993790 0.333192
vt 0.986891 0.333192
vt 0.993791 0.320496
vt 0.986892 0.320496
vt 0.993791 0.307800
vt 0.986892 0.307800
vt 0.993791 0.295104
vt 0.986893 0.295104
vt 0.984830 0.347510
vt 0.984830 0.361692
vt 0.900868 0.421261
vt 0.888172 0.416002
vt 0.889751 0.414423
vt 0.900868 0.419028
vt 0.984830 0.374531
vt 0.895671 0.088444
vt 0.882913 0.403306
vt 0.885146 0.403306
vt 0.895670 0.135740
vt 0.984830 0.263858
vt 0.984830 0.276563
vt 0.888172 0.390610
vt 0.889751 0.392189
vt 0.984830 0.290701
vt 0.900868 0.385351
vt 0.900868 0.387584
vt 0.984830 0.304839
vt 0.913564 0.390610
vt 0.911985 0.392189
vt 0.984830 0.318985
vt 0.918823 0.403306
vt 0.916591 0.403306
vt 0.984830 0.333252
vt 0.913564 0.416002
vt 0.911985 0.414423
vt 0.729679 0.284336
vt 0.707401 0.284336
vt 0.707401 0.282505
vt 0.729679 0.282505
vt 0.853550 0.326030
vt 0.826929 0.326029
vt 0.826929 0.314080
vt 0.853550 0.314081
vt 0.731860 0.267645
vt 0.705240 0.267645
vt 0.705239 0.271055
vt 0.731860 0.271055
vt 0.771667 0.270488
vt 0.776248 0.270488
vt 0.774315 0.275307
vt 0.770174 0.273898
vt 0.853549 0.330849
vt 0.826929 0.330848
vt 0.835479 0.243503
vt 0.831337 0.244911
vt 0.827499 0.309277
vt 0.854119 0.309277
vt 0.794270 0.273899
vt 0.790127 0.275291
vt 0.705230 0.267654
vt 0.731851 0.267654
vt 0.731851 0.271064
vt 0.705230 0.271064
vt 0.812876 0.240092
vt 0.817456 0.240092
vt 0.815526 0.244895
vt 0.811383 0.243502
vt 0.705239 0.273872
vt 0.731860 0.273872
vt 0.769847 0.276715
vt 0.835806 0.246319
vt 0.794596 0.276684
vt 0.731851 0.273850
vt 0.705230 0.273850
vt 0.811056 0.246288
vt 0.731860 0.276555
vt 0.705239 0.276555
vt 0.705239 0.279144
vt 0.731860 0.279144
vt 0.770008 0.279399
vt 0.774146 0.280693
vt 0.771352 0.281988
vt 0.831507 0.250297
vt 0.835645 0.249003
vt 0.834301 0.251592
vt 0.790298 0.280693
vt 0.794436 0.279399
vt 0.793092 0.281988
vt 0.705230 0.276564
vt 0.731851 0.276564
vt 0.731851 0.279153
vt 0.705230 0.279153
vt 0.811216 0.249003
vt 0.815354 0.250297
vt 0.812560 0.251592
vt 0.775725 0.285340
vt 0.773895 0.285340
vt 0.826929 0.336234
vt 0.853549 0.336235
vt 0.851378 0.340881
vt 0.829100 0.340881
vt 0.831758 0.254944
vt 0.829927 0.254944
vt 0.854119 0.303875
vt 0.827499 0.303875
vt 0.829100 0.299228
vt 0.851379 0.299229
vt 0.790550 0.285340
vt 0.788719 0.285340
vt 0.816934 0.254944
vt 0.815103 0.254944
vt 0.692268 0.215335
vt 0.726584 0.215335
vt 0.684679 0.208557
vt 0.699174 0.236705
vt 0.726584 0.236705
vt 0.726575 0.215344
vt 0.692257 0.215344
vt 0.726575 0.236714
vt 0.699164 0.236714
vt 0.684666 0.208566
vt 0.760045 0.204895
vt 0.761639 0.226265
vt 0.736303 0.226264
vt 0.737897 0.204894
vt 0.761637 0.260581
vt 0.760042 0.283040
vt 0.737901 0.283041
vt 0.736304 0.260582
vt 0.737901 0.177483
vt 0.760042 0.177484
vt 0.824497 0.375709
vt 0.819238 0.363013
vt 0.822325 0.363013
vt 0.826680 0.373526
vt 0.824497 0.350317
vt 0.826680 0.352500
vt 0.837193 0.345059
vt 0.837193 0.348146
vt 0.849889 0.350317
vt 0.847706 0.352500
vt 0.855147 0.363013
vt 0.852060 0.363013
vt 0.849889 0.375709
vt 0.847706 0.373526
vt 0.837193 0.380968
vt 0.837193 0.377881
vt 0.070807 0.123482
vt 0.070750 0.112969
vt 0.129618 0.112650
vt 0.120728 0.170844
vt 0.110336 0.169256
vt 0.101135 0.164170
vt 0.091934 0.159083
vt 0.085063 0.151126
vt 0.078192 0.143169
vt 0.074499 0.133326
vt 0.771535 0.343367
vt 0.771534 0.356434
vt 0.752008 0.352997
vt 0.754338 0.346803
vt 0.724330 0.356433
vt 0.727482 0.352997
vt 0.724330 0.343366
vt 0.727482 0.346803
vt 0.771534 0.356443
vt 0.771535 0.343377
vt 0.754338 0.346813
vt 0.752008 0.353006
vt 0.724330 0.343376
vt 0.727482 0.346813
vt 0.724330 0.356443
vt 0.727482 0.353006
vt 0.773583 0.349893
vt 0.775914 0.343700
vt 0.781741 0.343700
vt 0.781741 0.349893
vt 0.772769 0.357506
vt 0.775924 0.363739
vt 0.775923 0.354063
vt 0.813556 0.343696
vt 0.816123 0.349889
vt 0.777795 0.351758
vt 0.780949 0.360557
vt 0.777795 0.363999
vt 0.775914 0.343723
vt 0.773583 0.349917
vt 0.781741 0.349917
vt 0.781741 0.343723
vt 0.780949 0.360554
vt 0.777795 0.351755
vt 0.777795 0.363996
vt 0.816123 0.349916
vt 0.813557 0.343723
vt 0.775923 0.363773
vt 0.751398 0.363773
vt 0.757226 0.357539
vt 0.772769 0.357539
vt 0.797285 0.343700
vt 0.797285 0.349894
vt 0.797285 0.349917
vt 0.797285 0.343723
vt 0.804651 0.351758
vt 0.796492 0.360558
vt 0.751398 0.363739
vt 0.757226 0.357505
vt 0.775924 0.354097
vt 0.804651 0.351756
vt 0.796493 0.360555
vt 0.772769 0.354063
vt 0.780949 0.363999
vt 0.780949 0.363996
vt 0.772769 0.354097
vt 0.810364 0.175592
vt 0.903753 0.135740
vt 0.903753 0.088444
vt 0.483184 0.287180
vt 0.487105 0.251066
vt 0.560098 0.277799
vt 0.485832 0.251733
vt 0.481311 0.288692
vt 0.556695 0.280851
vt 0.592162 0.180932
vt 0.516916 0.182724
vt 0.516916 0.175313
vt 0.592162 0.175330
vt 0.481067 0.250517
vt 0.476796 0.287773
vt 0.500547 0.419743
vt 0.491343 0.382148
vt 0.562158 0.348124
vt 0.570107 0.396551
vt 0.485650 0.385315
vt 0.495199 0.421111
vt 0.490574 0.385891
vt 0.568052 0.397152
vt 0.558766 0.350041
vt 0.483184 0.317367
vt 0.476789 0.318320
vt 0.481352 0.319526
vt 0.568267 0.348532
vt 0.576751 0.395692
vt 0.566206 0.279790
vt 0.628403 0.349602
vt 0.655139 0.349588
vt 0.655288 0.387506
vt 0.628434 0.387550
vt 0.628373 0.249629
vt 0.655123 0.249627
vt 0.655109 0.280698
vt 0.628336 0.280701
vt 0.628414 0.213679
vt 0.655195 0.213655
vt 0.592162 0.208458
vt 0.516916 0.206666
vt 0.692257 0.276581
vt 0.670140 0.276581
vt 0.670140 0.245346
vt 0.692257 0.245346
vt 0.670140 0.313905
vt 0.692257 0.313905
vt 0.692257 0.352614
vt 0.692257 0.387223
vt 0.670139 0.387223
vt 0.670140 0.352614
vt 0.601100 0.266277
vt 0.576224 0.275781
vt 0.585935 0.226521
vt 0.610077 0.233680
vt 0.491734 0.206666
vt 0.491734 0.182724
vt 0.576224 0.275781
vt 0.601100 0.266277
vt 0.610077 0.233680
vt 0.585935 0.226521
vt 0.575746 0.346220
vt 0.599126 0.306631
vt 0.575746 0.346220
vt 0.599126 0.306631
vt 0.584226 0.394386
vt 0.611354 0.384667
vt 0.601788 0.348447
vt 0.584226 0.394386
vt 0.601788 0.348447
vt 0.611354 0.384667
vt 0.661564 0.349550
vt 0.661579 0.387398
vt 0.621180 0.387446
vt 0.621196 0.349563
vt 0.661556 0.249592
vt 0.661557 0.280675
vt 0.621200 0.280674
vt 0.621213 0.249587
vt 0.603904 0.180932
vt 0.603904 0.208458
vt 0.661575 0.213470
vt 0.621183 0.213464
vt 0.485874 0.348962
vt 0.479820 0.350995
vt 0.655129 0.314148
vt 0.661563 0.314132
vt 0.628333 0.314151
vt 0.621183 0.314133
vt 0.484652 0.351842
vt 0.621211 0.180958
vt 0.628459 0.181106
vt 0.655282 0.181097
vt 0.661602 0.180961
vt 0.487327 0.217244
vt 0.492612 0.217897
vt 0.564555 0.229906
vt 0.572250 0.230955
vt 0.492528 0.217706
vt 0.486901 0.216675
vt 0.592162 0.214284
vt 0.516916 0.214284
vt 0.960144 0.939575
vt 0.960116 0.956995
vt 0.945906 0.959501
vt 0.945908 0.941726
vt 0.960184 0.974282
vt 0.945919 0.976912
vt 0.963989 0.680050
vt 0.963989 0.698693
vt 0.949846 0.698693
vt 0.949846 0.680049
vt 0.959999 0.721231
vt 0.960040 0.738638
vt 0.945908 0.738231
vt 0.945923 0.721290
vt 0.960073 0.756211
vt 0.945910 0.755967
vt 0.601538 0.585259
vt 0.584897 0.585259
vt 0.571433 0.575477
vt 0.615002 0.575477
vt 0.960141 0.802718
vt 0.960092 0.820566
vt 0.945889 0.822408
vt 0.945901 0.804297
vt 0.960075 0.838538
vt 0.945882 0.839544
vt 0.960090 0.856821
vt 0.945885 0.857758
vt 0.960112 0.875069
vt 0.945890 0.875475
vt 0.960117 0.893075
vt 0.945902 0.893387
vt 0.539720 0.587876
vt 0.559463 0.494320
vt 0.559463 0.559786
vt 0.554006 0.577147
vt 0.657163 0.959836
vt 0.657713 0.974288
vt 0.554331 0.988667
vt 0.554331 0.971334
vt 0.657401 0.680048
vt 0.657401 0.698689
vt 0.553062 0.698688
vt 0.553062 0.680048
vt 0.657714 0.722849
vt 0.657165 0.737301
vt 0.554333 0.725802
vt 0.554333 0.708469
vt 0.656788 0.755630
vt 0.554333 0.743036
vt 0.490540 0.804184
vt 0.490533 0.740057
vt 0.490540 0.892951
vt 0.656787 0.941507
vt 0.554332 0.954100
vt 0.490532 0.974452
vt 0.490532 0.992276
vt 0.485819 0.992156
vt 0.485819 0.974594
vt 0.489456 0.680048
vt 0.489456 0.698688
vt 0.484724 0.698688
vt 0.484724 0.680048
vt 0.490534 0.704859
vt 0.490534 0.722683
vt 0.485820 0.722542
vt 0.485821 0.704979
vt 0.485820 0.740298
vt 0.485820 0.803747
vt 0.490533 0.822349
vt 0.485791 0.822349
vt 0.490509 0.840002
vt 0.485671 0.840172
vt 0.490481 0.857901
vt 0.485457 0.857901
vt 0.490533 0.874786
vt 0.485791 0.874786
vt 0.485819 0.893388
vt 0.490532 0.957078
vt 0.485819 0.956838
vt 0.982458 0.974770
vt 0.982457 0.992685
vt 0.968757 0.992684
vt 0.968759 0.974768
vt 0.982467 0.681560
vt 0.982465 0.699219
vt 0.968797 0.699218
vt 0.968802 0.681556
vt 0.982467 0.717099
vt 0.968791 0.717098
vt 0.982469 0.735319
vt 0.968787 0.735318
vt 0.982465 0.800888
vt 0.968780 0.800887
vt 0.982465 0.819118
vt 0.968776 0.819117
vt 0.982465 0.837022
vt 0.968773 0.837021
vt 0.982465 0.854722
vt 0.968771 0.854721
vt 0.982465 0.872633
vt 0.968768 0.872632
vt 0.982464 0.890878
vt 0.968765 0.890877
vt 0.982460 0.956522
vt 0.968760 0.956521
vt 0.502317 0.494320
vt 0.522061 0.587876
vt 0.507774 0.577147
vt 0.502317 0.559786
vt 0.507774 0.476960
vt 0.522061 0.466231
vt 0.539720 0.466231
vt 0.554006 0.476960
vt 0.987550 0.989958
vt 0.987551 0.976495
vt 0.993758 0.976495
vt 0.993756 0.989959
vt 0.987546 0.771142
vt 0.987551 0.754500
vt 0.993757 0.754501
vt 0.993753 0.771144
vt 0.987543 0.784606
vt 0.993750 0.784607
vt 0.987544 0.800434
vt 0.993751 0.800434
vt 0.987548 0.860607
vt 0.987547 0.844780
vt 0.993753 0.844779
vt 0.993754 0.860607
vt 0.987548 0.870389
vt 0.993755 0.870389
vt 0.987549 0.887031
vt 0.993756 0.887030
vt 0.987551 0.900495
vt 0.993757 0.900494
vt 0.987551 0.916322
vt 0.993758 0.916322
vt 0.987551 0.960668
vt 0.993758 0.960668
vt 0.566290 0.559650
vt 0.620145 0.559650
vt 0.620145 0.515304
vt 0.566290 0.515304
vt 0.571433 0.499477
vt 0.615002 0.499477
vt 0.584897 0.489695
vt 0.601538 0.489695
vt 0.454385 0.914847
vt 0.462091 0.935308
vt 0.390109 0.935307
vt 0.460350 0.793001
vt 0.468196 0.772175
vt 0.468196 0.793001
vt 0.924269 0.135741
vt 0.924269 0.088444
vt 0.506406 0.014220
vt 0.506406 0.004116
vt 0.925457 0.004116
vt 0.925457 0.014220
vt 0.449656 0.820898
vt 0.432736 0.832436
vt 0.012823 0.834350
vt 0.012823 0.820896
vt 0.394934 0.772175
vt 0.338579 0.725191
vt 0.371016 0.733815
vt 0.387739 0.747273
vt 0.014607 0.887682
vt 0.443861 0.887437
vt 0.427223 0.872535
vt 0.014608 0.872531
vt 0.864039 0.135750
vt 0.843860 0.126031
vt 0.843858 0.112092
vt 0.864039 0.088434
vt 0.460350 0.809379
vt 0.454376 0.898751
vt 0.879529 0.135740
vt 0.879530 0.088444
vt 0.216231 0.725948
vt 0.012823 0.725947
vt 0.413071 0.859965
vt 0.401259 0.856511
vt 0.825241 0.122517
vt 0.823728 0.112092
vt 0.406338 0.848497
vt 0.418342 0.844727
vt 0.252552 0.981603
vt 0.334753 0.981604
vt 0.924788 0.077158
vt 0.719025 0.077158
vt 0.719025 0.028606
vt 0.924788 0.028606
vt 0.843860 0.098153
vt 0.825242 0.101667
vt 0.506406 0.024324
vt 0.925457 0.024324
vt 0.014608 0.856507
vt 0.812694 0.121451
vt 0.811540 0.112092
vt 0.812694 0.102732
vt 0.675201 0.077158
vt 0.590595 0.077158
vt 0.590594 0.028606
vt 0.675201 0.028605
vt 0.712702 0.077158
vt 0.681044 0.077158
vt 0.681044 0.028605
vt 0.712702 0.028606
vt 0.214511 0.980881
vt 0.248820 0.985882
vt 0.218055 0.985900
vt 0.254938 0.725190
vt 0.219834 0.720839
vt 0.251138 0.720839
vt 0.014606 0.980878
vt 0.951288 0.150305
vt 0.973248 0.150305
vt 0.962268 0.153871
vt 0.945050 0.133094
vt 0.979487 0.133094
vt 0.933063 0.116725
vt 0.991475 0.116726
vt 0.933065 0.006773
vt 0.991476 0.006774
vt 0.012823 0.848496
vt 0.462092 0.914847
vt 0.383052 0.959827
vt 0.366624 0.973062
vt 0.909260 0.455226
vt 0.897502 0.436769
vt 0.909260 0.430626
vt 0.897502 0.583915
vt 0.886317 0.583915
vt 0.886317 0.440524
vt 0.874968 0.583915
vt 0.874968 0.440539
vt 0.863947 0.583915
vt 0.863783 0.440552
vt 0.852778 0.583927
vt 0.852680 0.436858
vt 0.841536 0.583933
vt 0.841536 0.454916
vt 0.837151 0.580037
vt 0.826817 0.580037
vt 0.826817 0.460671
vt 0.837151 0.460671
vt 0.816483 0.580037
vt 0.816483 0.460669
vt 0.959376 0.428808
vt 0.945314 0.455226
vt 0.945314 0.389206
vt 0.959376 0.389206
vt 0.931252 0.455226
vt 0.931252 0.389206
vt 0.820193 0.454916
vt 0.806132 0.454916
vt 0.806132 0.389206
vt 0.820193 0.389206
vt 0.792070 0.454916
vt 0.792070 0.428608
vt 0.940923 0.584434
vt 0.927931 0.587404
vt 0.927931 0.545265
vt 0.940923 0.545265
vt 0.914939 0.584434
vt 0.914939 0.545265
vt 0.911667 0.509447
vt 0.917048 0.496456
vt 0.930040 0.491074
vt 0.917048 0.522439
vt 0.930040 0.534159
vt 0.943032 0.522439
vt 0.948413 0.509447
vt 0.943032 0.496456
vt 0.808073 0.462545
vt 0.782088 0.462545
vt 0.795080 0.460058
vt 0.776707 0.475537
vt 0.813454 0.475536
vt 0.808073 0.488528
vt 0.782088 0.488528
vt 0.800656 0.500627
vt 0.813501 0.500627
vt 0.810212 0.516614
vt 0.800657 0.516614
vt 0.918028 0.455226
vt 0.925352 0.405040
vt 0.825498 0.404947
vt 0.832662 0.454916
vt 0.787811 0.500627
vt 0.791101 0.516615
vt 0.796048 0.566531
vt 0.810385 0.566531
vt 0.807287 0.576875
vt 0.796048 0.580363
vt 0.782424 0.566531
vt 0.786251 0.576343
vt 0.832661 0.421022
vt 0.841536 0.430581
vt 0.918028 0.421092
vt 0.800657 0.534061
vt 0.809010 0.534061
vt 0.811059 0.545650
vt 0.800657 0.547577
vt 0.792303 0.534062
vt 0.790255 0.545650
vt 0.786638 0.553998
vt 0.796048 0.556746
vt 0.806767 0.554501
vt 0.938774 0.534159
vt 0.921306 0.534159
vt 0.930040 0.538498
vt 0.940374 0.542778
vt 0.919706 0.542778
vt 0.909260 0.583915
vt 0.795080 0.493910
vt 0.943032 0.483085
vt 0.930040 0.483083
vt 0.930043 0.471485
vt 0.943035 0.471488
vt 0.917048 0.483082
vt 0.917051 0.471483
vt 0.792070 0.389206
vt 0.959376 0.455226
vt 0.930044 0.463495
vt 0.943037 0.458116
vt 0.778637 0.447726
vt 0.778541 0.436129
vt 0.972212 0.436372
vt 0.972212 0.447969
vt 0.917053 0.458112
vt 0.992155 0.473728
vt 0.992154 0.489876
vt 0.948798 0.489875
vt 0.948798 0.473727
vt 0.992154 0.506023
vt 0.948798 0.506023
vt 0.992154 0.522171
vt 0.948797 0.522170
vt 0.992154 0.538319
vt 0.948797 0.538318
vt 0.992154 0.554466
vt 0.948797 0.554466
vt 0.992154 0.570614
vt 0.948797 0.570614
vt 0.992154 0.586762
vt 0.948797 0.586762
vt 0.992155 0.457580
vt 0.948798 0.457579
vt 0.770410 0.538740
vt 0.777098 0.554888
vt 0.754262 0.554888
vt 0.770410 0.571036
vt 0.754262 0.577724
vt 0.738114 0.571036
vt 0.731425 0.554888
vt 0.738114 0.538740
vt 0.754262 0.532052
vt 0.651164 0.535307
vt 0.650773 0.537256
vt 0.643103 0.542123
vt 0.637650 0.540083
vt 0.635240 0.554499
vt 0.631181 0.548084
vt 0.626992 0.559002
vt 0.635281 0.568692
vt 0.627027 0.571097
vt 0.648312 0.584121
vt 0.623061 0.584194
vt 0.623060 0.584194
vt 0.648311 0.584121
vt 0.635280 0.568692
vt 0.627026 0.571097
vt 0.635239 0.554499
vt 0.626991 0.559002
vt 0.631179 0.548085
vt 0.643103 0.542123
vt 0.637649 0.540083
vt 0.650772 0.537256
vt 0.651163 0.535307
vt 0.569960 0.428564
vt 0.571948 0.428564
vt 0.571948 0.439466
vt 0.569960 0.439466
vt 0.581032 0.428564
vt 0.581032 0.439466
vt 0.595579 0.428564
vt 0.595579 0.439466
vt 0.609774 0.428564
vt 0.609774 0.439466
vt 0.630136 0.428564
vt 0.630136 0.439467
vt 0.555628 0.439466
vt 0.555628 0.428564
vt 0.545338 0.439466
vt 0.545338 0.428564
vt 0.533683 0.439466
vt 0.533683 0.428564
vt 0.521588 0.439466
vt 0.521588 0.428564
vt 0.507903 0.439466
vt 0.507903 0.428564
vt 0.294443 0.167119
vt 0.301103 0.167119
vt 0.301103 0.188669
vt 0.294443 0.188669
vt 0.307762 0.167119
vt 0.307763 0.188669
vt 0.267805 0.167118
vt 0.274465 0.167118
vt 0.274464 0.188669
vt 0.267804 0.188669
vt 0.281124 0.167119
vt 0.281124 0.188669
vt 0.287784 0.167119
vt 0.287784 0.188669
vt 0.274364 0.163124
vt 0.268943 0.159256
vt 0.277605 0.152848
vt 0.281024 0.163066
vt 0.274186 0.142629
vt 0.280846 0.142571
vt 0.268833 0.146591
vt 0.266830 0.152941
vt 0.268833 0.146551
vt 0.274186 0.142590
vt 0.277604 0.152808
vt 0.280845 0.142532
vt 0.281023 0.163026
vt 0.274364 0.163084
vt 0.268943 0.159217
vt 0.266830 0.152902
vt 0.348831 0.167118
vt 0.348831 0.188669
vt 0.321970 0.159910
vt 0.321840 0.145017
vt 0.321840 0.144977
vt 0.321969 0.159870
vt 0.363724 0.167118
vt 0.363724 0.188669
vt 0.750616 0.430614
vt 0.750616 0.427197
vt 0.769346 0.427198
vt 0.769346 0.430615
vt 0.750616 0.423780
vt 0.769346 0.423781
vt 0.750616 0.420363
vt 0.769346 0.420364
vt 0.750615 0.434031
vt 0.769346 0.434032
vt 0.744698 0.425306
vt 0.747855 0.423998
vt 0.744698 0.420841
vt 0.741541 0.423998
vt 0.740234 0.420841
vt 0.749162 0.420841
vt 0.747855 0.424002
vt 0.744698 0.425310
vt 0.744698 0.420845
vt 0.741541 0.424002
vt 0.740234 0.420845
vt 0.749162 0.420845
vt 0.750616 0.416087
vt 0.769346 0.416088
vt 0.769345 0.438308
vt 0.750615 0.438307
vt 0.744698 0.416566
vt 0.740234 0.416565
vt 0.749162 0.416566
vt 0.740234 0.416569
vt 0.744698 0.416570
vt 0.749162 0.416570
vt 0.807835 0.108377
vt 0.728369 0.108377
vt 0.728369 0.104966
vt 0.801738 0.104966
vt 0.694715 0.099576
vt 0.621346 0.099576
vt 0.621347 0.083079
vt 0.694715 0.083079
vt 0.801738 0.104966
vt 0.728369 0.104966
vt 0.728369 0.108377
vt 0.807835 0.108376
vt 0.718092 0.083079
vt 0.797557 0.083079
vt 0.797557 0.099577
vt 0.718092 0.099576
vt 0.698208 0.099576
vt 0.698208 0.083079
vt 0.706459 0.083079
vt 0.706459 0.099576
vt 0.807835 0.096744
vt 0.801114 0.101530
vt 0.801114 0.101530
vt 0.807835 0.096744
vt 0.968783 0.410434
vt 0.968783 0.404610
vt 0.991481 0.404611
vt 0.991481 0.410434
vt 0.968783 0.398787
vt 0.991481 0.398787
vt 0.968783 0.392964
vt 0.991481 0.392964
vt 0.968783 0.387141
vt 0.991481 0.387141
vt 0.968783 0.381318
vt 0.991481 0.381318
vt 0.968782 0.427903
vt 0.968782 0.422080
vt 0.991481 0.422080
vt 0.991481 0.427903
vt 0.968783 0.416257
vt 0.991481 0.416257
vt 0.855314 0.396821
vt 0.860694 0.399050
vt 0.855314 0.404430
vt 0.849934 0.399050
vt 0.847705 0.404430
vt 0.849934 0.409809
vt 0.855314 0.412038
vt 0.860694 0.409809
vt 0.862922 0.404430
vt 0.841168 0.368891
vt 0.835788 0.371120
vt 0.835788 0.363512
vt 0.830408 0.368891
vt 0.828179 0.363512
vt 0.830408 0.358131
vt 0.835788 0.355903
vt 0.841168 0.358131
vt 0.843396 0.363512
vt 0.178735 0.233066
vt 0.223672 0.253959
vt 0.215143 0.262349
vt 0.178735 0.262349
vt 0.178735 0.233070
vt 0.223672 0.253963
vt 0.223672 0.250304
vt 0.223672 0.233070
vt 0.250773 0.297103
vt 0.248801 0.297103
vt 0.248801 0.275636
vt 0.250773 0.275636
vt 0.211315 0.271527
vt 0.211315 0.301212
vt 0.174907 0.301212
vt 0.174907 0.271527
vt 0.292266 0.301212
vt 0.292266 0.271527
vt 0.337203 0.271527
vt 0.337203 0.301212
vt 0.215713 0.271527
vt 0.215713 0.301212
vt 0.220001 0.271527
vt 0.220001 0.301212
vt 0.224523 0.271527
vt 0.224523 0.301212
vt 0.222529 0.258334
vt 0.219407 0.261273
vt 0.219407 0.261277
vt 0.222529 0.258337
vt 0.215143 0.262353
vt 0.275031 0.301212
vt 0.275032 0.271527
vt 0.247924 0.252824
vt 0.247924 0.250851
vt 0.223672 0.250300
vt 0.247924 0.250848
vt 0.247924 0.252820
vt 0.178735 0.262353
vt 0.223672 0.233066
vt 0.643984 0.118255
vt 0.643984 0.129090
vt 0.639063 0.129090
vt 0.639063 0.118255
vt 0.576604 0.117867
vt 0.576604 0.115089
vt 0.580127 0.112413
vt 0.580888 0.115443
vt 0.615762 0.138487
vt 0.615762 0.149319
vt 0.611339 0.149319
vt 0.611339 0.138487
vt 0.576604 0.115075
vt 0.576604 0.117854
vt 0.580888 0.115429
vt 0.580127 0.112400
vt 0.635735 0.129089
vt 0.635735 0.118255
vt 0.583282 0.113132
vt 0.583282 0.113120
vt 0.632143 0.129089
vt 0.632143 0.118255
vt 0.583236 0.108519
vt 0.585194 0.110091
vt 0.606486 0.149319
vt 0.606486 0.138487
vt 0.585194 0.110078
vt 0.583236 0.108506
vt 0.627801 0.129089
vt 0.627801 0.118255
vt 0.586002 0.105825
vt 0.586002 0.105813
vt 0.623739 0.129089
vt 0.623739 0.118255
vt 0.583236 0.101755
vt 0.586014 0.101756
vt 0.599720 0.149319
vt 0.599720 0.138487
vt 0.586014 0.101751
vt 0.583236 0.101742
vt 0.504345 0.117867
vt 0.504345 0.115089
vt 0.688009 0.138487
vt 0.688009 0.149319
vt 0.504345 0.115076
vt 0.504345 0.117854
vt 0.716244 0.118255
vt 0.716244 0.129089
vt 0.721166 0.118255
vt 0.721166 0.129089
vt 0.500822 0.112400
vt 0.500061 0.115430
vt 0.692432 0.138487
vt 0.692432 0.149320
vt 0.500061 0.115443
vt 0.500822 0.112413
vt 0.724494 0.118255
vt 0.724494 0.129089
vt 0.497666 0.113120
vt 0.497666 0.113133
vt 0.728086 0.118255
vt 0.728086 0.129089
vt 0.497924 0.108506
vt 0.495755 0.110078
vt 0.697286 0.138486
vt 0.697286 0.149320
vt 0.495755 0.110091
vt 0.497924 0.108520
vt 0.494947 0.105813
vt 0.494947 0.105826
vt 0.497924 0.059778
vt 0.494935 0.059786
vt 0.746015 0.138486
vt 0.746015 0.149320
vt 0.494935 0.059791
vt 0.497924 0.059791
vt 0.747928 0.440782
vt 0.750962 0.440782
vt 0.750962 0.525809
vt 0.747928 0.525809
vt 0.753997 0.440782
vt 0.753996 0.525809
vt 0.757031 0.440782
vt 0.757031 0.525809
vt 0.760065 0.440782
vt 0.760065 0.525809
vt 0.763100 0.440782
vt 0.763099 0.525809
vt 0.766134 0.440782
vt 0.766133 0.525809
vt 0.769168 0.440782
vt 0.769168 0.525809
vt 0.744894 0.440782
vt 0.744893 0.525809
vt 0.240877 0.149177
vt 0.240877 0.144821
vt 0.255142 0.144821
vt 0.255142 0.149177
vt 0.220463 0.116588
vt 0.224764 0.115897
vt 0.223064 0.128313
vt 0.216965 0.122483
vt 0.216993 0.122483
vt 0.223093 0.128313
vt 0.224792 0.115897
vt 0.220491 0.116588
vt 0.237467 0.132288
vt 0.258551 0.132288
vt 0.237467 0.156031
vt 0.258551 0.156031
vt 0.237468 0.180018
vt 0.237468 0.173424
vt 0.258551 0.173424
vt 0.258551 0.180018
vt 0.219268 0.145729
vt 0.229575 0.145729
vt 0.216672 0.139667
vt 0.237467 0.113706
vt 0.258551 0.113706
vt 0.216643 0.139667
vt 0.229546 0.145729
vt 0.219239 0.145729
vt 0.237468 0.165430
vt 0.258551 0.165430
vt 0.215489 0.131760
vt 0.215461 0.131760
vt 0.402579 0.603948
vt 0.020134 0.602693
vt 0.019850 0.563567
vt 0.402579 0.563496
vt 0.336518 0.352587
vt 0.323712 0.360797
vt 0.323713 0.307746
vt 0.336519 0.315971
vt 0.253416 0.442042
vt 0.363377 0.442042
vt 0.363377 0.463169
vt 0.253416 0.463169
vt 0.145023 0.355024
vt 0.157697 0.360795
vt 0.147469 0.360795
vt 0.102796 0.476766
vt 0.081933 0.476766
vt 0.081933 0.423577
vt 0.102796 0.423577
vt 0.268683 0.307746
vt 0.268683 0.360796
vt 0.157698 0.307785
vt 0.213812 0.307745
vt 0.213812 0.360796
vt 0.216019 0.476767
vt 0.216004 0.429624
vt 0.013069 0.525316
vt 0.017034 0.525042
vt 0.015733 0.601467
vt 0.015527 0.562882
vt 0.023683 0.061910
vt 0.019637 0.074081
vt 0.015357 0.071843
vt 0.020012 0.059696
vt 0.017417 0.226217
vt 0.020685 0.234956
vt 0.016462 0.237449
vt 0.012869 0.228420
vt 0.140663 0.314598
vt 0.140663 0.307785
vt 0.147465 0.307785
vt 0.145023 0.314746
vt 0.020537 0.475737
vt 0.016608 0.475831
vt 0.022233 0.123968
vt 0.018110 0.123153
vt 0.017105 0.376135
vt 0.020548 0.426422
vt 0.016608 0.426328
vt 0.013140 0.375844
vt 0.021479 0.174609
vt 0.017341 0.175301
vt 0.141921 0.476767
vt 0.121791 0.476767
vt 0.121791 0.423577
vt 0.141921 0.423577
vt 0.433689 0.065616
vt 0.212138 0.071335
vt 0.354734 0.064148
vt 0.455713 0.198243
vt 0.415087 0.293817
vt 0.362759 0.272378
vt 0.460850 0.402159
vt 0.355269 0.350483
vt 0.366425 0.328008
vt 0.419144 0.306402
vt 0.342815 0.365830
vt 0.319921 0.377562
vt 0.012106 0.547649
vt 0.089266 0.215014
vt 0.102020 0.233882
vt 0.353184 0.617599
vt 0.377211 0.617599
vt 0.377207 0.658585
vt 0.353185 0.658585
vt 0.400049 0.617599
vt 0.400049 0.658585
vt 0.421682 0.617599
vt 0.421702 0.658585
vt 0.495992 0.434632
vt 0.398853 0.431373
vt 0.388505 0.408468
vt 0.490177 0.165756
vt 0.377247 0.191089
vt 0.390013 0.168892
vt 0.115050 0.096260
vt 0.208358 0.095214
vt 0.493173 0.542819
vt 0.407591 0.549600
vt 0.369445 0.545222
vt 0.042022 0.433287
vt 0.042022 0.485375
vt 0.060006 0.415189
vt 0.231759 0.094703
vt 0.329550 0.511868
vt 0.314752 0.508692
vt 0.348066 0.501669
vt 0.059745 0.506483
vt 0.236271 0.505901
vt 0.327118 0.518738
vt 0.265800 0.091634
vt 0.346089 0.395545
vt 0.275483 0.045915
vt 0.245191 0.045915
vt 0.245191 0.007065
vt 0.275483 0.007065
vt 0.221302 0.045915
vt 0.194753 0.049544
vt 0.194753 0.007065
vt 0.221302 0.007065
vt 0.135465 0.049546
vt 0.104001 0.045914
vt 0.104001 0.007065
vt 0.135465 0.007065
vt 0.164772 0.049546
vt 0.164772 0.007065
vt 0.494596 0.011004
vt 0.494596 0.030226
vt 0.480959 0.030226
vt 0.480942 0.011004
vt 0.473271 0.030226
vt 0.473271 0.011004
vt 0.061411 0.045914
vt 0.061411 0.007065
vt 0.037071 0.045914
vt 0.024902 0.045914
vt 0.024902 0.007065
vt 0.037071 0.007065
vt 0.114436 0.179015
vt 0.133020 0.162430
vt 0.201756 0.182502
vt 0.204874 0.191639
vt 0.051937 0.164717
vt 0.067625 0.179015
vt 0.133020 0.110702
vt 0.068752 0.096260
vt 0.051936 0.110702
vt 0.301521 0.672862
vt 0.301521 0.690359
vt 0.278559 0.714839
vt 0.278560 0.672863
vt 0.256851 0.672863
vt 0.256851 0.714838
vt 0.326476 0.690359
vt 0.351626 0.690359
vt 0.351625 0.714839
vt 0.326476 0.714840
vt 0.403955 0.714840
vt 0.403956 0.690359
vt 0.133525 0.690358
vt 0.181448 0.714838
vt 0.133525 0.714837
vt 0.427714 0.690360
vt 0.427713 0.714841
vt 0.202215 0.714838
vt 0.202216 0.672864
vt 0.181448 0.672864
vt 0.088957 0.385364
vt 0.083046 0.413145
vt 0.301520 0.714839
vt 0.036335 0.356580
vt 0.054502 0.342413
vt 0.129541 0.356580
vt 0.054502 0.291669
vt 0.122700 0.271979
vt 0.036335 0.275400
vt 0.125828 0.263036
vt 0.090039 0.179015
vt 0.559363 0.030483
vt 0.559363 0.045982
vt 0.522640 0.045983
vt 0.522640 0.030483
vt 0.012134 0.275400
vt 0.019408 0.240975
vt 0.395043 0.457021
vt 0.427537 0.447340
vt 0.403725 0.030226
vt 0.403718 0.011004
vt 0.398197 0.045982
vt 0.398197 0.030483
vt 0.138400 0.251794
vt 0.239362 0.492411
vt 0.247971 0.492411
vt 0.265497 0.508692
vt 0.247122 0.110723
vt 0.235242 0.110723
vt 0.493173 0.603948
vt 0.015778 0.546407
vt 0.012999 0.714831
vt 0.037423 0.690352
vt 0.037421 0.714831
vt 0.329964 0.524769
vt 0.369885 0.115514
vt 0.390013 0.142606
vt 0.343824 0.098557
vt 0.452555 0.100533
vt 0.441187 0.085306
vt 0.311254 0.093597
vt 0.495992 0.470412
vt 0.495992 0.489699
vt 0.477063 0.493414
vt 0.460842 0.458864
vt 0.160727 0.476767
vt 0.160728 0.423577
vt 0.183917 0.429624
vt 0.180984 0.423577
vt 0.407591 0.542819
vt 0.382110 0.539547
vt 0.338649 0.518233
vt 0.341380 0.524648
vt 0.341314 0.513252
vt 0.365906 0.499948
vt 0.374508 0.484755
vt 0.402347 0.465391
vt 0.384994 0.486605
vt 0.467825 0.449098
vt 0.427715 0.458844
vt 0.495992 0.464435
vt 0.458055 0.499807
vt 0.446846 0.515053
vt 0.439729 0.534581
vt 0.363266 0.534581
vt 0.253416 0.433128
vt 0.363377 0.433128
vt 0.473047 0.404811
vt 0.428076 0.302907
vt 0.494453 0.666023
vt 0.509613 0.651390
vt 0.505330 0.661737
vt 0.351635 0.249900
vt 0.339302 0.234550
vt 0.316665 0.222817
vt 0.346327 0.201797
vt 0.471633 0.106948
vt 0.490027 0.110664
vt 0.468208 0.194989
vt 0.424271 0.297124
vt 0.253416 0.473240
vt 0.363377 0.473241
vt 0.494453 0.611086
vt 0.505163 0.615180
vt 0.509601 0.626869
vt 0.010107 0.045914
vt 0.010107 0.007065
vt 0.862452 0.262041
vt 0.856938 0.258059
vt 0.872865 0.239273
vt 0.879338 0.240921
vt 0.853351 0.255294
vt 0.867339 0.238358
vt 0.836450 0.263648
vt 0.833452 0.260365
vt 0.840594 0.268678
vt 0.827752 0.291288
vt 0.824332 0.290545
vt 0.832747 0.292175
vt 0.872866 0.182799
vt 0.879339 0.185492
vt 0.867340 0.181735
vt 0.856186 0.166817
vt 0.851795 0.170749
vt 0.668476 0.170747
vt 0.667533 0.166815
vt 0.859730 0.163142
vt 0.013004 0.672855
vt 0.104001 0.049546
vt 0.533682 0.168157
vt 0.571346 0.160217
vt 0.571346 0.161689
vt 0.061411 0.049546
vt 0.627030 0.160218
vt 0.624451 0.161690
vt 0.037071 0.049546
vt 0.646844 0.178624
vt 0.645948 0.180791
vt 0.024902 0.049546
vt 0.656577 0.178624
vt 0.658234 0.180791
vt 0.010107 0.049546
vt 0.665335 0.163140
vt 0.398197 0.007065
vt 0.275483 0.049544
vt 0.245191 0.049545
vt 0.275483 0.055365
vt 0.398197 0.049475
vt 0.398197 0.055365
vt 0.221302 0.049545
vt 0.245191 0.055365
vt 0.221302 0.055365
vt 0.525067 0.049922
vt 0.531002 0.055365
vt 0.218401 0.393043
vt 0.218401 0.374263
vt 0.400049 0.662627
vt 0.378513 0.662627
vt 0.400049 0.666022
vt 0.379372 0.666022
vt 0.239403 0.659969
vt 0.239403 0.617599
vt 0.400049 0.611086
vt 0.400049 0.614071
vt 0.378516 0.614071
vt 0.379375 0.611086
vt 0.428509 0.666022
vt 0.424768 0.662731
vt 0.428508 0.611086
vt 0.424725 0.614071
vt 0.353184 0.662627
vt 0.353184 0.666023
vt 0.353185 0.614071
vt 0.353185 0.611086
vt 0.239403 0.611086
vt 0.217502 0.203080
vt 0.217486 0.226167
vt 0.013288 0.658845
vt 0.105742 0.659970
vt 0.105742 0.666023
vt 0.013288 0.666023
vt 0.105743 0.616626
vt 0.105743 0.611086
vt 0.239403 0.666022
vt 0.101817 0.366498
vt 0.013288 0.616626
vt 0.013288 0.611086
vt 0.140662 0.355024
vt 0.140662 0.360795
vt 0.020363 0.367650
vt 0.016668 0.367327
vt 0.666332 0.509087
vt 0.674393 0.509087
vt 0.674393 0.540500
vt 0.700491 0.540500
vt 0.700491 0.509087
vt 0.709704 0.509087
vt 0.708796 0.428596
vt 0.702445 0.427689
vt 0.702444 0.419551
vt 0.672437 0.420545
vt 0.672438 0.427689
vt 0.666331 0.428596
vn 0.000000 -13.071261 -31.556829
vn 0.000000 -13.071261 -31.556829
vn 0.000000 -13.071261 -31.556829
vn 0.000000 -13.071261 -31.556829
vn 0.000000 13.071242 -31.556842
vn 0.000000 13.071242 -31.556842
vn 0.000000 13.071242 -31.556842
vn 0.000000 13.071242 -31.556842
vn 0.000000 31.556855 -13.071200
vn 0.000000 31.556855 -13.071200
vn 0.000000 31.556855 -13.071200
vn 0.000000 31.556855 -13.071200
vn 0.000000 31.556854 13.071203
vn 0.000000 31.556854 13.071203
vn 0.000000 31.556854 13.071203
vn 0.000000 31.556854 13.071203
vn 0.000000 13.071240 31.556843
vn 0.000000 13.071240 31.556843
vn 0.000000 13.071240 31.556843
vn 0.000000 13.071240 31.556843
vn 0.000000 -13.071263 31.556830
vn 0.000000 -13.071263 31.556830
vn 0.000000 -13.071263 31.556830
vn 0.000000 -13.071263 31.556830
vn 0.000000 -31.556855 13.071200
vn 0.000000 -31.556855 13.071200
vn 0.000000 -31.556855 13.071200
vn 0.000000 -31.556855 13.071200
vn 0.000000 -31.556854 -13.071203
vn 0.000000 -31.556854 -13.071203
vn 0.000000 -31.556854 -13.071203
vn 0.000000 -31.556854 -13.071203
vn 0.000000 -34.156866 -0.000001
vn 0.000000 -34.156866 -0.000001
vn 0.000000 -34.156866 -0.000001
vn 0.000000 -34.156866 -0.000001
vn 0.000000 -34.156866 -0.000001
vn 0.000000 -34.156866 -0.000001
vn 0.000000 -34.156866 -0.000001
vn 0.000000 -34.156866 -0.000001
vn 0.000000 -13.071262 -31.556829
vn 0.000000 -13.071262 -31.556829
vn 0.000000 -13.071262 -31.556829
vn 0.000000 -13.071262 -31.556829
vn -0.090544 13.349903 -31.439836
vn -0.090544 13.349902 -31.439836
vn -0.090544 13.349903 -31.439836
vn -0.090544 13.349903 -31.439836
vn 0.000000 34.156866 0.000001
vn 0.000000 34.156866 0.000001
vn 0.000000 34.156866 0.000001
vn 0.000000 34.156866 0.000001
vn -0.090544 13.349899 31.439837
vn -0.090544 13.349900 31.439837
vn -0.090544 13.349900 31.439837
vn -0.090544 13.349900 31.439837
vn 0.000000 -13.071269 31.556830
vn 0.000000 -13.071269 31.556830
vn 0.000000 -13.071269 31.556830
vn 0.000000 -13.071269 31.556830
vn -34.156866 0.000000 0.000000
vn -34.156866 0.000000 0.000000
vn -34.156866 0.000000 0.000000
vn -34.156866 0.000000 0.000000
vn -34.156866 0.000000 0.000000
vn -34.156866 0.000000 0.000000
vn -34.156864 0.000000 0.000000
vn -34.156866 0.000000 0.000000
vn -34.156866 0.000000 0.000000
vn -34.156866 0.000000 0.000000
vn -34.156864 0.000000 0.000000
vn -0.000000 31.556802 -13.071329
vn -0.000000 31.556802 -13.071329
vn -0.000000 31.556802 -13.071329
vn -0.000000 31.556802 -13.071329
vn -0.000001 13.071268 -31.556830
vn -0.000001 13.071268 -31.556830
vn -0.000001 13.071268 -31.556830
vn -0.000001 13.071268 -31.556830
vn 0.000000 -13.071265 -31.556831
vn 0.000000 -13.071265 -31.556831
vn 0.000000 -13.071265 -31.556831
vn 0.000000 -13.071265 -31.556831
vn 0.000000 -31.556866 -13.071174
vn 0.000000 -31.556866 -13.071174
vn 0.000000 -31.556866 -13.071174
vn 0.000000 -31.556866 -13.071174
vn 0.000000 -31.556867 13.071172
vn 0.000000 -31.556867 13.071172
vn 0.000000 -31.556867 13.071172
vn 0.000000 -31.556867 13.071172
vn 0.000000 -13.071269 31.556830
vn 0.000000 -13.071269 31.556830
vn 0.000000 -13.071269 31.556830
vn 0.000000 -13.071269 31.556830
vn -0.000002 13.071263 31.556831
vn -0.000002 13.071262 31.556829
vn -0.000002 13.071262 31.556829
vn -0.000002 13.071262 31.556829
vn -0.000001 31.556801 13.071331
vn -0.000001 31.556801 13.071331
vn -0.000001 31.556801 13.071331
vn -0.000001 31.556801 13.071331
vn -32.259043 11.227001 0.000000
vn -32.259043 11.227002 0.000000
vn -32.259045 11.227002 0.000000
vn 34.156866 0.000000 0.000000
vn 34.156866 0.000000 0.000000
vn 34.156866 0.000000 0.000000
vn 34.156864 0.000000 0.000000
vn -34.156646 0.122087 -0.002306
vn -34.156648 0.122087 -0.002306
vn -34.156648 0.122087 -0.002306
vn -34.156648 0.122087 -0.002306
vn 0.000000 31.556873 -13.071167
vn 0.000000 31.556873 -13.071167
vn 0.000000 31.556873 -13.071167
vn 0.000000 31.556873 -13.071167
vn 0.000000 13.071230 -31.556844
vn 0.000000 13.071230 -31.556844
vn 0.000000 13.071230 -31.556844
vn 0.000000 13.071230 -31.556844
vn 0.000000 -13.071306 -31.556812
vn 0.000000 -13.071306 -31.556812
vn 0.000000 -13.071306 -31.556812
vn 0.000000 -13.071306 -31.556812
vn 0.000000 -31.556813 -13.071310
vn 0.000000 -31.556813 -13.071310
vn 0.000000 -31.556813 -13.071310
vn 0.000000 -31.556813 -13.071310
vn 0.000000 -31.556816 13.071303
vn 0.000000 -31.556816 13.071303
vn 0.000000 -31.556816 13.071303
vn 0.000000 -31.556816 13.071303
vn 0.000000 -13.071310 31.556809
vn 0.000000 -13.071310 31.556809
vn 0.000000 -13.071310 31.556809
vn 0.000000 -13.071310 31.556809
vn 0.000000 13.071232 31.556845
vn 0.000000 13.071232 31.556845
vn 0.000000 13.071232 31.556845
vn 0.000000 13.071232 31.556845
vn 0.000000 31.556872 13.071168
vn 0.000000 31.556872 13.071168
vn 0.000000 31.556872 13.071168
vn 0.000000 31.556872 13.071168
vn -0.051251 31.556776 -13.071298
vn -0.051251 31.556776 -13.071299
vn -0.051251 31.556774 -13.071298
vn -0.051251 31.556776 -13.071299
vn -0.051231 13.071212 -31.556811
vn -0.051231 13.071211 -31.556809
vn -0.051231 13.071211 -31.556811
vn -0.051231 13.071212 -31.556809
vn -0.051217 -13.071304 -31.556770
vn -0.051217 -13.071306 -31.556772
vn -0.051217 -13.071305 -31.556772
vn -0.051217 -13.071305 -31.556772
vn -0.051195 -31.556805 -13.071223
vn -0.051195 -31.556805 -13.071225
vn -0.051195 -31.556807 -13.071225
vn -0.051195 -31.556805 -13.071224
vn -0.051195 -31.556804 13.071220
vn -0.051195 -31.556806 13.071221
vn -0.051195 -31.556806 13.071221
vn -0.051195 -31.556806 13.071221
vn -0.051217 -13.071314 31.556766
vn -0.051217 -13.071314 31.556768
vn -0.051217 -13.071315 31.556770
vn -0.051217 -13.071314 31.556770
vn -0.051231 13.071209 31.556810
vn -0.051231 13.071209 31.556810
vn -0.051231 13.071210 31.556812
vn -0.051231 13.071210 31.556812
vn -0.051251 31.556773 13.071298
vn -0.051251 31.556775 13.071300
vn -0.051251 31.556775 13.071299
vn -0.051251 31.556773 13.071300
vn -31.357014 12.512658 -5.182902
vn -31.357014 12.512658 -5.182902
vn -31.357014 12.512658 -5.182902
vn -31.357016 12.512658 -5.182902
vn 30.676426 13.878149 -5.748505
vn 30.676426 13.878148 -5.748504
vn 30.676428 13.878148 -5.748505
vn 30.676428 13.878148 -5.748505
vn -31.357032 5.182890 -12.512625
vn -31.357030 5.182889 -12.512624
vn -31.357032 5.182890 -12.512626
vn -31.357030 5.182889 -12.512624
vn 30.676447 5.748491 -13.878112
vn 30.676447 5.748491 -13.878112
vn 30.676449 5.748491 -13.878112
vn 30.676445 5.748491 -13.878112
vn -31.356996 -5.182937 -12.512695
vn -31.356996 -5.182937 -12.512694
vn -31.356996 -5.182937 -12.512695
vn -31.356994 -5.182936 -12.512694
vn 30.676404 -5.748543 -13.878185
vn 30.676404 -5.748542 -13.878185
vn 30.676404 -5.748543 -13.878185
vn 30.676406 -5.748543 -13.878185
vn -31.356981 -12.512728 -5.182933
vn -31.356979 -12.512728 -5.182933
vn -31.356983 -12.512730 -5.182933
vn -31.356981 -12.512728 -5.182933
vn 30.676388 -13.878222 -5.748538
vn 30.676388 -13.878222 -5.748538
vn 30.676390 -13.878223 -5.748538
vn 30.676390 -13.878222 -5.748538
vn -31.356983 -12.512725 5.182930
vn -31.356985 -12.512726 5.182930
vn -31.356983 -12.512725 5.182930
vn -31.356985 -12.512725 5.182930
vn 30.676388 -13.878218 5.748533
vn 30.676390 -13.878218 5.748533
vn 30.676390 -13.878219 5.748533
vn 30.676390 -13.878218 5.748533
vn -31.357004 -5.182932 12.512675
vn -31.357000 -5.182931 12.512674
vn -31.357004 -5.182932 12.512675
vn -31.357006 -5.182932 12.512675
vn 30.676414 -5.748537 13.878164
vn 30.676416 -5.748538 13.878165
vn 30.676414 -5.748538 13.878164
vn 30.676414 -5.748538 13.878165
vn -31.357036 5.182884 12.512613
vn -31.357036 5.182884 12.512613
vn -31.357038 5.182884 12.512613
vn -31.357036 5.182884 12.512613
vn 30.676451 5.748486 13.878099
vn 30.676451 5.748486 13.878098
vn 30.676453 5.748486 13.878098
vn 30.676453 5.748486 13.878100
vn -31.357014 12.512659 5.182902
vn -31.357014 12.512659 5.182902
vn -31.357012 12.512659 5.182902
vn -31.357012 12.512658 5.182902
vn 30.676426 13.878146 5.748503
vn 30.676428 13.878147 5.748504
vn 30.676428 13.878147 5.748504
vn 30.676428 13.878147 5.748504
vn 0.000000 -13.071334 -31.556802
vn 0.000000 -13.071334 -31.556802
vn 0.000000 -13.071334 -31.556802
vn 0.000000 -13.071334 -31.556802
vn 0.000000 -31.556793 -13.071345
vn 0.000000 -31.556793 -13.071345
vn 0.000000 -31.556793 -13.071345
vn 0.000000 -31.556793 -13.071345
vn 0.000000 -31.556798 13.071341
vn 0.000000 -31.556798 13.071341
vn 0.000000 -31.556798 13.071341
vn 0.000000 -31.556798 13.071341
vn 0.000000 -13.071341 31.556797
vn 0.000000 -13.071341 31.556797
vn 0.000000 -13.071341 31.556797
vn 0.000000 -13.071341 31.556797
vn 0.000000 13.071222 31.556847
vn 0.000000 13.071222 31.556847
vn 0.000000 13.071222 31.556847
vn 0.000000 13.071222 31.556847
vn 0.000000 31.556846 13.071221
vn 0.000000 31.556846 13.071221
vn 0.000000 31.556846 13.071221
vn 0.000000 31.556846 13.071221
vn 0.000000 31.556847 -13.071219
vn 0.000000 31.556847 -13.071219
vn 0.000000 31.556847 -13.071219
vn 0.000000 31.556847 -13.071219
vn 0.000000 13.071218 -31.556848
vn 0.000000 13.071218 -31.556848
vn 0.000000 13.071218 -31.556848
vn 0.000000 13.071218 -31.556848
vn 11.051651 -12.368253 -29.859317
vn 11.051649 -12.368251 -29.859315
vn 11.051651 -12.368253 -29.859319
vn 11.051650 -12.368252 -29.859317
vn -34.156558 0.055428 0.133814
vn -34.156558 0.055428 0.133814
vn -34.156560 0.055428 0.133814
vn -34.156558 0.055428 0.133814
vn 11.051634 -29.859361 -12.368156
vn 11.051635 -29.859363 -12.368157
vn 11.051634 -29.859363 -12.368155
vn 11.051635 -29.859363 -12.368156
vn -34.156558 0.133812 0.055427
vn -34.156558 0.133812 0.055427
vn -34.156560 0.133812 0.055427
vn -34.156560 0.133812 0.055427
vn 11.051633 -29.859364 12.368156
vn 11.051632 -29.859362 12.368153
vn 11.051634 -29.859364 12.368155
vn 11.051633 -29.859366 12.368155
vn -34.156558 0.133812 -0.055427
vn -34.156558 0.133812 -0.055427
vn -34.156558 0.133812 -0.055427
vn -34.156560 0.133812 -0.055427
vn 11.051647 -12.368262 29.859314
vn 11.051647 -12.368264 29.859314
vn 11.051648 -12.368264 29.859314
vn 11.051647 -12.368263 29.859314
vn -34.156558 0.055428 -0.133814
vn -34.156558 0.055428 -0.133814
vn -34.156560 0.055428 -0.133814
vn -34.156558 0.055428 -0.133814
vn 11.051715 12.368095 29.859358
vn 11.051714 12.368095 29.859360
vn 11.051714 12.368095 29.859360
vn 11.051715 12.368095 29.859360
vn -34.156558 -0.055428 -0.133815
vn -34.156558 -0.055428 -0.133815
vn -34.156558 -0.055428 -0.133815
vn -34.156558 -0.055428 -0.133815
vn 11.051892 29.859267 12.368164
vn 11.051890 29.859263 12.368162
vn 11.051891 29.859265 12.368163
vn 11.051890 29.859265 12.368163
vn -34.156558 -0.133815 -0.055428
vn -34.156556 -0.133815 -0.055428
vn -34.156558 -0.133815 -0.055428
vn -34.156558 -0.133815 -0.055428
vn 11.051892 29.859264 -12.368161
vn 11.051892 29.859266 -12.368162
vn 11.051891 29.859266 -12.368160
vn 11.051892 29.859266 -12.368160
vn -34.156558 -0.133815 0.055428
vn -34.156558 -0.133815 0.055428
vn -34.156560 -0.133815 0.055428
vn -34.156560 -0.133815 0.055428
vn 11.051718 12.368087 -29.859361
vn 11.051717 12.368087 -29.859361
vn 11.051716 12.368085 -29.859359
vn 11.051717 12.368087 -29.859361
vn -34.156558 -0.055428 0.133815
vn -34.156558 -0.055428 0.133815
vn -34.156560 -0.055428 0.133815
vn -34.156560 -0.055428 0.133815
vn 0.000000 34.156866 0.000001
vn 0.000000 34.156866 0.000001
vn 0.000000 34.156866 0.000001
vn 0.000000 34.156866 0.000001
vn 0.000000 34.156866 0.000001
vn 0.000000 34.156866 0.000001
vn 0.000000 34.156866 0.000001
vn 0.000000 34.156866 0.000001
vn 0.000000 -13.695135 -31.291126
vn 0.000000 -13.695133 -31.291126
vn 0.000000 -13.695134 -31.291128
vn 0.000000 -13.695135 -31.291128
vn -34.156864 -0.001790 0.000289
vn -34.156866 -0.001790 0.000289
vn -34.156866 -0.001790 0.000289
vn -34.156866 -0.001790 0.000289
vn 0.000000 12.712631 31.703003
vn 0.000000 12.712631 31.703003
vn 0.000000 12.712632 31.703005
vn 0.000000 12.712632 31.703005
vn 34.156866 0.001193 -0.000193
vn 34.156864 0.001193 -0.000193
vn 34.156866 0.001193 -0.000193
vn 34.156866 0.001193 -0.000193
vn 0.000000 12.736151 -31.693563
vn 0.000000 12.736151 -31.693563
vn 0.000000 12.736151 -31.693563
vn 0.000000 12.736151 -31.693563
vn -34.156866 0.000000 0.000000
vn -34.156864 0.000000 0.000000
vn -34.156866 0.000000 0.000000
vn -34.156866 0.000000 0.000000
vn 0.000000 -13.695165 31.291113
vn 0.000000 -13.695165 31.291113
vn 0.000000 -13.695165 31.291113
vn 0.000000 -13.695165 31.291113
vn 34.156866 0.000000 0.000000
vn 34.156866 0.000000 0.000000
vn 34.156864 0.000000 0.000000
vn 34.156866 0.000000 0.000000
vn 0.000000 -3.946918 -33.928060
vn 0.000000 -3.946918 -33.928060
vn 0.000000 -3.946918 -33.928060
vn 0.000000 -3.946918 -33.928060
vn -34.156864 0.000000 0.000000
vn -34.156866 0.000000 0.000000
vn -34.156866 0.000000 0.000000
vn 34.156866 0.000000 0.000000
vn 34.156864 0.000000 0.000000
vn 34.156866 0.000000 0.000000
vn -34.156864 0.000000 0.000000
vn -34.156866 0.000000 0.000000
vn -34.156864 0.000000 0.000000
vn 0.000000 -3.975598 33.924713
vn 0.000000 -3.975598 33.924713
vn 0.000000 -3.975598 33.924713
vn 0.000000 -3.975598 33.924713
vn 34.156866 0.000000 0.000000
vn 34.156864 0.000000 0.000000
vn 34.156864 0.000000 0.000000
vn 0.000000 15.739020 -30.314598
vn 0.000000 15.739020 -30.314598
vn 0.000000 15.739020 -30.314598
vn 0.000000 15.739020 -30.314598
vn -34.156866 0.000000 0.000000
vn -34.156864 0.000000 0.000000
vn -34.156864 0.000000 0.000000
vn 34.156864 0.000000 0.000000
vn 34.156866 0.000000 0.000000
vn 34.156864 0.000000 0.000000
vn -34.156866 0.000000 0.000000
vn -34.156866 0.000000 0.000000
vn -34.156866 0.000000 0.000000
vn 0.000000 15.739016 30.314595
vn 0.000000 15.739016 30.314595
vn 0.000000 15.739016 30.314595
vn 0.000000 15.739016 30.314595
vn 34.156866 0.000000 0.000000
vn 34.156866 0.000000 0.000000
vn 34.156866 0.000000 0.000000
vn 0.000000 20.641509 -27.214329
vn 0.000000 20.641507 -27.214325
vn 0.000000 20.641507 -27.214325
vn 0.000000 20.641505 -27.214327
vn -30.639839 14.537329 4.069145
vn -30.639837 14.537326 4.069144
vn -30.639837 14.537327 4.069144
vn -30.639839 14.537329 4.069145
vn 0.000000 -10.995041 32.338838
vn 0.000000 -10.995041 32.338840
vn 0.000000 -10.995041 32.338840
vn 0.000000 -10.995042 32.338842
vn 30.639204 14.538568 4.069492
vn 30.639202 14.538567 4.069492
vn 30.639204 14.538567 4.069492
vn 30.639206 14.538568 4.069492
vn 0.000000 -10.995043 -32.338841
vn 0.000000 -10.995042 -32.338839
vn 0.000000 -10.995042 -32.338839
vn 0.000000 -10.995043 -32.338839
vn -30.640049 14.536910 -4.069032
vn -30.640049 14.536910 -4.069032
vn -30.640049 14.536908 -4.069032
vn -30.640049 14.536908 -4.069032
vn 0.000000 20.641521 27.214317
vn 0.000000 20.641521 27.214315
vn 0.000000 20.641521 27.214317
vn 0.000000 20.641521 27.214317
vn 30.639204 14.538564 -4.069495
vn 30.639204 14.538565 -4.069495
vn 30.639206 14.538566 -4.069495
vn 30.639202 14.538565 -4.069495
vn -0.009398 1.091184 -34.139432
vn -0.009398 1.091184 -34.139430
vn -0.009398 1.091184 -34.139430
vn -0.009398 1.091184 -34.139430
vn 1.806552 -0.006982 -34.109056
vn 1.806551 -0.006982 -34.109056
vn 1.806552 -0.006982 -34.109058
vn 3.885278 0.406074 -33.932745
vn 3.885278 0.406073 -33.932743
vn 3.885278 0.406074 -33.932743
vn 3.885278 0.406074 -33.932745
vn -0.002263 0.571230 -34.152087
vn -0.002263 0.571230 -34.152089
vn -0.002263 0.571230 -34.152087
vn -0.002263 0.571230 -34.152087
vn -2.502922 1.627059 -34.026160
vn -2.502922 1.627059 -34.026158
vn -2.502922 1.627059 -34.026158
vn -2.502922 1.627059 -34.026160
vn -0.009396 1.091171 34.139428
vn -0.009396 1.091171 34.139430
vn -0.009396 1.091171 34.139430
vn -0.009396 1.091171 34.139430
vn -2.502907 1.627054 34.026160
vn -2.502907 1.627054 34.026162
vn -2.502907 1.627054 34.026162
vn -2.502908 1.627054 34.026162
vn -0.002263 0.571229 34.152089
vn -0.002263 0.571229 34.152087
vn -0.002263 0.571229 34.152087
vn -0.002263 0.571229 34.152087
vn 3.883767 0.406369 33.932914
vn 3.883766 0.406369 33.932916
vn 3.883767 0.406369 33.932918
vn 3.883767 0.406369 33.932916
vn 1.805024 -0.005927 34.109138
vn 1.805024 -0.005927 34.109140
vn 1.805023 -0.005927 34.109138
vn -34.156864 0.000245 0.000000
vn -34.156866 0.000245 0.000000
vn -34.156866 0.000245 0.000000
vn -34.156866 0.000245 0.000000
vn 32.501656 -10.503991 0.000787
vn 32.501654 -10.503991 0.000787
vn 32.501658 -10.503992 0.000787
vn 32.501656 -10.503992 0.000787
vn -0.000038 34.156866 0.000053
vn -0.000038 34.156866 0.000053
vn -0.000038 34.156866 0.000053
vn -0.000038 34.156866 0.000053
vn 0.000000 -34.156866 -0.000001
vn 0.000000 -34.156866 -0.000001
vn 0.000000 -34.156866 -0.000001
vn 0.000000 -34.156866 -0.000001
vn 34.156866 0.000000 0.000000
vn 34.156864 0.000000 0.000000
vn 34.156866 0.000000 0.000000
vn 34.156866 0.000000 0.000000
vn 34.156864 0.000000 0.000000
vn 34.156866 0.000000 0.000000
vn 34.156866 0.000000 0.000000
vn 34.156866 0.000000 0.000000
vn 34.156866 0.000000 0.000000
vn 34.156866 0.000000 0.000000
vn 34.156866 0.000000 0.000000
vn 34.156866 0.000000 0.000000
vn 34.156866 0.000000 0.000000
vn 34.156866 0.000000 0.000000
vn 34.156866 0.000000 0.000000
vn 34.156866 0.000000 0.000000
vn 34.156866 0.000000 0.000000
vn 34.156866 0.000000 0.000000
vn 34.156866 0.000000 0.000000
vn 34.156866 0.000000 0.000000
vn 34.156866 -0.000464 -0.000079
vn 34.156866 -0.000464 -0.000079
vn 34.156864 -0.000464 -0.000079
vn 34.156866 -0.000464 -0.000079
vn 34.156866 -0.000352 -0.000849
vn 34.156866 -0.000352 -0.000849
vn 34.156864 -0.000352 -0.000849
vn 34.156866 -0.000352 -0.000849
vn 34.156864 0.000272 -0.000385
vn 34.156866 0.000272 -0.000385
vn 34.156866 0.000272 -0.000385
vn 34.156866 0.000272 -0.000385
vn 7.761446 30.731313 -12.729407
vn 7.761446 30.731313 -12.729409
vn 7.761446 30.731313 -12.729408
vn 7.761425 30.731316 12.729413
vn 7.761425 30.731318 12.729413
vn 7.761426 30.731318 12.729414
vn 7.761422 12.729434 30.731307
vn 7.761422 12.729434 30.731307
vn 7.761422 12.729435 30.731307
vn 7.761422 -12.729201 30.731405
vn 7.761422 -12.729202 30.731405
vn 7.761423 -12.729203 30.731407
vn 7.761443 -30.731472 12.729024
vn 7.761444 -30.731474 12.729025
vn 7.761443 -30.731472 12.729024
vn 7.761452 -30.731411 -12.729171
vn 7.761452 -30.731411 -12.729171
vn 7.761452 -30.731411 -12.729171
vn 7.761475 -12.729259 -30.731368
vn 7.761474 -12.729258 -30.731368
vn 7.761474 -12.729258 -30.731368
vn 7.761482 12.729507 -30.731261
vn 7.761482 12.729507 -30.731263
vn 7.761483 12.729508 -30.731263
vn 0.000000 1.085315 -34.139615
vn 0.000000 1.085315 -34.139615
vn 0.000000 1.085315 -34.139615
vn 0.000000 1.085315 -34.139615
vn 34.156866 0.000000 0.000000
vn 34.156866 0.000000 0.000000
vn 34.156866 0.000000 0.000000
vn 34.156866 0.000000 0.000000
vn 0.000000 2.011399 34.097592
vn 0.000000 2.011399 34.097592
vn 0.000000 2.011399 34.097592
vn 0.000000 2.011399 34.097592
vn -34.156866 0.000000 0.000000
vn -34.156866 0.000000 0.000000
vn -34.156866 0.000000 0.000000
vn -34.156866 0.000000 0.000000
vn 0.000000 2.050566 -34.095259
vn 0.000000 2.050566 -34.095259
vn 0.000000 2.050566 -34.095259
vn 0.000000 2.050566 -34.095259
vn 34.156866 0.000000 0.000000
vn 34.156866 0.000000 0.000000
vn 34.156866 0.000000 0.000000
vn 34.156866 0.000000 0.000000
vn 0.000000 1.074892 34.139947
vn 0.000000 1.074892 34.139947
vn 0.000000 1.074892 34.139947
vn 0.000000 1.074892 34.139947
vn -34.156866 0.000000 0.000000
vn -34.156866 0.000000 0.000000
vn -34.156866 0.000000 0.000000
vn -34.156866 0.000000 0.000000
vn 0.000177 -31.556875 13.071150
vn 0.000177 -31.556878 13.071150
vn 0.000177 -31.556878 13.071150
vn 0.000177 -31.556878 13.071149
vn 0.000000 -31.556491 13.072089
vn 0.000000 -31.556489 13.072089
vn 0.000000 -31.556491 13.072089
vn 0.000000 -31.556487 13.072087
vn -0.001028 -31.556886 13.071132
vn -0.001028 -31.556884 13.071131
vn -0.001028 -31.556886 13.071133
vn -0.001028 -31.556884 13.071132
vn 0.000000 -31.557154 13.070477
vn 0.000000 -31.557154 13.070477
vn 0.000000 -31.557154 13.070476
vn 0.000000 -31.557154 13.070477
vn 0.000177 -31.556876 -13.071153
vn 0.000177 -31.556874 -13.071153
vn 0.000177 -31.556878 -13.071154
vn 0.000177 -31.556876 -13.071154
vn 0.000000 -31.557153 -13.070480
vn 0.000000 -31.557153 -13.070480
vn 0.000000 -31.557153 -13.070480
vn 0.000000 -31.557153 -13.070479
vn -0.001028 -31.556882 -13.071133
vn -0.001028 -31.556885 -13.071134
vn -0.001028 -31.556882 -13.071134
vn -0.001028 -31.556885 -13.071135
vn 0.000000 -31.556492 -13.072090
vn 0.000000 -31.556490 -13.072090
vn 0.000000 -31.556488 -13.072088
vn 0.000000 -31.556488 -13.072088
vn -25.007585 -23.265836 0.113875
vn -25.007585 -23.265836 0.113875
vn -25.007585 -23.265836 0.113875
vn -25.007585 -23.265836 0.113875
vn -0.000003 0.000001 -34.156864
vn -0.000003 0.000001 -34.156866
vn -0.000003 0.000001 -34.156864
vn 34.156866 0.000000 0.000000
vn 34.156866 0.000000 0.000000
vn 34.156866 0.000000 0.000000
vn 34.156866 0.000000 0.000000
vn 0.000000 -0.000001 34.156866
vn 0.000000 -0.000001 34.156866
vn 0.000000 -0.000001 34.156866
vn -25.007585 -23.265836 -0.113877
vn -25.007585 -23.265836 -0.113877
vn -25.007585 -23.265836 -0.113877
vn -25.007585 -23.265836 -0.113877
vn 0.000000 0.000001 -34.156866
vn 0.000000 0.000001 -34.156866
vn 0.000000 0.000001 -34.156866
vn 34.156866 0.000000 0.000000
vn 34.156866 0.000000 0.000000
vn 34.156866 0.000000 0.000000
vn 34.156866 0.000000 0.000000
vn 0.000000 -0.000002 34.156866
vn 0.000000 -0.000002 34.156864
vn 0.000000 -0.000002 34.156866
vn 0.000000 -0.000002 34.156866
vn 0.000000 -34.156866 -0.000001
vn 0.000000 -34.156866 -0.000001
vn 0.000000 -34.156866 -0.000001
vn 0.000000 -34.156866 -0.000001
vn 0.000000 -34.156866 -0.000001
vn 0.000000 -34.156866 -0.000001
vn 0.000000 -34.156866 -0.000001
vn 0.000000 -34.156866 -0.000001
vn 0.000000 -0.000001 34.156864
vn 0.000000 -0.000001 34.156866
vn 0.000000 -0.000001 34.156866
vn 0.000000 -0.000001 34.156864
vn 0.000000 0.000001 -34.156864
vn 0.000000 0.000001 -34.156866
vn 0.000000 0.000001 -34.156866
vn 0.000000 0.000001 -34.156866
vn -0.000003 -0.000001 34.156866
vn -0.000003 -0.000001 34.156866
vn -0.000003 -0.000001 34.156864
vn 0.000000 0.000001 -34.156866
vn 0.000000 0.000001 -34.156864
vn 0.000000 0.000001 -34.156864
vn 0.000000 0.000001 -34.156866
vn -34.156866 0.000000 0.000000
vn -34.156866 0.000000 0.000000
vn -34.156866 0.000000 0.000000
vn -34.156866 0.000000 0.000000
vn -0.000003 0.000001 -34.156866
vn -0.000003 0.000001 -34.156866
vn -0.000003 0.000001 -34.156866
vn 0.000000 -0.000001 34.156866
vn 0.000000 -0.000001 34.156866
vn 0.000000 -0.000001 34.156866
vn -34.156866 0.000000 0.000000
vn -34.156866 0.000000 0.000000
vn -34.156866 0.000000 0.000000
vn -34.156866 0.000000 0.000000
vn 0.000000 0.000001 -34.156866
vn 0.000000 0.000001 -34.156866
vn 0.000000 0.000001 -34.156866
vn -0.000003 -0.000001 34.156866
vn -0.000003 -0.000001 34.156866
vn -0.000003 -0.000001 34.156866
vn -32.259644 11.225282 0.000000
vn -32.259644 11.225283 0.000000
vn -32.259644 11.225282 0.000000
vn -32.259343 11.226143 -0.002989
vn -32.259340 11.226142 -0.002989
vn -32.259343 11.226144 -0.002989
vn -32.259343 11.226143 -0.002989
vn 34.156866 0.000000 0.000000
vn 34.156864 0.000000 0.000000
vn 34.156866 0.000000 0.000000
vn 34.156864 0.000000 0.000000
vn 34.156864 0.000000 0.000000
vn 34.156866 0.000000 0.000000
vn 34.156866 0.000000 0.000000
vn 7.351780 -10.307656 -31.723728
vn 7.351781 -10.307655 -31.723730
vn 7.351781 -10.307656 -31.723730
vn 7.351780 -10.307656 -31.723730
vn 9.684875 -26.499443 -19.252904
vn 9.684875 -26.499441 -19.252904
vn 9.684876 -26.499441 -19.252904
vn 9.684875 -26.499439 -19.252904
vn 10.540619 -32.489795 -0.000001
vn 10.540619 -32.489795 -0.000001
vn 10.540621 -32.489797 -0.000001
vn 10.540621 -32.489797 -0.000001
vn 9.684875 -26.499444 19.252901
vn 9.684875 -26.499444 19.252899
vn 9.684875 -26.499444 19.252901
vn 9.684876 -26.499444 19.252901
vn 7.351783 -10.307636 31.723737
vn 7.351783 -10.307636 31.723735
vn 7.351783 -10.307636 31.723737
vn 7.351782 -10.307636 31.723735
vn 34.156866 0.000000 0.000038
vn 34.156866 0.000000 0.000038
vn 34.156866 0.000000 0.000038
vn 34.156866 0.000000 0.000038
vn 7.351781 10.307638 31.723734
vn 7.351781 10.307638 31.723734
vn 7.351781 10.307638 31.723736
vn 7.351781 10.307638 31.723734
vn 9.684840 26.499437 19.252926
vn 9.684841 26.499437 19.252926
vn 9.684840 26.499437 19.252926
vn 9.684840 26.499437 19.252926
vn 10.540543 32.489822 0.000001
vn 10.540542 32.489822 0.000001
vn 10.540542 32.489817 0.000001
vn 10.540542 32.489822 0.000001
vn 9.684841 26.499434 -19.252928
vn 9.684841 26.499436 -19.252928
vn 9.684841 26.499436 -19.252930
vn 9.684841 26.499434 -19.252928
vn 7.351782 10.307652 -31.723729
vn 7.351783 10.307654 -31.723731
vn 7.351783 10.307653 -31.723729
vn 7.351783 10.307653 -31.723729
vn 6.143024 -0.000004 33.599923
vn 6.143024 -0.000004 33.599923
vn 6.143024 -0.000004 33.599923
vn 6.143024 -0.000004 33.599923
vn 6.143019 0.000004 -33.599923
vn 6.143019 0.000004 -33.599921
vn 6.143019 0.000004 -33.599921
vn 6.143019 0.000004 -33.599923
vn -34.156866 0.000000 0.000000
vn -34.156864 0.000000 0.000000
vn -34.156866 0.000000 0.000000
vn -34.156866 0.000000 0.000000
vn 3.813209 -27.460784 -19.951344
vn 3.813209 -27.460784 -19.951344
vn 3.813209 -27.460786 -19.951344
vn 3.813209 -27.460784 -19.951344
vn 4.697943 -33.832244 -0.000001
vn 4.697943 -33.832244 -0.000001
vn 4.697943 -33.832244 -0.000001
vn 4.697943 -33.832244 -0.000001
vn 3.813209 -27.460786 19.951342
vn 3.813210 -27.460786 19.951342
vn 3.813209 -27.460786 19.951342
vn 3.813210 -27.460788 19.951342
vn 1.464324 -10.545314 32.455257
vn 1.464324 -10.545314 32.455255
vn 1.464324 -10.545313 32.455253
vn 1.464324 -10.545315 32.455257
vn 0.000000 -0.000003 34.156864
vn 0.000000 -0.000003 34.156866
vn 0.000000 -0.000003 34.156866
vn -0.000000 0.000003 -34.156866
vn -0.000000 0.000003 -34.156864
vn -0.000000 0.000003 -34.156866
vn 1.464327 -10.545332 -32.455250
vn 1.464327 -10.545332 -32.455250
vn 1.464327 -10.545331 -32.455248
vn 1.464327 -10.545332 -32.455248
vn -6.552268 -26.966138 -19.914484
vn -6.552267 -26.966136 -19.914482
vn -6.552268 -26.966138 -19.914484
vn -6.552268 -26.966138 -19.914484
vn -4.784906 -33.820055 -0.000001
vn -4.784907 -33.820057 -0.000001
vn -4.784907 -33.820055 -0.000001
vn -4.784907 -33.820055 -0.000001
vn -6.552283 -26.966136 19.914482
vn -6.552283 -26.966134 19.914482
vn -6.552283 -26.966134 19.914480
vn -6.552283 -26.966136 19.914480
vn -8.817375 -10.047534 31.432346
vn -8.817377 -10.047535 31.432350
vn -8.817376 -10.047535 31.432348
vn -8.817375 -10.047534 31.432346
vn -9.090314 -0.000005 32.925033
vn -9.090313 -0.000005 32.925031
vn -9.090312 -0.000005 32.925031
vn -9.090313 -0.000005 32.925031
vn -8.817398 10.047550 31.432335
vn -8.817397 10.047549 31.432335
vn -8.817397 10.047549 31.432335
vn -8.817398 10.047550 31.432337
vn -6.552082 26.966128 19.914557
vn -6.552083 26.966130 19.914559
vn -6.552082 26.966128 19.914557
vn -6.552082 26.966128 19.914557
vn -4.784568 33.820102 0.000001
vn -4.784567 33.820102 0.000001
vn -4.784568 33.820104 0.000001
vn -4.784568 33.820102 0.000001
vn -6.552060 26.966132 -19.914555
vn -6.552060 26.966132 -19.914557
vn -6.552061 26.966136 -19.914557
vn -6.552060 26.966132 -19.914557
vn -8.817363 10.047564 -31.432342
vn -8.817363 10.047563 -31.432340
vn -8.817363 10.047563 -31.432342
vn -8.817363 10.047563 -31.432340
vn -9.090298 0.000000 -32.925036
vn -9.090298 0.000000 -32.925036
vn -9.090298 0.000000 -32.925038
vn -9.090298 0.000000 -32.925036
vn -8.817343 -10.047551 -31.432353
vn -8.817342 -10.047549 -31.432351
vn -8.817342 -10.047550 -31.432351
vn -8.817343 -10.047551 -31.432355
vn 0.000000 -27.312424 -20.511532
vn 0.000000 -27.312424 -20.511532
vn 0.000000 -27.312424 -20.511532
vn 0.000000 -27.312424 -20.511532
vn 0.000000 -34.156866 -0.000001
vn 0.000000 -34.156866 -0.000001
vn 0.000000 -34.156864 -0.000001
vn 0.000000 -34.156866 -0.000001
vn 0.000009 -27.312421 20.511538
vn 0.000009 -27.312421 20.511536
vn 0.000009 -27.312421 20.511538
vn 0.000009 -27.312421 20.511538
vn 0.000013 -10.242655 32.584957
vn 0.000013 -10.242656 32.584959
vn 0.000013 -10.242656 32.584959
vn 0.000013 -10.242656 32.584959
vn 0.000013 -0.000004 34.156866
vn 0.000013 -0.000004 34.156866
vn 0.000013 -0.000004 34.156866
vn 0.000013 -0.000004 34.156866
vn 0.000016 10.242661 32.584954
vn 0.000016 10.242662 32.584958
vn 0.000016 10.242661 32.584954
vn 0.000016 10.242662 32.584958
vn 0.000009 27.312375 20.511602
vn 0.000009 27.312373 20.511602
vn 0.000009 27.312373 20.511602
vn 0.000009 27.312375 20.511602
vn 0.000000 34.156866 0.000001
vn 0.000000 34.156866 0.000001
vn 0.000000 34.156866 0.000001
vn 0.000000 34.156864 0.000001
vn 0.000000 27.312378 -20.511597
vn 0.000000 27.312378 -20.511597
vn 0.000000 27.312378 -20.511597
vn 0.000000 27.312378 -20.511597
vn 0.000000 10.242669 -32.584957
vn 0.000000 10.242669 -32.584957
vn 0.000000 10.242669 -32.584957
vn 0.000000 10.242669 -32.584957
vn 0.000000 0.000001 -34.156866
vn 0.000000 0.000001 -34.156866
vn 0.000000 0.000001 -34.156866
vn 0.000000 0.000001 -34.156866
vn 0.000000 -10.242666 -32.584958
vn 0.000000 -10.242666 -32.584958
vn 0.000000 -10.242666 -32.584958
vn 0.000000 -10.242666 -32.584958
vn 0.000000 27.633505 20.076872
vn 0.000000 27.633505 20.076872
vn 0.000000 27.633505 20.076872
vn 0.000000 27.633505 20.076872
vn 0.000000 10.555032 32.485115
vn 0.000000 10.555032 32.485115
vn 0.000000 10.555032 32.485115
vn 0.000000 10.555032 32.485115
vn 0.000000 -0.000003 34.156866
vn 0.000000 -0.000003 34.156866
vn 0.000000 -0.000003 34.156866
vn 0.000000 -0.000003 34.156866
vn 0.000000 -10.555031 32.485118
vn 0.000000 -10.555031 32.485118
vn 0.000000 -10.555031 32.485118
vn 0.000000 -10.555031 32.485118
vn 0.000000 -27.633502 20.076874
vn 0.000000 -27.633502 20.076874
vn 0.000000 -27.633502 20.076874
vn 0.000000 -27.633502 20.076874
vn 0.000000 -34.156866 -0.000001
vn 0.000000 -34.156866 -0.000001
vn 0.000000 -34.156866 -0.000001
vn 0.000000 -34.156866 -0.000001
vn 0.000000 -27.633500 -20.076878
vn 0.000000 -27.633500 -20.076878
vn 0.000000 -27.633500 -20.076878
vn 0.000000 -27.633500 -20.076878
vn 0.000000 -10.555050 -32.485111
vn 0.000000 -10.555050 -32.485111
vn 0.000000 -10.555050 -32.485111
vn 0.000000 -10.555050 -32.485111
vn 0.000000 0.000003 -34.156866
vn 0.000000 0.000003 -34.156866
vn 0.000000 0.000003 -34.156866
vn 0.000000 0.000003 -34.156866
vn 0.000000 10.555050 -32.485110
vn 0.000000 10.555050 -32.485110
vn 0.000000 10.555050 -32.485110
vn 0.000000 10.555050 -32.485110
vn 0.000000 27.633502 -20.076876
vn 0.000000 27.633502 -20.076876
vn 0.000000 27.633502 -20.076876
vn 0.000000 27.633502 -20.076876
vn 0.000000 34.156866 0.000001
vn 0.000000 34.156866 0.000001
vn 0.000000 34.156866 0.000001
vn 0.000000 34.156866 0.000001
vn -34.156864 0.000000 0.000000
vn -34.156866 0.000000 0.000000
vn -34.156866 0.000000 0.000000
vn -34.156866 0.000000 0.000000
vn -34.156866 0.000000 0.000000
vn -34.156866 0.000000 0.000000
vn -34.156864 0.000000 0.000000
vn -34.156866 0.000000 0.000000
vn -34.156864 0.000000 0.000000
vn -34.156866 0.000000 0.000000
vn -34.156864 0.000000 0.000000
vn -34.156866 0.000000 0.000000
vn -34.156866 0.000000 0.000000
vn -34.156866 0.000000 0.000000
vn -34.156866 0.000000 0.000000
vn -34.156866 0.000000 0.000000
vn -0.000075 -27.633547 -20.076811
vn -0.000075 -27.633551 -20.076813
vn -0.000075 -27.633547 -20.076811
vn -0.000075 -27.633547 -20.076811
vn 0.000000 -34.156864 -0.000001
vn 0.000000 -34.156866 -0.000001
vn 0.000000 -34.156864 -0.000001
vn 0.000000 -34.156866 -0.000001
vn 0.000060 -27.633521 20.076852
vn 0.000060 -27.633521 20.076852
vn 0.000060 -27.633521 20.076852
vn 0.000060 -27.633521 20.076852
vn 0.000002 -10.555025 32.485120
vn 0.000002 -10.555025 32.485118
vn 0.000002 -10.555024 32.485116
vn 0.000002 -10.555025 32.485118
vn 0.000006 10.555006 32.485125
vn 0.000006 10.555006 32.485123
vn 0.000006 10.555006 32.485125
vn 0.000006 10.555006 32.485123
vn -0.000016 27.633505 20.076876
vn -0.000016 27.633505 20.076878
vn -0.000016 27.633505 20.076878
vn -0.000016 27.633502 20.076876
vn 0.000000 34.156866 0.000001
vn 0.000000 34.156864 0.000001
vn 0.000000 34.156866 0.000001
vn 0.000000 34.156866 0.000001
vn 0.000000 27.633502 -20.076880
vn 0.000000 27.633502 -20.076880
vn 0.000000 27.633502 -20.076880
vn 0.000000 27.633502 -20.076880
vn 0.000029 10.555025 -32.485116
vn 0.000029 10.555026 -32.485120
vn 0.000029 10.555026 -32.485120
vn 0.000029 10.555025 -32.485118
vn 0.000000 0.000005 -34.156866
vn 0.000000 0.000005 -34.156864
vn 0.000000 0.000005 -34.156866
vn 0.000000 0.000005 -34.156866
vn -0.000029 -0.000004 34.156866
vn -0.000029 -0.000004 34.156866
vn -0.000029 -0.000004 34.156866
vn -0.000029 -0.000004 34.156866
vn -0.000086 -10.555050 -32.485111
vn -0.000086 -10.555051 -32.485111
vn -0.000086 -10.555050 -32.485111
vn -0.000086 -10.555050 -32.485111
vn 0.470131 -10.554003 32.482050
vn 0.470131 -10.554003 32.482048
vn 0.470131 -10.554003 32.482050
vn 0.470131 -10.554003 32.482048
vn 1.230149 -27.615617 20.063797
vn 1.230149 -27.615615 20.063797
vn 1.230149 -27.615617 20.063799
vn 1.230149 -27.615617 20.063797
vn 1.520029 -34.123027 -0.000001
vn 1.520029 -34.123027 -0.000001
vn 1.520029 -34.123027 -0.000001
vn 1.520029 -34.123027 -0.000001
vn 1.230149 -27.615615 -20.063802
vn 1.230149 -27.615615 -20.063802
vn 1.230149 -27.615613 -20.063802
vn 1.230149 -27.615615 -20.063802
vn 0.470132 -10.554024 -32.482043
vn 0.470132 -10.554024 -32.482045
vn 0.470132 -10.554024 -32.482043
vn 0.470132 -10.554024 -32.482045
vn -0.000000 0.000003 -34.156866
vn -0.000000 0.000003 -34.156864
vn -0.000000 0.000003 -34.156866
vn 0.000000 -0.000003 34.156866
vn 0.000000 -0.000003 34.156864
vn 0.000000 -0.000003 34.156866
vn 34.156866 -0.000000 0.000023
vn 34.156866 -0.000000 0.000023
vn 34.156866 -0.000000 0.000023
vn 34.156866 -0.000000 0.000023
vn 34.156866 -0.000000 -0.000023
vn 34.156866 -0.000000 -0.000023
vn 34.156866 -0.000000 -0.000023
vn 34.156864 -0.000000 -0.000023
vn 34.156866 0.000000 0.000000
vn 34.156866 0.000000 0.000000
vn 34.156866 0.000000 0.000000
vn 34.156866 0.000000 0.000000
vn 34.156866 0.000000 -0.000038
vn 34.156866 0.000000 -0.000038
vn 34.156866 0.000000 -0.000038
vn 34.156866 0.000000 -0.000038
vn 0.000000 -0.000001 34.156866
vn 0.000000 -0.000001 34.156866
vn 0.000000 -0.000001 34.156866
vn 0.000000 0.000001 -34.156866
vn 0.000000 0.000001 -34.156866
vn 0.000000 0.000001 -34.156866
vn -34.156866 0.000000 0.000000
vn -34.156866 0.000000 0.000000
vn -34.156866 0.000000 0.000000
vn -34.156866 0.000000 0.000000
vn 0.000000 32.486242 10.551564
vn 0.000000 32.486242 10.551564
vn 0.000000 32.486242 10.551564
vn 0.000000 32.486242 10.551564
vn -0.047311 21.167673 -26.807066
vn -0.047311 21.167673 -26.807064
vn -0.047311 21.167673 -26.807068
vn -0.047311 21.167673 -26.807066
vn 0.000000 0.000001 -34.156866
vn 0.000000 0.000001 -34.156866
vn 0.000000 0.000001 -34.156866
vn 0.000000 0.000001 -34.156866
vn 0.000000 -0.000001 34.156866
vn 0.000000 -0.000001 34.156866
vn 0.000000 -0.000001 34.156866
vn 0.000000 -0.000001 34.156866
vn -0.047311 21.167671 26.807066
vn -0.047311 21.167673 26.807068
vn -0.047311 21.167673 26.807068
vn -0.047311 21.167673 26.807070
vn -19.244364 28.219603 0.000001
vn -19.244364 28.219601 0.000001
vn -19.244364 28.219603 0.000001
vn -19.244362 28.219601 0.000001
vn 0.000000 0.000001 -34.156866
vn 0.000000 0.000001 -34.156866
vn 0.000000 0.000001 -34.156866
vn 0.000000 -0.000001 34.156866
vn 0.000000 -0.000001 34.156866
vn 0.000000 -0.000001 34.156866
vn 0.000000 34.156866 0.000001
vn 0.000000 34.156866 0.000001
vn 0.000000 34.156866 0.000001
vn 0.000000 34.156866 0.000001
vn -34.156866 0.000000 0.000000
vn -34.156866 0.000000 0.000000
vn -34.156866 0.000000 0.000000
vn -34.156866 0.000000 0.000000
vn -25.032645 23.239153 0.000001
vn -25.032645 23.239153 0.000001
vn -25.032645 23.239153 0.000001
vn -25.032645 23.239153 0.000001
vn 0.000000 0.000001 -34.156866
vn 0.000000 0.000001 -34.156866
vn 0.000000 0.000001 -34.156866
vn 2.032354 7.293331 33.307182
vn 2.032353 7.293331 33.307180
vn 2.032353 7.293331 33.307182
vn -23.040487 25.122814 2.161378
vn -23.040489 25.122816 2.161378
vn -23.040487 25.122814 2.161378
vn -23.040489 25.122814 2.161378
vn 2.032364 7.293304 -33.307189
vn 2.032364 7.293303 -33.307187
vn 2.032364 7.293303 -33.307187
vn 0.000000 -0.000001 34.156866
vn 0.000000 -0.000001 34.156866
vn 0.000000 -0.000001 34.156866
vn 0.000000 0.000001 -34.156866
vn 0.000000 0.000001 -34.156866
vn 0.000000 0.000001 -34.156866
vn 0.000000 0.000001 -34.156866
vn 0.768682 -34.148215 -0.000001
vn 0.768682 -34.148215 -0.000001
vn 0.768682 -34.148215 -0.000001
vn 0.768682 -34.148215 -0.000001
vn -23.040501 25.122802 -2.161409
vn -23.040497 25.122802 -2.161409
vn -23.040499 25.122802 -2.161409
vn -23.040499 25.122802 -2.161409
vn 0.000000 32.486243 -10.551561
vn 0.000000 32.486243 -10.551561
vn 0.000000 32.486243 -10.551561
vn 0.000000 32.486243 -10.551561
vn -0.025897 11.001011 32.336799
vn -0.025897 11.001011 32.336797
vn -0.025897 11.001011 32.336799
vn -0.025897 11.001011 32.336797
vn -10.228319 31.502288 8.347380
vn -10.228319 31.502288 8.347381
vn -10.228319 31.502290 8.347381
vn -10.228319 31.502290 8.347381
vn -10.228319 31.502291 -8.347378
vn -10.228319 31.502291 -8.347378
vn -10.228319 31.502288 -8.347378
vn -10.228319 31.502288 -8.347378
vn 0.713832 -34.149404 -0.000001
vn 0.713832 -34.149404 -0.000001
vn 0.713832 -34.149404 -0.000001
vn 0.713832 -34.149404 -0.000001
vn 0.000000 -34.156866 -0.000001
vn 0.000000 -34.156866 -0.000001
vn 0.000000 -34.156866 -0.000001
vn 0.000000 -34.156866 -0.000001
vn 0.000000 -0.000001 34.156866
vn 0.000000 -0.000001 34.156866
vn 0.000000 -0.000001 34.156866
vn 0.000000 -0.000001 34.156866
vn -25.728364 -22.466483 -0.000001
vn -25.728364 -22.466483 -0.000001
vn -25.728364 -22.466483 -0.000001
vn -25.728364 -22.466483 -0.000001
vn 0.000000 0.000001 -34.156864
vn 0.000000 0.000001 -34.156864
vn 0.000000 0.000001 -34.156866
vn 0.000000 0.000001 -34.156866
vn 27.913923 -19.685130 -0.000001
vn 27.913923 -19.685130 -0.000001
vn 27.913923 -19.685130 -0.000001
vn 27.913923 -19.685130 -0.000001
vn 0.000000 -0.000001 34.156866
vn 0.000000 -0.000001 34.156866
vn 0.000000 -0.000001 34.156866
vn 0.000000 -0.000001 34.156866
vn 0.000000 -0.000001 34.156864
vn 0.000000 -0.000001 34.156866
vn 0.000000 0.000001 -34.156866
vn 0.000000 0.000001 -34.156866
vn 0.000000 0.000001 -34.156866
vn 34.156866 0.000000 0.000000
vn 34.156866 0.000000 0.000000
vn 34.156864 0.000000 0.000000
vn 34.156866 0.000000 0.000000
vn 34.156866 0.000000 0.000000
vn 34.156866 0.000000 0.000000
vn 34.156866 0.000000 0.000000
vn 34.156866 0.000087 -0.000000
vn 34.156866 0.000087 -0.000000
vn 34.156866 0.000087 -0.000000
vn 34.156866 0.000087 -0.000000
vn 34.156866 0.000000 0.000000
vn 34.156866 0.000000 0.000000
vn 34.156866 0.000000 0.000000
vn 34.156866 0.000000 0.000000
vn -19.244297 28.219647 -0.000066
vn -19.244297 28.219647 -0.000066
vn -19.244299 28.219645 -0.000066
vn -0.025898 11.001003 -32.336802
vn -0.025898 11.001002 -32.336800
vn -0.025898 11.001003 -32.336802
vn -0.025898 11.001002 -32.336800
vn 0.000000 0.000001 -34.156866
vn 0.000000 0.000001 -34.156866
vn 0.000000 0.000001 -34.156866
vn 0.000000 -0.000001 34.156866
vn 0.000000 -0.000001 34.156866
vn 0.000000 -0.000001 34.156866
vn 0.000000 -0.000001 34.156866
vn 0.000000 -0.000001 34.156866
vn 0.000000 -0.000001 34.156866
vn 0.000000 -0.000001 34.156866
vn 0.000000 0.000001 -34.156866
vn 0.000000 0.000001 -34.156866
vn 0.000000 0.000001 -34.156866
vn 0.000000 -0.000001 34.156866
vn 0.000000 -0.000001 34.156864
vn 0.000000 -0.000001 34.156866
vn 0.000000 0.000001 -34.156866
vn 0.000000 0.000001 -34.156866
vn 0.000000 0.000001 -34.156866
vn -0.617164 -12.146296 -31.918306
vn -0.617164 -12.146295 -31.918306
vn -0.617164 -12.146295 -31.918304
vn -0.147468 11.257125 -32.248206
vn -0.147468 11.257127 -32.248210
vn -0.147468 11.257127 -32.248208
vn -0.147468 11.257127 -32.248208
vn -0.057402 31.831065 -12.388356
vn -0.057402 31.831065 -12.388356
vn -0.057402 31.831065 -12.388356
vn -0.057402 31.831065 -12.388356
vn 0.000000 31.556827 13.071270
vn 0.000000 31.556827 13.071270
vn 0.000000 31.556827 13.071270
vn 0.000000 31.556827 13.071270
vn 0.000000 13.071262 31.556829
vn 0.000000 13.071262 31.556829
vn 0.000000 13.071263 31.556831
vn 0.000000 13.071262 31.556831
vn 0.000000 -13.071261 31.556830
vn 0.000000 -13.071261 31.556830
vn 0.000000 -13.071261 31.556832
vn 0.000000 -13.071260 31.556832
vn 0.000000 -31.556829 13.071267
vn 0.000000 -31.556829 13.071267
vn 0.000000 -31.556829 13.071267
vn 0.000000 -31.556829 13.071267
vn -0.071102 -31.233344 -13.826229
vn -0.071102 -31.233346 -13.826230
vn -0.071102 -31.233344 -13.826229
vn -0.071102 -31.233344 -13.826229
vn 0.000000 -13.071272 -31.556829
vn 0.000000 -13.071272 -31.556827
vn 0.000000 -13.071271 -31.556827
vn 0.000000 -13.071271 -31.556827
vn 0.000000 13.071260 -31.556834
vn 0.000000 13.071260 -31.556834
vn 0.000000 13.071260 -31.556834
vn 0.000000 13.071260 -31.556834
vn 0.000000 13.071260 31.556829
vn 0.000000 13.071260 31.556829
vn 0.000000 13.071260 31.556829
vn 0.000000 13.071260 31.556829
vn 0.000000 -13.071278 31.556821
vn 0.000000 -13.071278 31.556825
vn 0.000000 -13.071278 31.556823
vn 0.000000 -31.556825 13.071277
vn 0.000000 -31.556825 13.071276
vn 0.000000 -31.556827 13.071279
vn 0.000000 -31.556827 13.071279
vn 0.000000 -31.556823 -13.071279
vn 0.000000 -31.556823 -13.071280
vn 0.000000 -31.556825 -13.071282
vn 0.000000 -31.556825 -13.071282
vn -34.156866 0.000000 0.000000
vn -34.156866 0.000000 0.000000
vn -34.156866 0.000000 0.000000
vn -34.156866 0.000000 0.000000
vn -34.156866 0.000000 0.000000
vn -34.156866 0.000000 0.000000
vn -34.156866 0.000000 0.000000
vn -34.156864 0.000000 0.000000
vn -34.156864 0.000000 0.000000
vn -34.156866 0.000000 0.000000
vn -34.156866 0.000000 0.000000
vn -34.156866 0.000000 0.000000
vn -34.156866 0.000000 0.000000
vn -34.156866 0.000000 0.000000
vn -34.156866 0.000000 0.000000
vn -34.156866 0.000000 0.000000
vn -34.156866 0.000000 0.000000
vn -34.156866 0.000000 0.000000
vn 34.156866 0.000000 0.000000
vn 34.156866 0.000000 0.000000
vn 34.156866 0.000000 0.000000
vn 34.156866 0.000000 0.000000
vn 34.156866 0.000000 0.000000
vn 34.156866 0.000000 0.000000
vn 34.156866 0.000000 0.000000
vn 7.814861 32.833259 -5.253245
vn 7.814861 32.833259 -5.253244
vn 7.814861 32.833257 -5.253244
vn 7.814861 32.833259 -5.253244
vn 0.635603 14.747780 -30.802442
vn 0.635603 14.747781 -30.802444
vn 0.635603 14.747779 -30.802440
vn 0.635603 14.747780 -30.802442
vn 0.635603 14.747781 30.802445
vn 0.635603 14.747779 30.802443
vn 0.635603 14.747778 30.802443
vn 0.635603 14.747779 30.802441
vn 7.814863 32.833259 5.253249
vn 7.814863 32.833259 5.253249
vn 7.814863 32.833259 5.253249
vn 7.814862 32.833257 5.253248
vn 31.614717 12.279201 -4.052434
vn 31.614719 12.279202 -4.052435
vn 31.614717 12.279201 -4.052434
vn 31.614721 12.279203 -4.052435
vn 31.492245 12.504342 4.309447
vn 31.492245 12.504342 4.309447
vn 31.492245 12.504343 4.309447
vn 31.492245 12.504342 4.309447
vn -0.058879 -7.428871 33.339163
vn -0.058879 -7.428871 33.339161
vn -0.058879 -7.428871 33.339163
vn -0.058879 -7.428872 33.339165
vn -0.058879 -7.428866 -33.339162
vn -0.058879 -7.428867 -33.339164
vn -0.058879 -7.428867 -33.339166
vn -0.058879 -7.428866 -33.339164
vn 23.149909 24.520772 -5.431854
vn 23.149907 24.520772 -5.431854
vn 23.149909 24.520772 -5.431853
vn 23.149907 24.520772 -5.431853
vn 23.149907 24.520771 5.431855
vn 23.149905 24.520771 5.431855
vn 23.149907 24.520773 5.431855
vn 23.149905 24.520771 5.431855
vn 0.259504 6.535468 33.524796
vn 0.259504 6.535467 33.524794
vn 0.259504 6.535467 33.524794
vn 0.259506 6.535479 -33.524791
vn 0.259506 6.535480 -33.524791
vn 0.259506 6.535480 -33.524793
vn 13.483415 31.129074 -3.983670
vn 13.483417 31.129078 -3.983671
vn 13.483416 31.129078 -3.983671
vn 13.483417 31.129076 -3.983670
vn 13.483417 31.129076 3.983673
vn 13.483415 31.129073 3.983672
vn 13.483418 31.129076 3.983673
vn 13.483416 31.129073 3.983673
vn 30.040441 15.748270 4.031808
vn 30.040441 15.748270 4.031808
vn 30.040439 15.748269 4.031808
vn 30.040439 15.748268 4.031808
vn 30.040441 15.748270 -4.031806
vn 30.040441 15.748270 -4.031806
vn 30.040439 15.748269 -4.031806
vn 30.040439 15.748269 -4.031806
vn -34.156866 0.000000 0.000000
vn -34.156866 0.000000 0.000000
vn -34.156866 0.000000 0.000000
vn -34.156866 0.000000 0.000000
vn -34.156866 0.000000 0.000000
vn -34.156866 0.000000 0.000000
vn -34.156752 -0.086635 0.019449
vn -34.156750 -0.086635 0.019449
vn -34.156752 -0.086635 0.019449
vn -34.156750 -0.086635 0.019449
vn -34.156752 -0.086635 -0.019449
vn -34.156748 -0.086635 -0.019449
vn -34.156748 -0.086635 -0.019449
vn -34.156752 -0.086635 -0.019449
vn -0.617162 -12.146297 31.918301
vn -0.617163 -12.146298 31.918305
vn -0.617163 -12.146299 31.918305
vn -0.148370 -14.638021 -30.860943
vn -0.148370 -14.638021 -30.860941
vn -0.148370 -14.638021 -30.860943
vn -0.148370 -14.638021 -30.860941
vn 34.156864 0.000000 0.000000
vn 34.156864 0.000000 0.000000
vn 34.156866 0.000000 0.000000
vn 34.156866 0.000000 0.000000
vn 34.156866 0.000000 0.000000
vn 34.156866 0.000000 0.000000
vn 34.156866 0.000000 0.000000
vn 0.000000 -34.156866 -0.000001
vn 0.000000 -34.156866 -0.000001
vn 0.000000 -34.156866 -0.000001
vn 0.000000 -34.156866 -0.000001
vn 0.000000 -34.156866 -0.000001
vn 0.000000 -34.156866 -0.000001
vn 0.000000 -34.156866 -0.000001
vn 0.000000 -34.156866 -0.000001
vn 0.000000 -13.071277 31.556825
vn 0.000000 -13.071275 31.556823
vn 0.000000 -13.071275 31.556825
vn 0.000000 -13.071275 31.556825
vn 0.000000 -13.071271 -31.556827
vn 0.000000 -13.071273 -31.556827
vn 0.000000 -13.071272 -31.556825
vn -27.869726 -19.337291 4.004887
vn -27.869724 -19.337289 4.004887
vn -27.869722 -19.337289 4.004886
vn -27.869722 -19.337289 4.004886
vn 29.867605 -16.571578 0.018712
vn 29.867607 -16.571580 0.018712
vn 29.867607 -16.571580 0.018712
vn 29.867607 -16.571580 0.018712
vn 0.000000 -0.000001 34.156866
vn 0.000000 -0.000001 34.156866
vn 0.000000 -0.000001 34.156866
vn 0.000000 -0.000001 34.156866
vn -27.869726 -19.337291 -4.004889
vn -27.869726 -19.337291 -4.004889
vn -27.869722 -19.337289 -4.004889
vn -27.869722 -19.337289 -4.004889
vn 0.000000 0.000001 -34.156866
vn 0.000000 0.000001 -34.156866
vn 0.000000 0.000001 -34.156866
vn 0.000000 0.000001 -34.156866
vn 29.867605 -16.571579 -0.018713
vn 29.867605 -16.571577 -0.018713
vn 29.867607 -16.571578 -0.018713
vn 29.867607 -16.571578 -0.018713
vn 0.000000 -13.071279 -31.556827
vn 0.000000 -13.071279 -31.556827
vn 0.000000 -13.071279 -31.556827
vn 0.000000 -13.071279 -31.556827
vn 0.000000 13.071269 -31.556827
vn 0.000000 13.071269 -31.556827
vn 0.000000 13.071269 -31.556827
vn 0.000000 13.071269 -31.556827
vn 0.000000 31.556820 -13.071291
vn 0.000000 31.556820 -13.071291
vn 0.000000 31.556820 -13.071291
vn 0.000000 31.556820 -13.071291
vn 0.000000 31.556819 13.071294
vn 0.000000 31.556819 13.071294
vn 0.000000 31.556819 13.071294
vn 0.000000 31.556819 13.071294
vn 0.000000 13.071270 31.556827
vn 0.000000 13.071270 31.556827
vn 0.000000 13.071270 31.556827
vn 0.000000 13.071270 31.556827
vn 0.000000 -13.071284 31.556819
vn 0.000000 -13.071284 31.556819
vn 0.000000 -13.071284 31.556819
vn 0.000000 -13.071284 31.556819
vn 0.000000 -31.556806 13.071322
vn 0.000000 -31.556806 13.071322
vn 0.000000 -31.556806 13.071322
vn 0.000000 -31.556806 13.071322
vn 0.000000 -31.556805 -13.071325
vn 0.000000 -31.556805 -13.071325
vn 0.000000 -31.556805 -13.071325
vn 0.000000 -31.556805 -13.071325
vn 34.156866 0.000000 0.000000
vn 34.156866 0.000000 0.000000
vn 34.156866 0.000000 0.000000
vn 34.156866 0.000000 0.000000
vn 34.156866 0.000000 0.000000
vn 34.156866 0.000000 0.000000
vn 34.156866 0.000000 0.000000
vn 34.156866 0.000000 0.000000
vn 34.156866 0.000000 0.000000
vn 34.156866 0.000000 0.000000
vn 34.156864 0.000000 0.000000
vn 34.156866 0.000000 0.000000
vn 34.156866 0.000000 0.000000
vn 34.156866 0.000000 0.000000
vn 34.156866 0.000000 0.000000
vn 34.156866 0.000000 0.000000
vn 34.156866 0.000000 0.000000
vn 34.156866 0.000000 0.000000
vn 34.156866 0.000000 0.000000
vn 34.156866 0.000000 0.000000
vn 34.156864 0.000000 0.000000
vn 34.156866 0.000000 0.000000
vn 34.156866 0.000000 0.000000
vn 34.156864 0.000000 0.000000
vn 0.000000 -0.000001 34.156866
vn 0.000000 -0.000001 34.156866
vn 0.000000 -0.000001 34.156866
vn 0.000000 -0.000001 34.156866
vn 0.000000 -0.000001 34.156866
vn 0.000000 -0.000001 34.156866
vn 0.000000 -0.000001 34.156866
vn 0.000000 -0.000001 34.156866
vn 0.000000 -0.000001 34.156866
vn 0.000000 -0.000001 34.156864
vn 0.000000 -0.000001 34.156864
vn 0.000000 -0.000001 34.156866
vn 0.000000 -0.000001 34.156866
vn 0.000000 -0.000001 34.156864
vn 0.000000 -0.000001 34.156866
vn 0.000000 -0.000001 34.156866
vn 0.000000 -0.000001 34.156866
vn 0.000000 -0.000001 34.156866
vn 0.000000 -0.000001 34.156866
vn 0.000000 0.000001 -34.156866
vn 0.000000 0.000001 -34.156866
vn 0.000000 0.000001 -34.156866
vn 0.000000 0.000001 -34.156866
vn 0.000000 0.000001 -34.156866
vn 0.000000 0.000001 -34.156864
vn 0.000000 0.000001 -34.156866
vn 0.000000 0.000001 -34.156866
vn 0.000000 0.000001 -34.156864
vn 0.000000 0.000001 -34.156864
vn 0.000000 0.000001 -34.156864
vn 0.000000 0.000001 -34.156866
vn 0.000000 0.000001 -34.156866
vn 0.000000 0.000001 -34.156866
vn 0.000000 0.000001 -34.156866
vn 0.000000 0.000001 -34.156866
vn 0.000000 0.000001 -34.156866
vn 0.000000 0.000001 -34.156866
vn 0.000000 0.000001 -34.156866
vn 33.469918 6.815867 0.000000
vn 33.469918 6.815867 0.000000
vn 33.469918 6.815867 0.000000
vn 33.469918 6.815867 0.000000
vn 18.217391 28.893219 0.000001
vn 18.217391 28.893219 0.000001
vn 18.217391 28.893219 0.000001
vn 18.217391 28.893219 0.000001
vn 29.004097 18.040334 0.000001
vn 29.004097 18.040334 0.000001
vn 29.004097 18.040334 0.000001
vn 29.004097 18.040334 0.000001
vn 34.152894 0.520820 0.000000
vn 34.152894 0.520820 0.000000
vn 34.152894 0.520820 0.000000
vn 34.152894 0.520820 0.000000
vn 26.308264 -21.784552 -0.000001
vn 26.308264 -21.784552 -0.000001
vn 26.308264 -21.784552 -0.000001
vn 26.308264 -21.784552 -0.000001
vn -11.287410 -32.237957 -0.000001
vn -11.287410 -32.237957 -0.000001
vn -11.287410 -32.237957 -0.000001
vn -11.287410 -32.237957 -0.000001
vn -26.498245 -21.553063 -0.000001
vn -26.498245 -21.553063 -0.000001
vn -26.498245 -21.553063 -0.000001
vn -26.498245 -21.553063 -0.000001
vn -31.959801 -12.052494 -0.000001
vn -31.959801 -12.052494 -0.000001
vn -31.959801 -12.052494 -0.000001
vn -31.959801 -12.052494 -0.000001
vn -34.155500 -0.305595 -0.000000
vn -34.155500 -0.305595 -0.000000
vn -34.155500 -0.305595 -0.000000
vn -34.155500 -0.305595 -0.000000
vn -32.662012 -9.994222 -0.000000
vn -32.662012 -9.994222 -0.000000
vn -32.662012 -9.994222 -0.000000
vn -32.662012 -9.994222 -0.000000
vn 20.076916 27.633477 0.000001
vn 20.076916 27.633477 0.000001
vn 20.076916 27.633477 0.000001
vn 20.076916 27.633477 0.000001
vn 0.000000 34.156866 0.000001
vn 0.000000 34.156866 0.000001
vn 0.000000 34.156866 0.000001
vn 0.000000 34.156866 0.000001
vn 0.000000 -34.156866 -0.000001
vn 0.000000 -34.156866 -0.000001
vn 0.000000 -34.156866 -0.000001
vn 0.000000 -34.156866 -0.000001
vn 20.076916 -27.633477 -0.000001
vn 20.076916 -27.633477 -0.000001
vn 20.076916 -27.633477 -0.000001
vn 20.076916 -27.633477 -0.000001
vn 32.485121 -10.555024 -0.000000
vn 32.485121 -10.555024 -0.000000
vn 32.485121 -10.555024 -0.000000
vn 32.485121 -10.555024 -0.000000
vn 32.485121 10.555025 0.000000
vn 32.485121 10.555025 0.000000
vn 32.485121 10.555025 0.000000
vn 32.485121 10.555025 0.000000
vn 0.000000 0.000001 -34.156866
vn 0.000000 0.000001 -34.156866
vn 0.000000 0.000001 -34.156866
vn 0.000000 0.000001 -34.156866
vn 0.000000 0.000001 -34.156866
vn 0.000000 0.000001 -34.156866
vn 0.000000 0.000001 -34.156866
vn 0.000000 0.000001 -34.156866
vn 0.000000 0.000001 -34.156866
vn 0.000000 0.000001 -34.156866
vn 0.000000 0.000001 -34.156866
vn 0.000000 0.000001 -34.156866
vn 0.000000 0.000001 -34.156866
vn 0.000000 0.000001 -34.156866
vn 0.000000 0.000001 -34.156866
vn 0.000000 0.000001 -34.156866
vn 0.000000 0.000001 -34.156866
vn 0.000000 0.000001 -34.156866
vn 0.000000 -0.000001 34.156866
vn 0.000000 -0.000001 34.156866
vn 0.000000 -0.000001 34.156866
vn 0.000000 -0.000001 34.156866
vn 0.000000 -0.000001 34.156866
vn 0.000000 -0.000001 34.156866
vn 0.000000 -0.000001 34.156866
vn 0.000000 -0.000001 34.156866
vn 0.000000 -0.000001 34.156866
vn 0.000000 -0.000001 34.156866
vn 0.000000 -0.000001 34.156866
vn 0.000000 -0.000001 34.156866
vn 0.000000 -0.000001 34.156866
vn 0.000000 -0.000001 34.156866
vn 0.000000 -0.000001 34.156866
vn 0.000000 -0.000001 34.156866
vn 0.000000 -0.000001 34.156866
vn 0.000000 -0.000001 34.156866
vn -2.329841 34.077313 0.000001
vn -2.329841 34.077313 0.000001
vn -2.329841 34.077313 0.000001
vn -2.329841 34.077313 0.000001
vn 0.000000 0.000001 -34.156866
vn 0.000000 0.000001 -34.156866
vn 0.000000 0.000001 -34.156866
vn 0.000000 0.000001 -34.156866
vn 0.000000 0.000001 -34.156866
vn 0.000000 0.000001 -34.156866
vn 0.000000 0.000001 -34.156864
vn 0.000000 -0.000001 34.156866
vn 0.000000 -0.000001 34.156866
vn 0.000000 -0.000001 34.156866
vn 0.000000 -0.000001 34.156866
vn 0.000000 -0.000001 34.156866
vn 0.000000 -0.000001 34.156864
vn 0.000000 -0.000001 34.156866
vn -34.156866 0.000000 0.000000
vn -34.156866 0.000000 0.000000
vn -34.156866 0.000000 0.000000
vn -34.156866 0.000000 0.000000
vn 13.071205 31.556850 0.000001
vn 13.071205 31.556850 0.000001
vn 13.071205 31.556850 0.000001
vn 13.071205 31.556850 0.000001
vn -13.071264 31.556828 0.000001
vn -13.071264 31.556828 0.000001
vn -13.071264 31.556828 0.000001
vn -13.071264 31.556828 0.000001
vn -31.556901 13.071091 0.000001
vn -31.556901 13.071091 0.000001
vn -31.556901 13.071091 0.000001
vn -31.556901 13.071091 0.000001
vn 31.556901 13.071091 0.000001
vn 31.556901 13.071091 0.000001
vn 31.556901 13.071091 0.000001
vn 31.556901 13.071091 0.000001
vn 0.000000 0.000001 -34.156866
vn 0.000000 0.000001 -34.156866
vn 0.000000 0.000001 -34.156864
vn 0.000000 0.000001 -34.156866
vn 0.000000 0.000001 -34.156866
vn 0.000000 0.000001 -34.156866
vn 0.000000 0.000001 -34.156864
vn 0.000000 0.000001 -34.156866
vn 0.000000 0.000001 -34.156866
vn 0.000000 0.000001 -34.156866
vn 0.000000 0.000001 -34.156864
vn 0.000000 0.000001 -34.156866
vn 0.000000 -0.000001 34.156866
vn 0.000000 -0.000001 34.156866
vn 0.000000 -0.000001 34.156864
vn 0.000000 -0.000001 34.156866
vn 0.000000 -0.000001 34.156866
vn 0.000000 -0.000001 34.156866
vn 0.000000 -0.000001 34.156866
vn 0.000000 -0.000001 34.156864
vn 0.000000 -0.000001 34.156866
vn 0.000000 -0.000001 34.156864
vn 0.000000 -0.000001 34.156866
vn 0.000000 -0.000001 34.156866
vn -34.156866 0.000000 0.000000
vn -34.156866 0.000000 0.000000
vn -34.156866 0.000000 0.000000
vn -34.156866 0.000000 0.000000
vn 34.156866 0.000000 0.000000
vn 34.156866 0.000000 0.000000
vn 34.156866 0.000000 0.000000
vn 34.156866 0.000000 0.000000
vn 0.000000 0.000001 -34.156866
vn 0.000000 0.000001 -34.156866
vn 0.000000 0.000001 -34.156866
vn 0.000000 0.000001 -34.156866
vn 0.000000 0.000001 -34.156866
vn 0.000000 0.000001 -34.156866
vn 0.000000 0.000001 -34.156866
vn 0.000000 0.000001 -34.156866
vn 0.000000 -0.000001 34.156866
vn 0.000000 -0.000001 34.156866
vn 0.000000 -0.000001 34.156866
vn 0.000000 -0.000001 34.156866
vn 0.000000 -0.000001 34.156866
vn 0.000000 -0.000001 34.156866
vn 0.000000 -0.000001 34.156866
vn 0.000000 -0.000001 34.156866
vn 0.000000 -0.000001 34.156866
vn 0.000000 -0.000001 34.156866
vn 0.000000 -0.000001 34.156866
vn 0.000000 -0.000001 34.156866
vn 0.000000 34.156866 0.000001
vn 0.000000 34.156866 0.000001
vn 0.000000 34.156866 0.000001
vn 0.000000 34.156866 0.000001
vn 0.000000 0.000001 -34.156866
vn 0.000000 0.000001 -34.156866
vn 0.000000 0.000001 -34.156866
vn 0.000000 0.000001 -34.156866
vn 0.000000 -34.156866 -0.000001
vn 0.000000 -34.156866 -0.000001
vn 0.000000 -34.156866 -0.000001
vn 0.000000 -34.156866 -0.000001
vn 19.812323 27.823789 0.000001
vn 19.812323 27.823789 0.000001
vn 19.812323 27.823789 0.000001
vn 19.812323 27.823789 0.000001
vn 33.606845 -6.105030 -0.000000
vn 33.606845 -6.105030 -0.000000
vn 33.606845 -6.105030 -0.000000
vn 33.606845 -6.105030 -0.000000
vn 0.000000 0.000001 -34.156866
vn 0.000000 0.000001 -34.156866
vn 0.000000 0.000001 -34.156866
vn 0.000000 0.000001 -34.156866
vn -34.156866 0.000000 0.000000
vn -34.156866 0.000000 0.000000
vn -34.156866 0.000000 0.000000
vn -34.156866 0.000000 0.000000
vn 0.000000 -0.000001 34.156866
vn 0.000000 -0.000001 34.156866
vn 0.000000 -0.000001 34.156866
vn 0.000000 -0.000001 34.156866
vn 13.071211 31.556853 0.000001
vn 13.071211 31.556853 0.000001
vn 13.071211 31.556853 0.000001
vn 13.071211 31.556853 0.000001
vn -13.071176 31.556867 0.000001
vn -13.071176 31.556867 0.000001
vn -13.071176 31.556867 0.000001
vn -13.071176 31.556867 0.000001
vn -31.556828 13.071261 0.000001
vn -31.556828 13.071261 0.000001
vn -31.556828 13.071261 0.000001
vn -31.556828 13.071261 0.000001
vn -31.556828 -13.071261 -0.000001
vn -31.556828 -13.071261 -0.000001
vn -31.556828 -13.071261 -0.000001
vn -31.556828 -13.071261 -0.000001
vn -13.071349 -31.556793 -0.000001
vn -13.071349 -31.556793 -0.000001
vn -13.071349 -31.556793 -0.000001
vn -13.071349 -31.556793 -0.000001
vn 13.071349 -31.556793 -0.000001
vn 13.071349 -31.556793 -0.000001
vn 13.071349 -31.556793 -0.000001
vn 13.071349 -31.556793 -0.000001
vn 31.556828 -13.071261 -0.000001
vn 31.556828 -13.071261 -0.000001
vn 31.556828 -13.071261 -0.000001
vn 31.556828 -13.071261 -0.000001
vn 31.556793 13.071349 0.000001
vn 31.556793 13.071349 0.000001
vn 31.556793 13.071349 0.000001
vn 31.556793 13.071349 0.000001
vn 0.000000 0.000001 -34.156866
vn 0.000000 0.000001 -34.156866
vn 0.000000 0.000001 -34.156866
vn 0.000000 0.000001 -34.156866
vn 0.000000 0.000001 -34.156866
vn 0.000000 0.000001 -34.156866
vn 0.000000 0.000001 -34.156866
vn 0.000000 0.000001 -34.156866
vn 0.000000 0.000001 -34.156866
vn 0.000000 0.000001 -34.156866
vn 0.000000 0.000001 -34.156866
vn 0.000000 0.000001 -34.156864
vn 0.000000 0.000001 -34.156866
vn 0.000000 0.000001 -34.156866
vn 0.000000 0.000001 -34.156866
vn 0.000000 0.000001 -34.156866
vn 0.000000 0.000001 -34.156866
vn 0.000000 0.000001 -34.156866
vn 0.000000 0.000001 -34.156866
vn 0.000000 0.000001 -34.156866
vn 0.000000 0.000001 -34.156866
vn 0.000000 0.000001 -34.156866
vn 0.000000 0.000001 -34.156866
vn 0.000000 0.000001 -34.156864
vn 0.000000 -0.000001 34.156866
vn 0.000000 -0.000001 34.156866
vn 0.000000 -0.000001 34.156866
vn 0.000000 -0.000001 34.156866
vn 0.000000 -0.000001 34.156866
vn 0.000000 -0.000001 34.156866
vn 0.000000 -0.000001 34.156866
vn 0.000000 -0.000001 34.156866
vn 0.000000 -0.000001 34.156864
vn 0.000000 -0.000001 34.156866
vn 0.000000 -0.000001 34.156866
vn 0.000000 -0.000001 34.156866
vn 0.000000 -0.000001 34.156866
vn 0.000000 -0.000001 34.156866
vn 0.000000 -0.000001 34.156866
vn 0.000000 -0.000001 34.156866
vn 0.000000 -0.000001 34.156866
vn 0.000000 -0.000001 34.156866
vn 0.000000 -0.000001 34.156866
vn 0.000000 -0.000001 34.156866
vn 0.000000 -0.000001 34.156864
vn 0.000000 -0.000001 34.156866
vn 0.000000 -0.000001 34.156866
vn 0.000000 -0.000001 34.156866
vn 0.000000 -0.000001 34.156866
vn 0.000000 -0.000001 34.156866
vn 0.000000 -0.000001 34.156866
vn 0.000000 -0.000001 34.156866
vn 0.000000 0.000001 -34.156866
vn 0.000000 0.000001 -34.156866
vn 0.000000 0.000001 -34.156866
vn 0.000000 0.000001 -34.156866
vn 0.000000 -34.156866 -0.000001
vn 0.000000 -34.156866 -0.000001
vn 0.000000 -34.156866 -0.000001
vn 0.000000 -34.156866 -0.000001
vn 34.156866 0.000000 0.000000
vn 34.156866 0.000000 0.000000
vn 34.156866 0.000000 0.000000
vn 34.156866 0.000000 0.000000
vn -34.156866 0.000000 0.000000
vn -34.156866 0.000000 0.000000
vn -34.156866 0.000000 0.000000
vn -34.156866 0.000000 0.000000
vn 33.118903 -8.356423 -0.000000
vn 33.118903 -8.356423 -0.000000
vn 33.118903 -8.356423 -0.000000
vn 33.118903 -8.356423 -0.000000
vn 24.866965 -23.416350 -0.000001
vn 24.866965 -23.416350 -0.000001
vn 24.866965 -23.416350 -0.000001
vn 24.866965 -23.416350 -0.000001
vn 8.632877 -33.047917 -0.000001
vn 8.632877 -33.047917 -0.000001
vn 8.632877 -33.047917 -0.000001
vn 8.632877 -33.047917 -0.000001
vn 0.000000 -0.000001 34.156864
vn 0.000000 -0.000001 34.156866
vn 0.000000 -0.000001 34.156866
vn 0.000000 -0.000001 34.156866
vn 0.000000 0.000001 -34.156866
vn 0.000000 0.000001 -34.156866
vn 0.000000 0.000001 -34.156866
vn 0.000000 0.000001 -34.156866
vn 0.000000 -34.156866 -0.000001
vn 0.000000 -34.156866 -0.000001
vn 0.000000 -34.156866 -0.000001
vn 0.000000 -34.156866 -0.000001
vn 0.000000 -5.705804 -33.676925
vn 0.000000 -5.705804 -33.676925
vn 0.000000 -5.705804 -33.676925
vn 0.000000 -5.705804 -33.676925
vn 34.119230 -1.602988 -0.000000
vn 34.119230 -1.602988 -0.000000
vn 34.119232 -1.602988 -0.000000
vn 34.119232 -1.602988 -0.000000
vn 0.000000 -5.705807 33.676925
vn 0.000000 -5.705807 33.676925
vn 0.000000 -5.705807 33.676925
vn 0.000000 -5.705807 33.676925
vn -34.148174 -0.770550 -0.000000
vn -34.148174 -0.770550 -0.000000
vn -34.148172 -0.770551 -0.000000
vn -34.148172 -0.770551 -0.000000
vn 0.000000 0.000001 -34.156866
vn 0.000000 0.000001 -34.156866
vn 0.000000 0.000001 -34.156866
vn 0.000000 0.000001 -34.156866
vn 0.000000 -0.000001 34.156866
vn 0.000000 -0.000001 34.156866
vn 0.000000 -0.000001 34.156866
vn 0.000000 -0.000001 34.156866
vn 16.823967 -29.726176 -0.000001
vn 16.823967 -29.726176 -0.000001
vn 16.823967 -29.726176 -0.000001
vn 16.823967 -29.726176 -0.000001
vn 0.000000 0.000001 -34.156866
vn 0.000000 0.000001 -34.156864
vn 0.000000 0.000001 -34.156866
vn 0.000000 0.000001 -34.156864
vn -20.657982 27.201822 0.000001
vn -20.657982 27.201822 0.000001
vn -20.657982 27.201822 0.000001
vn -20.657982 27.201822 0.000001
vn 0.000000 -0.000001 34.156864
vn 0.000000 -0.000001 34.156866
vn 0.000000 -0.000001 34.156864
vn 0.000000 -0.000001 34.156866
vn 23.715093 -24.582225 -0.000001
vn 23.715093 -24.582225 -0.000001
vn 23.715093 -24.582225 -0.000001
vn 23.715093 -24.582225 -0.000001
vn 0.000000 0.000001 -34.156866
vn 0.000000 0.000001 -34.156866
vn 0.000000 0.000001 -34.156866
vn 0.000000 -0.000001 34.156866
vn 0.000000 -0.000001 34.156866
vn 0.000000 -0.000001 34.156866
vn 28.918420 -18.177365 -0.000001
vn 28.918420 -18.177365 -0.000001
vn 28.918420 -18.177365 -0.000001
vn 28.918420 -18.177365 -0.000001
vn 0.000000 0.000001 -34.156866
vn 0.000000 0.000001 -34.156866
vn 0.000000 0.000001 -34.156866
vn 0.000000 0.000001 -34.156866
vn -27.403271 20.390000 0.000001
vn -27.403271 20.390000 0.000001
vn -27.403271 20.390000 0.000001
vn -27.403271 20.390000 0.000001
vn 0.000000 -0.000001 34.156866
vn 0.000000 -0.000001 34.156866
vn 0.000000 -0.000001 34.156866
vn 0.000000 -0.000001 34.156866
vn 33.560662 -6.354001 -0.000000
vn 33.560662 -6.354001 -0.000000
vn 33.560662 -6.354001 -0.000000
vn 33.560662 -6.354001 -0.000000
vn 0.000000 0.000001 -34.156866
vn 0.000000 0.000001 -34.156866
vn 0.000000 0.000001 -34.156866
vn 0.000000 -0.000001 34.156866
vn 0.000000 -0.000001 34.156866
vn 0.000000 -0.000001 34.156866
vn 34.156715 -0.102029 -0.000000
vn 34.156715 -0.102029 -0.000000
vn 34.156715 -0.102029 -0.000000
vn 34.156715 -0.102029 -0.000000
vn 0.000000 0.000001 -34.156866
vn 0.000000 0.000001 -34.156866
vn 0.000000 0.000001 -34.156866
vn 0.000000 0.000001 -34.156866
vn -34.140232 1.065733 0.000000
vn -34.140232 1.065733 0.000000
vn -34.140232 1.065733 0.000000
vn -34.140232 1.065733 0.000000
vn 0.000000 -0.000001 34.156866
vn 0.000000 -0.000001 34.156866
vn 0.000000 -0.000001 34.156866
vn 0.000000 -0.000001 34.156866
vn 0.000000 0.000001 -34.156866
vn 0.000000 0.000001 -34.156866
vn 0.000000 0.000001 -34.156866
vn 0.000000 0.000001 -34.156866
vn 0.000000 34.156866 0.000001
vn 0.000000 34.156866 0.000001
vn 0.000000 34.156866 0.000001
vn 0.000000 34.156866 0.000001
vn 0.000000 -0.000001 34.156866
vn 0.000000 -0.000001 34.156866
vn 0.000000 -0.000001 34.156866
vn 0.000000 -0.000001 34.156866
vn 0.000000 -34.156866 -0.000001
vn 0.000000 -34.156866 -0.000001
vn 0.000000 -34.156866 -0.000001
vn 0.000000 -34.156866 -0.000001
vn -16.823967 -29.726178 0.000050
vn -16.823967 -29.726178 0.000050
vn -16.823966 -29.726176 0.000050
vn -16.823967 -29.726178 0.000050
vn 0.000000 -0.000001 34.156866
vn 0.000000 -0.000001 34.156866
vn 0.000000 -0.000001 34.156866
vn 0.000000 -0.000001 34.156864
vn 20.658229 27.201636 -0.000062
vn 20.658229 27.201636 -0.000062
vn 20.658229 27.201636 -0.000062
vn 20.658229 27.201638 -0.000062
vn 0.000000 0.000001 -34.156866
vn 0.000000 0.000001 -34.156866
vn 0.000000 0.000001 -34.156866
vn 0.000000 0.000001 -34.156866
vn -23.715095 -24.582223 0.000143
vn -23.715095 -24.582223 0.000143
vn -23.715095 -24.582223 0.000143
vn -23.715095 -24.582223 0.000143
vn 0.000000 -0.000001 34.156866
vn 0.000000 -0.000001 34.156866
vn 0.000000 -0.000001 34.156866
vn 0.000000 0.000001 -34.156866
vn 0.000000 0.000001 -34.156866
vn 0.000000 0.000001 -34.156866
vn -28.918489 -18.177249 0.000131
vn -28.918491 -18.177251 0.000131
vn -28.918491 -18.177249 0.000131
vn -28.918491 -18.177249 0.000131
vn 0.000000 -0.000001 34.156866
vn 0.000000 -0.000001 34.156866
vn 0.000000 -0.000001 34.156866
vn 0.000000 -0.000001 34.156866
vn 27.403047 20.390299 -0.000083
vn 27.403049 20.390299 -0.000083
vn 27.403049 20.390299 -0.000083
vn 27.403049 20.390299 -0.000083
vn 0.000000 0.000001 -34.156866
vn 0.000000 0.000001 -34.156864
vn 0.000000 0.000001 -34.156866
vn 0.000000 0.000001 -34.156866
vn 0.000000 -0.000001 34.156866
vn 0.000000 -0.000001 34.156866
vn 0.000000 -0.000001 34.156866
vn 0.000000 0.000001 -34.156866
vn 0.000000 0.000001 -34.156866
vn 0.000000 0.000001 -34.156866
vn 0.000000 -0.000001 34.156866
vn 0.000000 -0.000001 34.156866
vn 0.000000 -0.000001 34.156866
vn 0.000000 -0.000001 34.156864
vn 34.156544 0.148003 0.000000
vn 34.156544 0.148003 0.000000
vn 34.156544 0.148003 0.000000
vn 34.156544 0.148003 0.000000
vn 0.000000 0.000001 -34.156866
vn 0.000000 0.000001 -34.156866
vn 0.000000 0.000001 -34.156864
vn 0.000000 0.000001 -34.156866
vn 13.071281 0.000001 -31.556822
vn 13.071281 0.000001 -31.556822
vn 13.071281 0.000001 -31.556822
vn 13.071281 0.000001 -31.556822
vn -13.071282 0.000001 -31.556824
vn -13.071282 0.000001 -31.556824
vn -13.071282 0.000001 -31.556824
vn -13.071282 0.000001 -31.556824
vn -31.556973 0.000001 -13.070918
vn -31.556973 0.000001 -13.070918
vn -31.556973 0.000001 -13.070918
vn -31.556973 0.000001 -13.070918
vn -31.556973 -0.000001 13.070918
vn -31.556973 -0.000001 13.070918
vn -31.556973 -0.000001 13.070918
vn -31.556973 -0.000001 13.070918
vn -13.071281 -0.000001 31.556822
vn -13.071281 -0.000001 31.556822
vn -13.071281 -0.000001 31.556822
vn -13.071281 -0.000001 31.556822
vn 13.071278 -0.000001 31.556826
vn 13.071278 -0.000001 31.556826
vn 13.071278 -0.000001 31.556826
vn 13.071278 -0.000001 31.556826
vn 31.556977 -0.000001 13.070916
vn 31.556977 -0.000001 13.070916
vn 31.556977 -0.000001 13.070916
vn 31.556977 -0.000001 13.070916
vn 31.556973 0.000001 -13.070918
vn 31.556973 0.000001 -13.070918
vn 31.556973 0.000001 -13.070918
vn 31.556973 0.000001 -13.070918
vn -5.423908 -0.000001 33.723474
vn -5.423908 -0.000001 33.723474
vn -5.423908 -0.000001 33.723474
vn -5.423908 -0.000001 33.723474
vn 5.178678 32.093922 10.481070
vn 5.178678 32.093925 10.481070
vn 5.178678 32.093920 10.481070
vn 5.178678 32.093922 10.481070
vn 5.178657 -32.093944 10.481024
vn 5.178657 -32.093944 10.481024
vn 5.178657 -32.093944 10.481023
vn 5.178657 -32.093942 10.481023
vn 33.841412 0.000000 -4.631445
vn 33.841412 0.000000 -4.631445
vn 33.841412 0.000000 -4.631445
vn 33.841414 0.000000 -4.631445
vn -29.374166 -0.000001 17.431290
vn -29.374166 -0.000001 17.431292
vn -29.374162 -0.000001 17.431290
vn -29.374164 -0.000001 17.431290
vn -31.399862 0.000001 -13.443956
vn -31.399862 0.000001 -13.443956
vn -31.399862 0.000001 -13.443956
vn -31.399862 0.000001 -13.443956
vn 0.000000 -34.156864 -0.000001
vn 0.000000 -34.156866 -0.000001
vn 0.000000 -34.156864 -0.000001
vn 0.000000 -34.156866 -0.000001
vn 32.011442 -0.000001 11.914655
vn 32.011442 -0.000001 11.914655
vn 32.011442 -0.000001 11.914655
vn 32.011442 -0.000001 11.914655
vn 0.000000 34.156866 0.000001
vn 0.000000 34.156864 0.000001
vn 0.000000 34.156866 0.000001
vn 0.000000 34.156864 0.000001
vn -33.780986 0.000000 -5.053369
vn -33.780986 0.000000 -5.053369
vn -33.780986 0.000000 -5.053369
vn -33.780986 0.000000 -5.053369
vn 0.000000 -34.156864 -0.000001
vn 0.000000 -34.156864 -0.000001
vn 0.000000 -34.156866 -0.000001
vn 0.000000 34.156866 0.000001
vn 0.000000 34.156864 0.000001
vn 0.000000 34.156864 0.000001
vn -33.716607 -0.000000 5.466432
vn -33.716607 -0.000000 5.466432
vn -33.716607 -0.000000 5.466432
vn -33.716607 -0.000000 5.466432
vn 0.000000 -34.156866 -0.000001
vn 0.000000 -34.156866 -0.000001
vn 0.000000 -34.156866 -0.000001
vn 0.000000 34.156866 0.000001
vn 0.000000 34.156866 0.000001
vn 0.000000 34.156866 0.000001
vn 0.069849 34.156792 0.005624
vn 0.069849 34.156792 0.005624
vn 0.069849 34.156794 0.005624
vn 0.069849 34.156792 0.005624
vn -31.853417 12.330886 -0.027087
vn -31.853417 12.330887 -0.027087
vn -31.853417 12.330886 -0.027087
vn -31.853413 12.330885 -0.027087
vn 31.684510 -12.758661 -0.000001
vn 31.684510 -12.758661 -0.000001
vn 31.684510 -12.758661 -0.000001
vn 31.684510 -12.758661 -0.000001
vn -31.282789 -13.397112 -2.931911
vn -31.282787 -13.397112 -2.931911
vn -31.282787 -13.397111 -2.931911
vn 32.092347 11.694988 0.000001
vn 32.092347 11.694988 0.000001
vn 32.092345 11.694988 0.000001
vn 32.092345 11.694988 0.000001
vn -34.071531 -2.412592 -0.040818
vn -34.071533 -2.412592 -0.040818
vn -34.071531 -2.412592 -0.040818
vn -34.071531 -2.412592 -0.040818
vn -34.075859 2.350996 -0.008155
vn -34.075857 2.350996 -0.008155
vn -34.075859 2.350996 -0.008155
vn -34.075859 2.350996 -0.008155
vn 26.939941 -20.998360 0.005452
vn 26.939941 -20.998362 0.005452
vn 26.939943 -20.998360 0.005452
vn 26.939939 -20.998358 0.005452
vn -34.156855 -0.007918 -0.024548
vn -34.156855 -0.007918 -0.024548
vn -34.156857 -0.007918 -0.024548
vn -34.156857 -0.007918 -0.024548
vn 0.000000 19.370858 28.132923
vn 0.000000 19.370860 28.132921
vn 0.000000 19.370858 28.132923
vn 0.000000 19.370860 28.132921
vn 0.000000 34.156866 0.000001
vn 0.000000 34.156866 0.000001
vn 0.000000 34.156866 0.000001
vn 0.000000 34.156866 0.000001
vn 1.065240 18.814373 -28.488173
vn 1.065240 18.814375 -28.488173
vn 1.065240 18.814375 -28.488175
vn 1.065240 18.814375 -28.488175
vn 1.317030 -0.068678 -34.131396
vn 1.317030 -0.068678 -34.131398
vn 1.317030 -0.068678 -34.131398
vn 1.317030 -0.068678 -34.131398
vn -0.910210 -31.972726 11.983648
vn -0.910210 -31.972726 11.983648
vn -0.910210 -31.972726 11.983648
vn -0.910210 -31.972724 11.983647
vn 0.000000 -0.000001 34.156866
vn 0.000000 -0.000001 34.156866
vn 0.000000 -0.000001 34.156866
vn 0.000000 -0.000001 34.156866
vn 2.562011 0.179638 -34.060172
vn 2.562011 0.179638 -34.060172
vn 2.562011 0.179638 -34.060172
vn 2.562011 0.179638 -34.060172
vn 0.000000 -0.000001 34.156866
vn 0.000000 -0.000001 34.156866
vn 0.000000 -0.000001 34.156866
vn 0.000000 -0.000001 34.156866
vn 2.547264 -0.176319 -34.061294
vn 2.547264 -0.176319 -34.061296
vn 2.547264 -0.176319 -34.061294
vn 2.547264 -0.176319 -34.061296
vn 0.000000 -0.000001 34.156866
vn 0.000000 -0.000001 34.156866
vn 0.000000 -0.000001 34.156866
vn 0.000000 -0.000001 34.156866
vn 2.562046 0.001188 -34.060643
vn 2.562046 0.001188 -34.060643
vn 2.562046 0.001188 -34.060643
vn 2.562046 0.001188 -34.060643
vn 10.888486 32.374872 0.000001
vn 10.888486 32.374872 0.000001
vn 10.888486 32.374872 0.000001
vn 10.888486 32.374872 0.000001
vn -0.667837 27.518292 -20.223478
vn -0.667837 27.518290 -20.223478
vn -0.667837 27.518292 -20.223478
vn 0.000000 0.000001 -34.156866
vn 0.000000 0.000001 -34.156864
vn 0.000000 0.000001 -34.156866
vn 0.000001 -0.000002 34.156866
vn 0.000001 -0.000002 34.156866
vn 0.000001 -0.000002 34.156866
vn 0.000001 -0.000002 34.156866
vn 0.000000 -0.000001 34.156866
vn 0.000000 -0.000001 34.156866
vn 0.000000 -0.000001 34.156866
vn 0.000001 -0.000005 34.156866
vn 0.000001 -0.000005 34.156866
vn 0.000001 -0.000005 34.156866
vn 0.000000 0.000001 -34.156866
vn 0.000000 0.000001 -34.156866
vn 0.000000 0.000001 -34.156866
vn 0.000000 0.000001 -34.156866
vn -15.798544 -30.283616 0.004105
vn -15.798546 -30.283618 0.004105
vn -15.798546 -30.283618 0.004105
vn -15.798547 -30.283618 0.004105
vn -26.369007 -21.710984 -0.000001
vn -26.369007 -21.710984 -0.000001
vn -26.369007 -21.710984 -0.000001
vn -26.369007 -21.710986 -0.000001
vn -30.668356 -15.038068 -0.000001
vn -30.668356 -15.038068 -0.000001
vn -30.668354 -15.038068 -0.000001
vn -30.668356 -15.038069 -0.000001
vn 0.004616 0.228347 34.156102
vn 0.004616 0.228347 34.156102
vn 0.004616 0.228347 34.156102
vn 0.004616 0.228347 34.156102
vn 0.000000 0.000001 -34.156866
vn 0.000000 0.000001 -34.156866
vn 0.000000 0.000001 -34.156866
vn 0.000000 0.000001 -34.156864
vn 0.000000 0.000001 -34.156864
vn 0.000000 0.000001 -34.156866
vn 0.000000 0.000001 -34.156866
vn -0.037169 34.153663 0.466296
vn -0.037169 34.153661 0.466296
vn -0.037169 34.153663 0.466296
vn -9.575831 32.594042 3.552960
vn -9.575829 32.594037 3.552960
vn -9.575830 32.594039 3.552960
vn 0.000000 -0.000001 34.156864
vn 0.000000 -0.000001 34.156866
vn 0.000000 -0.000001 34.156866
vn 0.000000 -0.000001 34.156866
vn 0.000000 -0.000001 34.156864
vn 0.000000 -0.000001 34.156866
vn 0.000000 -0.000001 34.156866
vn 0.000000 -0.000001 34.156866
vn -0.417250 0.071236 -34.154241
vn -0.417250 0.071236 -34.154243
vn -0.417250 0.071236 -34.154243
vn 0.000000 -0.000001 34.156866
vn 0.000000 -0.000001 34.156866
vn 0.000000 -0.000001 34.156866
vn 0.000000 -0.000001 34.156866
vn 0.000000 -0.000001 34.156866
vn 0.000000 -0.000001 34.156866
vn 0.000000 -0.000001 34.156866
vn 0.000000 -0.000001 34.156866
vn 0.000000 -0.000001 34.156866
vn 0.233823 0.622158 -34.150400
vn 0.233823 0.622158 -34.150398
vn 0.233823 0.622158 -34.150398
vn 0.000001 -0.000000 34.156866
vn 0.000001 -0.000000 34.156866
vn 0.000001 -0.000000 34.156866
vn 0.000001 -0.000000 34.156864
vn -11.063288 32.315554 0.000001
vn -11.063289 32.315556 0.000001
vn -11.063287 32.315554 0.000001
vn -11.063287 32.315554 0.000001
vn -34.149115 0.490362 0.537510
vn -34.149115 0.490362 0.537510
vn -34.149117 0.490362 0.537510
vn -34.149115 0.490362 0.537510
vn -29.399975 17.387726 0.000001
vn -29.399975 17.387726 0.000001
vn -29.399975 17.387726 0.000001
vn -29.399975 17.387726 0.000001
vn -5.163649 -33.764302 -0.000001
vn -5.163650 -33.764306 -0.000001
vn -5.163650 -33.764306 -0.000001
vn -5.163650 -33.764306 -0.000001
vn -18.405057 -28.774035 -0.000001
vn -18.405057 -28.774035 -0.000001
vn -18.405057 -28.774035 -0.000001
vn -18.405057 -28.774035 -0.000001
vn 22.764324 25.465207 -0.005259
vn 22.764324 25.465207 -0.005259
vn 22.764328 25.465207 -0.005259
vn 22.764328 25.465209 -0.005259
vn 32.238743 11.285163 0.002564
vn 32.238741 11.285163 0.002564
vn 32.238745 11.285164 0.002564
vn 32.238745 11.285164 0.002564
vn -0.720331 -34.139727 -0.807110
vn -0.720331 -34.139727 -0.807110
vn -0.720331 -34.139729 -0.807111
vn -0.720331 -34.139727 -0.807110
vn 0.000000 -34.156866 -0.000001
vn 0.000000 -34.156866 -0.000001
vn 0.000000 -34.156866 -0.000001
vn 0.000000 -34.156866 -0.000001
vn 0.126475 0.314884 -34.155180
vn 0.126475 0.314884 -34.155180
vn 0.126475 0.314884 -34.155180
vn 0.126475 0.314884 -34.155180
vn 0.000000 0.000001 -34.156866
vn 0.000000 0.000001 -34.156866
vn 0.000000 0.000001 -34.156866
vn 0.000000 0.000001 -34.156866
vn 0.000000 0.000001 -34.156866
vn 0.000000 0.000001 -34.156866
vn 0.000000 0.000001 -34.156866
vn 0.000000 0.000001 -34.156866
vn 0.000000 0.000001 -34.156866
vn 0.000000 0.000001 -34.156866
vn 0.000000 0.000001 -34.156864
vn 0.000000 -0.000001 34.156866
vn 0.000000 -0.000001 34.156866
vn 0.000000 -0.000001 34.156866
vn 0.000000 -0.000001 34.156866
vn 0.000000 0.000001 -34.156866
vn 0.000000 0.000001 -34.156866
vn 0.000000 0.000001 -34.156866
vn 0.000000 0.000001 -34.156866
vn 0.000000 0.000001 -34.156866
vn 0.000000 0.000001 -34.156866
vn 0.000000 0.000001 -34.156866
vn 0.000000 0.000001 -34.156866
vn 0.000007 34.156866 0.000011
vn 0.000007 34.156866 0.000011
vn 0.000007 34.156864 0.000011
vn 0.000007 34.156866 0.000011
vn 22.753892 25.474533 0.000011
vn 22.753892 25.474535 0.000011
vn 22.753892 25.474533 0.000011
vn 22.753892 25.474535 0.000011
vn -22.786622 25.445261 0.000010
vn -22.786620 25.445263 0.000010
vn -22.786620 25.445263 0.000010
vn -22.786620 25.445263 0.000010
vn -34.156866 0.000000 0.000000
vn -34.156866 0.000000 0.000000
vn -34.156866 0.000000 0.000000
vn -34.156866 0.000000 0.000000
vn 0.737369 -34.148903 -0.000001
vn 0.737369 -34.148907 -0.000001
vn 0.737369 -34.148905 -0.000001
vn -21.003688 -26.935786 -0.000001
vn -21.003688 -26.935786 -0.000001
vn -21.003688 -26.935786 -0.000001
vn -21.003688 -26.935786 -0.000001
vn 34.155603 -0.293472 -0.000000
vn 34.155607 -0.293472 -0.000000
vn 34.155605 -0.293472 -0.000000
vn 34.155601 -0.293472 -0.000000
vn 22.320828 -25.854824 -0.000022
vn 22.320828 -25.854826 -0.000022
vn 22.320828 -25.854824 -0.000022
vn 22.320828 -25.854826 -0.000022
vn 0.000000 -0.000001 34.156864
vn 0.000000 -0.000001 34.156866
vn 0.000000 -0.000001 34.156866
vn 0.000000 -0.000001 34.156866
vn -0.000011 34.156866 0.000013
vn -0.000011 34.156866 0.000013
vn -0.000011 34.156866 0.000013
vn -0.000011 34.156864 0.000013
vn 0.737383 -34.148905 -0.000029
vn 0.737383 -34.148903 -0.000029
vn 0.737383 -34.148903 -0.000029
vn 0.000000 -0.000001 34.156866
vn 0.000000 -0.000001 34.156864
vn 0.000000 -0.000001 34.156866
vn 0.000000 -0.000001 34.156866
vn 0.000000 -0.000001 34.156864
vn 0.000000 -0.000001 34.156864
vn 0.000000 -0.000001 34.156864
vn 0.000000 -0.000001 34.156866
vn 0.000000 -0.000001 34.156866
vn 0.000000 -0.000001 34.156866
vn 0.000000 -0.000001 34.156866
vn -0.406818 0.008448 -34.154443
vn -0.406818 0.008448 -34.154439
vn -0.406818 0.008448 -34.154441
vn 33.418853 7.061986 0.000000
vn 33.418853 7.061986 0.000000
vn 33.418853 7.061986 0.000000
vn 33.418853 7.061986 0.000000
vn 0.000000 -0.000001 34.156866
vn 0.000000 -0.000001 34.156866
vn 0.000000 -0.000001 34.156866
vn 0.000000 -0.000001 34.156866
vn 0.000000 -0.000001 34.156866
vn 0.000000 -0.000001 34.156866
vn 0.000000 -0.000001 34.156866
vn 34.048370 -2.720270 0.000545
vn 34.048372 -2.720270 0.000545
vn 34.048372 -2.720270 0.000545
vn 34.048372 -2.720270 0.000545
vn 0.000000 0.000001 -34.156866
vn 0.000000 0.000001 -34.156866
vn 0.000000 0.000001 -34.156866
vn 0.000000 0.000001 -34.156864
vn 0.000000 0.000001 -34.156866
vn 0.000000 0.000001 -34.156866
vn 0.000000 0.000001 -34.156866
vn 0.000000 0.000001 -34.156866
vn -3.092576 34.016575 0.000001
vn -3.092576 34.016575 0.000001
vn -3.092576 34.016575 0.000001
vn -3.092576 34.016575 0.000001
vn 0.000000 -0.000001 34.156866
vn 0.000000 -0.000001 34.156866
vn 0.000000 -0.000001 34.156866
vn -0.332658 34.155245 0.000001
vn -0.332658 34.155243 0.000001
vn -0.332658 34.155245 0.000001
vn 0.000000 -0.000001 34.156864
vn 0.000000 -0.000001 34.156866
vn 0.000000 -0.000001 34.156866
vn 0.000000 -0.000001 34.156866
vn 0.240568 -0.392107 -34.153769
vn 0.240568 -0.392107 -34.153767
vn 0.240568 -0.392107 -34.153769
vn 0.240568 -0.392107 -34.153767
vn 23.467820 -24.811466 -0.586577
vn 23.467818 -24.811466 -0.586577
vn 23.467820 -24.811464 -0.586577
vn 23.467820 -24.811464 -0.586577
vn 0.072150 34.156788 0.004267
vn 0.072150 34.156790 0.004267
vn 0.072150 34.156786 0.004267
vn 0.072150 34.156788 0.004267
vn 0.228982 23.615251 24.677093
vn 0.228982 23.615251 24.677091
vn 0.228982 23.615251 24.677093
vn 0.228982 23.615251 24.677093
vn 0.722433 -34.149223 0.013693
vn 0.722433 -34.149221 0.013693
vn 0.722433 -34.149219 0.013693
vn 0.000000 -0.000001 34.156866
vn 0.000000 -0.000001 34.156866
vn 0.000000 -0.000001 34.156866
vn 0.000000 -0.000001 34.156866
vn 0.000000 -0.000001 34.156866
vn 0.000000 -0.000001 34.156866
vn 0.000000 -0.000001 34.156866
vn 0.000000 -0.000001 34.156866
vn 0.000000 0.000001 -34.156866
vn 0.000000 0.000001 -34.156866
vn 0.000000 0.000001 -34.156866
vn 0.000000 0.000001 -34.156866
vn 0.000000 0.000001 -34.156866
vn 0.000000 0.000001 -34.156866
vn 0.000000 0.000001 -34.156866
vn 0.000000 0.000001 -34.156866
vn 0.036501 -0.269386 -34.155787
vn 0.036501 -0.269386 -34.155787
vn 0.036501 -0.269386 -34.155787
vn 0.036501 -0.269386 -34.155785
vn -0.038540 -0.187653 -34.156326
vn -0.038540 -0.187653 -34.156326
vn -0.038540 -0.187653 -34.156326
vn -0.038540 -0.187653 -34.156326
vn 0.000000 0.000001 -34.156866
vn 0.000000 0.000001 -34.156866
vn 0.000000 0.000001 -34.156866
vn 0.000000 -0.000001 34.156866
vn 0.000000 -0.000001 34.156866
vn 0.000000 -0.000001 34.156864
vn 0.000000 -0.000001 34.156866
vn 27.519433 20.232950 0.000001
vn 27.519433 20.232950 0.000001
vn 27.519433 20.232950 0.000001
vn 27.519433 20.232950 0.000001
vn 6.773433 33.478532 0.000001
vn 6.773433 33.478532 0.000001
vn 6.773433 33.478532 0.000001
vn 6.773433 33.478532 0.000001
vn 34.156866 0.000000 0.000000
vn 34.156864 0.000000 0.000000
vn 34.156866 0.000000 0.000000
vn 34.156866 0.000000 0.000000
vn 0.000000 34.156866 0.000001
vn 0.000000 34.156866 0.000001
vn 0.000000 34.156866 0.000001
vn -10.880376 30.551217 10.720632
vn -10.880377 30.551217 10.720632
vn -10.880376 30.551217 10.720631
vn -10.880376 30.551217 10.720632
vn -15.035473 6.736969 29.920549
vn -15.035473 6.736968 29.920549
vn -15.035473 6.736969 29.920551
vn -15.035474 6.736969 29.920551
vn -14.839106 -6.381210 30.096054
vn -14.839108 -6.381211 30.096056
vn -14.839106 -6.381210 30.096054
vn -14.839107 -6.381210 30.096056
vn -10.525481 -19.305292 26.138313
vn -10.525481 -19.305292 26.138313
vn -10.525482 -19.305294 26.138313
vn -10.525482 -19.305294 26.138313
vn -14.368999 -11.136759 28.917051
vn -14.368999 -11.136759 28.917051
vn -14.369000 -11.136760 28.917055
vn -14.368999 -11.136760 28.917051
vn 0.453354 -18.589428 28.651689
vn 0.453354 -18.589430 28.651689
vn 0.453354 -18.589428 28.651687
vn 0.453354 -18.589428 28.651689
vn 9.817013 -21.042316 25.050719
vn 9.817012 -21.042316 25.050721
vn 9.817013 -21.042316 25.050721
vn 9.817013 -21.042316 25.050719
vn -0.374799 20.049003 -27.651192
vn -0.374799 20.049005 -27.651190
vn -0.374799 20.049003 -27.651190
vn -0.374799 20.049005 -27.651195
vn 0.000000 -0.000001 34.156866
vn 0.000000 -0.000001 34.156866
vn 0.000000 -0.000001 34.156866
vn 0.000000 -0.000001 34.156864
vn -0.000002 -0.000001 34.156866
vn -0.000002 -0.000001 34.156866
vn -0.000002 -0.000001 34.156866
vn -0.000002 -0.000001 34.156866
vn 0.000001 -0.000004 34.156864
vn 0.000001 -0.000004 34.156866
vn 0.000001 -0.000004 34.156866
vn 0.000000 -0.000001 34.156866
vn 0.000000 -0.000001 34.156866
vn 0.000000 -0.000001 34.156866
vn 0.000000 -0.000001 34.156866
vn 0.000000 -0.000001 34.156864
vn 0.000000 -0.000001 34.156866
vn 0.000000 -0.000001 34.156866
vn 0.000000 -0.000001 34.156866
vn 0.000000 -0.000001 34.156866
vn 0.000000 -0.000001 34.156866
vn 0.000000 -0.000001 34.156866
vn 0.000000 -0.000001 34.156866
vn 0.000000 -0.000001 34.156864
vn 0.000000 -0.000001 34.156866
vn 0.000000 -0.000001 34.156866
vn 0.000000 -0.000001 34.156866
vn 0.000000 -0.000001 34.156866
vn 0.000000 -0.000001 34.156866
vn 0.000000 -0.000001 34.156866
vn 0.000000 -0.000001 34.156866
vn 0.000000 -0.000001 34.156866
vn 30.718433 -12.908859 7.512046
vn 30.718431 -12.908856 7.512044
vn 30.718431 -12.908857 7.512045
vn 30.718433 -12.908857 7.512045
vn 11.754436 -5.122218 31.658925
vn 11.754437 -5.122218 31.658929
vn 11.754436 -5.122219 31.658929
vn 11.754436 -5.122218 31.658927
vn 12.849119 -13.579853 28.586346
vn 12.849119 -13.579854 28.586346
vn 12.849119 -13.579854 28.586346
vn 26.709283 -21.264170 1.068031
vn 26.709283 -21.264172 1.068031
vn 26.709285 -21.264172 1.068031
vn -12.286950 -31.870401 -0.000025
vn -12.286950 -31.870399 -0.000025
vn -12.286950 -31.870397 -0.000025
vn 0.000000 0.000001 -34.156866
vn 0.000000 0.000001 -34.156866
vn 0.000000 0.000001 -34.156866
vn 0.000000 0.000001 -34.156866
vn 0.000000 0.000001 -34.156864
vn 0.000000 0.000001 -34.156866
vn 0.000000 0.000001 -34.156866
vn 0.000000 0.000001 -34.156866
vn 0.000000 0.000001 -34.156866
vn 0.000000 0.000001 -34.156866
vn 0.000000 0.000001 -34.156866
vn 0.000000 0.000001 -34.156866
vn 0.000000 0.000001 -34.156866
vn 0.000000 0.000001 -34.156866
vn 0.000000 0.000001 -34.156866
vn 34.156866 0.000000 0.000000
vn 34.156866 0.000000 0.000000
vn 34.156866 0.000000 0.000000
vn 34.156866 0.000000 0.000000
vn 0.000000 0.000001 -34.156866
vn 0.000000 0.000001 -34.156864
vn 0.000000 0.000001 -34.156866
vn 0.000000 0.000001 -34.156866
vn 10.923650 -4.777931 -32.008384
vn 10.923650 -4.777931 -32.008384
vn 10.923650 -4.777931 -32.008382
vn 10.923651 -4.777932 -32.008387
vn 30.850205 -12.995523 -6.787679
vn 30.850205 -12.995523 -6.787679
vn 30.850203 -12.995523 -6.787679
vn 30.850207 -12.995524 -6.787680
vn 26.757766 -21.216310 -0.762775
vn 26.757766 -21.216310 -0.762774
vn 26.757760 -21.216308 -0.762774
vn 12.085397 -13.046503 -29.162019
vn 12.085398 -13.046504 -29.162021
vn 12.085397 -13.046503 -29.162017
vn -12.286956 -31.870395 0.000018
vn -12.286958 -31.870397 0.000018
vn -12.286958 -31.870397 0.000018
vn -33.307792 -7.568510 -0.000000
vn -33.307792 -7.568510 -0.000000
vn -33.307794 -7.568510 -0.000000
vn -33.307796 -7.568510 -0.000000
vn 8.296511 8.857314 31.928162
vn 8.296510 8.857313 31.928158
vn 8.296510 8.857313 31.928158
vn 8.296511 8.857313 31.928160
vn 17.233856 19.437847 22.177821
vn 17.233858 19.437850 22.177821
vn 17.233856 19.437847 22.177819
vn 17.233856 19.437850 22.177821
vn 0.677858 28.602670 18.657948
vn 0.677858 28.602672 18.657950
vn 0.677858 28.602670 18.657948
vn 0.677858 28.602674 18.657948
vn 0.875678 12.883666 31.621762
vn 0.875678 12.883665 31.621760
vn 0.875678 12.883666 31.621764
vn 0.875678 12.883666 31.621760
vn 26.871038 5.834647 20.263161
vn 26.871036 5.834646 20.263161
vn 26.871038 5.834646 20.263161
vn 26.871040 5.834647 20.263163
vn 11.881588 2.596156 31.918326
vn 11.881586 2.596155 31.918322
vn 11.881588 2.596155 31.918322
vn 11.881587 2.596156 31.918322
vn 12.561946 -0.000001 31.763015
vn 12.561944 -0.000001 31.763013
vn 12.561944 -0.000001 31.763013
vn 12.561944 -0.000001 31.763013
vn 22.271470 -0.096345 25.897179
vn 22.271472 -0.096345 25.897177
vn 22.271470 -0.096345 25.897177
vn 22.271470 -0.096345 25.897177
vn 0.436859 -33.826892 4.716132
vn 0.436859 -33.826894 4.716132
vn 0.436859 -33.826892 4.716132
vn 0.436859 -33.826894 4.716132
vn 18.616797 -20.059616 20.438152
vn 18.616797 -20.059616 20.438152
vn 18.616797 -20.059616 20.438152
vn 18.616797 -20.059616 20.438152
vn 14.337212 -13.186934 28.057808
vn 14.337212 -13.186936 28.057808
vn 14.337213 -13.186935 28.057808
vn 14.337212 -13.186935 28.057808
vn -11.240120 -16.914306 27.463749
vn -11.240119 -16.914303 27.463747
vn -11.240120 -16.914306 27.463749
vn -11.240120 -16.914306 27.463749
vn 0.708543 -34.149518 -0.000001
vn 0.708543 -34.149514 -0.000001
vn 0.708543 -34.149516 -0.000001
vn -6.051600 -33.109253 5.817824
vn -6.051599 -33.109251 5.817825
vn -6.051599 -33.109249 5.817824
vn -6.019277 -28.553356 17.752903
vn -6.019278 -28.553358 17.752903
vn -6.019277 -28.553356 17.752903
vn 0.000000 -33.641455 5.911341
vn 0.000000 -33.641455 5.911341
vn 0.000000 -33.641453 5.911340
vn 0.000000 -33.641457 5.911341
vn 0.000000 -29.007323 18.035156
vn 0.000000 -29.007323 18.035156
vn 0.000000 -29.007321 18.035153
vn 0.000000 -29.007321 18.035153
vn 22.138203 -24.830665 7.747860
vn 22.138205 -24.830665 7.747860
vn 22.138207 -24.830665 7.747861
vn 22.138205 -24.830665 7.747861
vn 15.736906 -17.333462 24.871515
vn 15.736907 -17.333464 24.871517
vn 15.736906 -17.333462 24.871515
vn 15.736908 -17.333464 24.871517
vn -0.074637 -33.158528 8.197434
vn -0.074637 -33.158530 8.197434
vn -0.074637 -33.158528 8.197434
vn -0.074637 -33.158528 8.197434
vn 0.034858 -25.116693 23.148261
vn 0.034858 -25.116695 23.148263
vn 0.034858 -25.116693 23.148263
vn 0.034858 -25.116693 23.148261
vn -32.352673 -7.448625 8.032061
vn -32.352673 -7.448625 8.032061
vn -32.352673 -7.448625 8.032061
vn -32.352669 -7.448624 8.032060
vn -24.541981 -5.582037 23.091635
vn -24.541979 -5.582037 23.091637
vn -24.541981 -5.582037 23.091635
vn -24.541979 -5.582037 23.091637
vn 0.099609 -28.848658 18.287606
vn 0.099609 -28.848656 18.287604
vn 0.099609 -28.848658 18.287606
vn 0.099609 -28.848656 18.287604
vn -0.332658 34.155245 0.000001
vn -0.332658 34.155245 0.000001
vn -0.332658 34.155245 0.000001
vn -0.332658 34.155245 0.000001
vn -5.181255 -18.021139 28.549688
vn -5.181255 -18.021139 28.549688
vn -5.181255 -18.021139 28.549686
vn -5.181255 -18.021139 28.549686
vn -27.350887 -20.457816 0.313334
vn -27.350887 -20.457816 0.313334
vn -27.350885 -20.457816 0.313334
vn -27.350887 -20.457816 0.313334
vn -10.726366 31.730766 6.692923
vn -10.726366 31.730761 6.692922
vn -10.726366 31.730764 6.692922
vn -10.726366 31.730764 6.692923
vn -0.428397 23.924978 24.374238
vn -0.428397 23.924978 24.374238
vn -0.428397 23.924976 24.374234
vn -0.428397 23.924974 24.374236
vn -26.703820 15.171074 14.947775
vn -26.703818 15.171074 14.947775
vn -26.703818 15.171074 14.947775
vn -26.703820 15.171074 14.947777
vn -8.626922 4.811036 32.697425
vn -8.626922 4.811036 32.697425
vn -8.626922 4.811036 32.697425
vn -8.626922 4.811036 32.697427
vn -31.997977 -0.837716 11.921379
vn -31.997975 -0.837716 11.921378
vn -31.997977 -0.837716 11.921379
vn -11.037558 -1.662081 32.281593
vn -11.037558 -1.662081 32.281595
vn -11.037559 -1.662081 32.281595
vn -1.961420 29.008355 17.926506
vn -1.961420 29.008357 17.926504
vn -1.961420 29.008357 17.926506
vn -1.961419 29.008353 17.926504
vn -2.743376 32.842624 8.973702
vn -2.743376 32.842624 8.973702
vn -2.743376 32.842626 8.973703
vn -2.743376 32.842624 8.973702
vn 0.474852 -34.152999 -0.196496
vn 0.474852 -34.153001 -0.196496
vn 0.474852 -34.153001 -0.196496
vn 0.474852 -34.152999 -0.196496
vn 0.000000 -0.000001 34.156866
vn 0.000000 -0.000001 34.156866
vn 0.000000 -0.000001 34.156866
vn 0.000000 -0.000001 34.156866
vn -23.900640 -19.329351 14.893858
vn -23.900642 -19.329351 14.893859
vn -23.900642 -19.329354 14.893859
vn -23.900642 -19.329354 14.893858
vn -19.636647 -15.842112 23.024356
vn -19.636645 -15.842114 23.024354
vn -19.636647 -15.842115 23.024356
vn -19.636647 -15.842114 23.024356
vn 0.675703 -34.150184 0.007293
vn 0.675703 -34.150182 0.007293
vn 0.675703 -34.150182 0.007293
vn 0.675703 -34.150184 0.007293
vn -18.903217 -15.085892 -24.120024
vn -18.903219 -15.085895 -24.120028
vn -18.903215 -15.085892 -24.120026
vn -18.903217 -15.085894 -24.120026
vn -23.082928 -18.562656 -17.008754
vn -23.082928 -18.562660 -17.008755
vn -23.082928 -18.562658 -17.008753
vn -23.082928 -18.562658 -17.008754
vn -12.286934 -31.870407 -0.000003
vn -12.286933 -31.870405 -0.000003
vn -12.286933 -31.870405 -0.000003
vn -12.286935 -31.870407 -0.000003
vn 0.000025 34.156864 0.000001
vn 0.000025 34.156866 0.000001
vn 0.000025 34.156866 0.000001
vn -0.410541 31.638256 12.866380
vn -0.410541 31.638254 12.866380
vn -0.410542 31.638258 12.866380
vn -0.410541 31.638254 12.866379
vn -7.601541 23.000678 24.080631
vn -7.601540 23.000678 24.080631
vn -7.601541 23.000680 24.080633
vn -7.601540 23.000678 24.080631
vn -22.805328 -11.400896 22.729455
vn -22.805328 -11.400896 22.729455
vn -22.805328 -11.400896 22.729455
vn -22.805328 -11.400896 22.729455
vn -27.543400 -13.733647 14.813491
vn -27.543400 -13.733646 14.813491
vn -27.543400 -13.733646 14.813490
vn -27.543400 -13.733647 14.813491
vn -21.608651 -10.848311 -24.126164
vn -21.608654 -10.848311 -24.126164
vn -21.608654 -10.848311 -24.126164
vn -21.608651 -10.848310 -24.126162
vn -26.676421 -13.335685 -16.649913
vn -26.676419 -13.335686 -16.649913
vn -26.676421 -13.335686 -16.649913
vn -26.676423 -13.335687 -16.649913
vn -14.102277 -31.109761 -0.000001
vn -14.102277 -31.109761 -0.000001
vn -14.102277 -31.109761 -0.000001
vn -14.102277 -31.109763 -0.000001
vn -12.928254 -31.615686 0.003211
vn -12.928256 -31.615690 0.003211
vn -12.928255 -31.615688 0.003211
vn -12.928256 -31.615690 0.003211
vn -11.954835 -31.996458 -0.000001
vn -11.954837 -31.996460 -0.000001
vn -11.954836 -31.996458 -0.000001
vn -11.954835 -31.996458 -0.000001
vn -14.641956 -27.933515 13.115763
vn -14.641957 -27.933515 13.115763
vn -14.641958 -27.933515 13.115764
vn -14.641957 -27.933515 13.115763
vn -12.735700 -24.539582 20.057474
vn -12.735700 -24.539584 20.057474
vn -12.735700 -24.539584 20.057474
vn -12.735700 -24.539584 20.057474
vn -12.527399 -24.138217 -20.666453
vn -12.527398 -24.138217 -20.666453
vn -12.527398 -24.138217 -20.666453
vn -12.527398 -24.138217 -20.666453
vn -14.123674 -26.957135 -15.508906
vn -14.123674 -26.957135 -15.508906
vn -14.123674 -26.957133 -15.508907
vn -14.123676 -26.957135 -15.508908
vn 0.781873 -30.936742 14.456767
vn 0.781873 -30.936744 14.456768
vn 0.781873 -30.936742 14.456766
vn 0.790579 -29.766081 -16.734603
vn 0.790579 -29.766081 -16.734602
vn 0.790579 -29.766077 -16.734600
vn 0.790579 -29.766081 -16.734602
vn 0.000000 0.000001 -34.156864
vn 0.000000 0.000001 -34.156866
vn 0.000000 0.000001 -34.156864
vn 0.000000 0.000001 -34.156866
vn -0.577056 -32.178182 11.442165
vn -0.577056 -32.178180 11.442166
vn -0.577056 -32.178180 11.442165
vn -0.577056 -32.178180 11.442166
vn 0.000000 0.000001 -34.156864
vn 0.000000 0.000001 -34.156866
vn 0.000000 0.000001 -34.156866
vn 0.000000 0.000001 -34.156866
vn 2.039140 -31.477091 -13.104425
vn 2.039140 -31.477093 -13.104426
vn 2.039140 -31.477095 -13.104426
vn 2.039140 -31.477095 -13.104426
vn 2.062641 -34.094532 -0.004040
vn 2.062641 -34.094526 -0.004040
vn 2.062641 -34.094530 -0.004040
vn 2.062641 -34.094528 -0.004040
vn 1.999182 -31.436348 13.207984
vn 1.999181 -31.436346 13.207983
vn 1.999182 -31.436348 13.207984
vn 1.999181 -31.436346 13.207984
vn 0.000000 -0.000001 34.156866
vn 0.000000 -0.000001 34.156866
vn 0.000000 -0.000001 34.156866
vn 0.000000 -0.000001 34.156866
vn -0.457344 -34.153804 -0.006725
vn -0.457344 -34.153806 -0.006725
vn -0.457344 -34.153804 -0.006725
vn -0.457344 -34.153804 -0.006725
vn -0.494602 -31.451447 -13.313655
vn -0.494602 -31.451445 -13.313654
vn -0.494602 -31.451445 -13.313655
vn -0.494602 -31.451443 -13.313654
vn 0.000000 -34.156866 -0.000001
vn 0.000000 -34.156866 -0.000001
vn 0.000000 -34.156866 -0.000001
vn 0.000000 -34.156866 -0.000001
vn -0.874414 -30.715311 -14.916313
vn -0.874414 -30.715313 -14.916314
vn -0.874414 -30.715313 -14.916313
vn -0.874414 -30.715311 -14.916312
vn 0.000000 -0.000001 34.156866
vn 0.000000 -0.000001 34.156866
vn 0.000000 -0.000001 34.156866
vn 0.000000 -0.000001 34.156866
vn 0.000000 -0.000001 34.156866
vn 0.000000 -0.000001 34.156866
vn 0.000000 -0.000001 34.156864
vn 0.000000 -0.000001 34.156866
vn 0.806770 -29.444430 17.293529
vn 0.806770 -29.444428 17.293529
vn 0.806770 -29.444430 17.293529
vn 0.806770 -29.444428 17.293529
vn 0.585358 -29.613963 -17.010645
vn 0.585358 -29.613963 -17.010645
vn 0.585357 -29.613960 -17.010645
vn 0.044779 -0.223476 -34.156104
vn 0.044779 -0.223476 -34.156102
vn 0.044779 -0.223476 -34.156106
vn 0.044779 -0.223476 -34.156102
vn -31.887531 -12.242425 -0.000001
vn -31.887529 -12.242426 -0.000001
vn -31.887529 -12.242426 -0.000001
vn -31.887529 -12.242426 -0.000001
vn -31.369663 -13.329424 2.227614
vn -31.369661 -13.329424 2.227614
vn -31.369663 -13.329424 2.227614

v 15.817086 145.395305 -11.316039
v 37.675350 68.405704 -11.316037
v 55.014650 39.389489 -11.316041
v 15.817086 145.395305 -5.626415
v -34.454927 145.162672 -6.833454
v -26.990572 95.351912 -6.833456
v -12.875144 53.663899 -6.833456
v 13.200918 10.787808 -6.833460
v 55.014650 39.389489 -5.626420
v 15.817086 145.395304 10.491988
v -34.454927 145.162671 11.699025
v -26.990572 95.351911 11.699020
v -12.875144 53.663898 11.699020
v 13.200918 10.787808 11.699019
v 55.014650 39.389488 10.491985
v 55.599571 68.030340 10.491987
v 55.599571 68.030341 -5.626419
v 68.690719 49.408155 10.491985
v 68.690719 49.408155 -5.626420
v 45.186179 93.159268 10.491987
v 45.186179 93.159263 -5.626419
v 35.218132 145.395305 -5.626415
v 35.218132 145.395304 10.491988
v -31.905855 94.465870 -6.833456
v -39.480613 144.769909 -6.833454
v -17.471482 51.862788 -6.833456
v 5.235024 13.812847 -6.833460
v -20.775046 73.345867 11.699019
v -25.531191 72.003467 -6.833456
v -20.775046 73.345868 -6.833456
v 21.378622 112.942449 -5.626420
v 21.378622 112.942449 10.491987
v -0.115360 30.778167 -6.833460
v -6.330016 31.294933 -6.833462
v -0.115360 30.778166 11.699018
v 37.675350 68.405703 10.491985
v 37.675350 68.405703 -5.626420
v -31.918184 119.187637 11.699025
v 37.378609 120.266794 10.491987
v 37.378609 120.266795 -5.626415
v 21.378622 112.942450 -11.316042
v -31.918184 119.187638 -6.833455
v -36.893373 118.569744 -6.833454
v 55.014650 38.988007 15.470465
v 37.675350 68.055276 15.470465
v 21.378622 112.726726 15.470463
v 15.817086 145.392038 15.470465
v 13.663363 11.104100 15.470463
v 0.293099 31.184841 15.470465
v -26.460741 95.544592 15.470468
v -31.341401 119.120084 15.470465
v -12.329507 53.822992 15.470463
v -20.326145 73.767413 15.470466
v -33.894687 145.165280 15.470465
v -38.866844 144.817886 11.699024
v -36.282324 118.645611 11.699022
v -31.298863 94.575268 11.699020
v -24.937888 72.170899 11.699019
v -16.896995 52.087895 11.699020
v -5.575657 31.232217 11.699018
v 5.810514 13.594248 11.699018
v -33.894687 145.165281 -10.755767
v -31.341401 119.120063 -10.755767
v -26.460741 95.544593 -10.755767
v -20.326145 73.767414 -10.755769
v -12.329507 53.822993 -10.755770
v 0.293099 31.184842 -10.755767
v 13.663363 11.104124 -10.755780
vt 0.483184 0.287180
vt 0.487105 0.251066
vt 0.560098 0.277799
vt 0.485832 0.251733
vt 0.481311 0.288692
vt 0.556695 0.280851
vt 0.592162 0.180932
vt 0.516916 0.182724
vt 0.516916 0.175313
vt 0.592162 0.175330
vt 0.481067 0.250517
vt 0.476796 0.287773
vt 0.500547 0.419743
vt 0.491343 0.382148
vt 0.562158 0.348124
vt 0.570107 0.396551
vt 0.485650 0.385315
vt 0.495199 0.421111
vt 0.490574 0.385891
vt 0.568052 0.397152
vt 0.558766 0.350041
vt 0.483184 0.317367
vt 0.476789 0.318320
vt 0.481352 0.319526
vt 0.568267 0.348532
vt 0.576751 0.395692
vt 0.566206 0.279790
vt 0.628403 0.349602
vt 0.655139 0.349588
vt 0.655288 0.387506
vt 0.628434 0.387550
vt 0.628373 0.249629
vt 0.655123 0.249627
vt 0.655109 0.280698
vt 0.628336 0.280701
vt 0.628414 0.213679
vt 0.655195 0.213655
vt 0.592162 0.208458
vt 0.516916 0.206666
vt 0.692257 0.276581
vt 0.670140 0.276581
vt 0.670140 0.245346
vt 0.692257 0.245346
vt 0.670140 0.313905
vt 0.692257 0.313905
vt 0.692257 0.352614
vt 0.692257 0.387223
vt 0.670139 0.387223
vt 0.670140 0.352614
vt 0.601100 0.266277
vt 0.576224 0.275781
vt 0.585935 0.226521
vt 0.610077 0.233680
vt 0.491734 0.206666
vt 0.491734 0.182724
vt 0.576224 0.275781
vt 0.601100 0.266277
vt 0.610077 0.233680
vt 0.585935 0.226521
vt 0.575746 0.346220
vt 0.599126 0.306631
vt 0.575746 0.346220
vt 0.599126 0.306631
vt 0.584226 0.394386
vt 0.611354 0.384667
vt 0.601788 0.348447
vt 0.584226 0.394386
vt 0.601788 0.348447
vt 0.611354 0.384667
vt 0.661564 0.349550
vt 0.661579 0.387398
vt 0.621180 0.387446
vt 0.621196 0.349563
vt 0.661556 0.249592
vt 0.661557 0.280675
vt 0.621200 0.280674
vt 0.621213 0.249587
vt 0.603904 0.180932
vt 0.603904 0.208458
vt 0.661575 0.213470
vt 0.621183 0.213464
vt 0.485874 0.348962
vt 0.479820 0.350995
vt 0.655129 0.314148
vt 0.661563 0.314132
vt 0.628333 0.314151
vt 0.621183 0.314133
vt 0.484652 0.351842
vt 0.621211 0.180958
vt 0.628459 0.181106
vt 0.655282 0.181097
vt 0.661602 0.180961
vt 0.487327 0.217244
vt 0.492612 0.217897
vt 0.564555 0.229906
vt 0.572250 0.230955
vt 0.492528 0.217706
vt 0.486901 0.216675
vt 0.592162 0.214284
vt 0.516916 0.214284
vt 0.666332 0.509087
vt 0.674393 0.509087
vt 0.674393 0.540500
vt 0.700491 0.540500
vt 0.700491 0.509087
vt 0.709704 0.509087
vt 0.708796 0.428596
vt 0.702445 0.427689
vt 0.702444 0.419551
vt 0.672437 0.420545
vt 0.672438 0.427689
vt 0.666331 0.428596
vn -0.000002 0.000002 34.156866
vn -0.000002 0.000002 34.156866
vn -0.000002 0.000002 34.156866
vn -0.329155 -0.183536 -34.154785
vn -0.329155 -0.183536 -34.154787
vn -0.329155 -0.183536 -34.154787
vn 19.164831 -28.244335 -1.287871
vn 19.164829 -28.244333 -1.287871
vn 19.164829 -28.244331 -1.287871
vn 19.164829 -28.244331 -1.287870
vn -29.515806 -16.456895 4.967819
vn -29.515806 -16.456894 4.967819
vn -29.515808 -16.456895 4.967819
vn -29.515806 -16.456895 4.967819
vn 0.000001 -0.000001 34.156866
vn 0.000001 -0.000001 34.156864
vn 0.000001 -0.000001 34.156866
vn 0.000001 -0.000001 34.156866
vn -33.622419 -3.289856 5.039960
vn -33.622417 -3.289856 5.039959
vn -33.622421 -3.289856 5.039960
vn -33.622421 -3.289857 5.039960
vn -0.376668 -0.052250 -34.154750
vn -0.376668 -0.052250 -34.154748
vn -0.376668 -0.052250 -34.154746
vn -0.376668 -0.052250 -34.154752
vn 0.000000 0.000000 34.156864
vn 0.000000 0.000000 34.156866
vn 0.000000 0.000000 34.156866
vn 0.000000 0.000000 34.156866
vn -31.345662 -12.574642 5.100937
vn -31.345660 -12.574639 5.100936
vn -31.345660 -12.574640 5.100936
vn -31.345660 -12.574639 5.100936
vn -0.341826 -0.128786 -34.154913
vn -0.341826 -0.128786 -34.154911
vn -0.341826 -0.128786 -34.154911
vn -0.341826 -0.128786 -34.154909
vn 33.668977 5.751121 0.126489
vn 33.668975 5.751120 0.126489
vn 33.668977 5.751121 0.126489
vn 33.668977 5.751121 0.126489
vn 32.076453 11.719581 0.666372
vn 32.076451 11.719578 0.666371
vn 32.076453 11.719579 0.666372
vn 32.076455 11.719580 0.666372
vn -33.650071 -3.292561 -4.850073
vn -33.650069 -3.292561 -4.850073
vn -33.650069 -3.292561 -4.850073
vn -33.650069 -3.292561 -4.850073
vn -31.372065 -12.585233 -4.908866
vn -31.372065 -12.585232 -4.908865
vn -31.372067 -12.585233 -4.908866
vn -31.372065 -12.585233 -4.908866
vn -29.539390 -16.470043 -4.780558
vn -29.539388 -16.470043 -4.780558
vn -29.539390 -16.470043 -4.780558
vn -29.539390 -16.470042 -4.780558
vn 32.076842 11.737443 0.000001
vn 32.076844 11.737444 0.000001
vn 32.076844 11.737445 0.000001
vn 32.076844 11.737444 0.000001
vn 33.666079 5.769450 0.000000
vn 33.666082 5.769451 0.000000
vn 33.666082 5.769451 0.000000
vn 33.666082 5.769451 0.000000
vn -33.972799 -3.354802 1.133848
vn -33.972799 -3.354802 1.133848
vn -33.972799 -3.354802 1.133848
vn -33.972799 -3.354802 1.133848
vn -31.693380 -12.686119 1.132903
vn -31.693380 -12.686120 1.132903
vn -31.693380 -12.686122 1.132903
vn -31.693380 -12.686120 1.132903
vn -30.009310 -16.273195 1.147185
vn -30.009306 -16.273195 1.147185
vn -30.009308 -16.273195 1.147185
vn -30.009308 -16.273195 1.147185
vn 19.284288 -28.192334 -0.000001
vn 19.284288 -28.192334 -0.000001
vn 19.284288 -28.192334 -0.000001
vn 19.284290 -28.192334 -0.000001
vn 27.943132 19.643650 0.000001
vn 27.943132 19.643650 0.000001
vn 27.943132 19.643650 0.000001
vn 27.943132 19.643650 0.000001
vn 31.554764 13.076250 -0.000002
vn 31.554766 13.076251 -0.000002
vn 31.554762 13.076249 -0.000002
vn 31.554764 13.076251 -0.000002
vn 34.031317 2.925916 0.000000
vn 34.031319 2.925916 0.000000
vn 34.031319 2.925916 0.000000
vn 34.031317 2.925916 0.000000
vn -0.000001 -0.000002 34.156866
vn -0.000001 -0.000002 34.156866
vn -0.000001 -0.000002 34.156866
vn -0.000001 -0.000002 34.156866
vn 20.185434 -27.554305 -0.000001
vn 20.185436 -27.554305 -0.000001
vn 20.185434 -27.554305 -0.000001
vn 20.185436 -27.554305 -0.000001
vn 0.000000 0.000001 -34.156866
vn 0.000000 0.000001 -34.156866
vn 0.000000 0.000001 -34.156866
vn 0.000000 0.000001 -34.156866
vn -0.000002 -0.000002 34.156866
vn -0.000002 -0.000002 34.156864
vn -0.000002 -0.000002 34.156866
vn -0.000002 -0.000002 34.156866
vn 0.000002 0.000001 -34.156866
vn 0.000002 0.000001 -34.156866
vn 0.000002 0.000001 -34.156866
vn 0.000002 0.000001 -34.156866
vn 0.000004 0.000004 -34.156866
vn 0.000004 0.000004 -34.156864
vn 0.000004 0.000004 -34.156866
vn 0.000004 0.000004 -34.156866
vn 0.000001 -0.000002 34.156864
vn 0.000001 -0.000002 34.156866
vn 0.000001 -0.000002 34.156866
vn 0.000001 -0.000002 34.156866
vn -0.000016 -0.000003 34.156866
vn -0.000016 -0.000003 34.156866
vn -0.000016 -0.000003 34.156866
vn -0.000016 -0.000003 34.156866
vn -0.000002 -0.000000 -34.156866
vn -0.000002 -0.000000 -34.156866
vn -0.000002 -0.000000 -34.156866
vn -0.000002 -0.000000 -34.156866
vn -0.000001 0.000001 34.156866
vn -0.000001 0.000001 34.156866
vn -0.000001 0.000001 34.156866
vn -0.000001 0.000001 34.156866
vn 0.000001 -0.000001 -34.156866
vn 0.000001 -0.000001 -34.156866
vn 0.000001 -0.000001 -34.156864
vn 0.000001 -0.000001 -34.156866
vn -12.126013 -31.931979 -0.000052
vn -12.126014 -31.931979 -0.000052
vn -12.126014 -31.931979 -0.000052
vn -12.126013 -31.931979 -0.000052
vn 0.000000 -0.000003 34.156866
vn 0.000000 -0.000003 34.156866
vn 0.000000 -0.000003 34.156866
vn 0.000000 -0.000003 34.156866
vn 0.000005 0.000012 -34.156866
vn 0.000005 0.000012 -34.156866
vn 0.000005 0.000012 -34.156866
vn 0.000005 0.000012 -34.156864
vn 0.000004 -0.000002 34.156866
vn 0.000004 -0.000002 34.156866
vn 0.000004 -0.000002 34.156866
vn -32.524583 -9.174349 4.967319
vn -32.524583 -9.174348 4.967318
vn -32.524583 -9.174348 4.967318
vn -32.524583 -9.174348 4.967318
vn -0.000000 -0.000000 34.156864
vn -0.000000 -0.000000 34.156866
vn -0.000000 -0.000000 34.156864
vn -0.000000 -0.000000 34.156864
vn -32.840651 -9.321969 1.133121
vn -32.840649 -9.321969 1.133121
vn -32.840651 -9.321969 1.133121
vn -32.840651 -9.321969 1.133121
vn 0.000000 0.000000 -34.156866
vn 0.000000 0.000000 -34.156866
vn 0.000000 0.000000 -34.156866
vn 0.000000 0.000000 -34.156866
vn -32.550565 -9.181676 -4.780076
vn -32.550565 -9.181676 -4.780075
vn -32.550563 -9.181675 -4.780075
vn -32.550563 -9.181675 -4.780075
vn -0.362838 -0.102207 -34.154787
vn -0.362837 -0.102207 -34.154785
vn -0.362837 -0.102207 -34.154783
vn 0.000005 0.000002 -34.156866
vn 0.000005 0.000002 -34.156866
vn 0.000005 0.000002 -34.156866
vn 0.000005 0.000002 -34.156866
vn -28.583124 -18.679277 0.883759
vn -28.583124 -18.679277 0.883759
vn -28.583124 -18.679277 0.883759
vn -28.583124 -18.679277 0.883759
vn -0.000004 -0.000001 34.156866
vn -0.000004 -0.000001 34.156866
vn -0.000004 -0.000001 34.156866
vn -0.000004 -0.000001 34.156866
vn -28.117885 -18.725945 5.041334
vn -28.117885 -18.725945 5.041334
vn -28.117885 -18.725945 5.041334
vn -28.117885 -18.725945 5.041334
vn 0.000000 -0.000001 34.156866
vn 0.000000 -0.000001 34.156866
vn 0.000000 -0.000001 34.156864
vn 0.000000 -0.000001 34.156866
vn 29.305452 17.496747 1.321280
vn 29.305452 17.496747 1.321280
vn 29.305452 17.496749 1.321280
vn 29.305452 17.496749 1.321280
vn 29.320622 17.521204 0.000001
vn 29.320622 17.521204 0.000001
vn 29.320622 17.521206 0.000001
vn 29.320622 17.521206 0.000001
vn -0.319717 -0.199967 -34.154785
vn -0.319717 -0.199967 -34.154783
vn -0.319717 -0.199967 -34.154785
vn -0.319717 -0.199967 -34.154781
vn -28.141008 -18.741354 -4.851466
vn -28.141006 -18.741352 -4.851466
vn -28.141010 -18.741354 -4.851466
vn -28.141010 -18.741356 -4.851466
vn -0.000010 -0.000008 34.156866
vn -0.000010 -0.000008 34.156866
vn -0.000010 -0.000008 34.156866
vn -0.000010 -0.000008 34.156864
vn -33.092823 -6.846131 4.968601
vn -33.092823 -6.846132 4.968600
vn -33.092823 -6.846131 4.968600
vn -33.092823 -6.846131 4.968600
vn 0.000002 0.000005 34.156866
vn 0.000002 0.000005 34.156866
vn 0.000002 0.000005 34.156866
vn 0.000001 0.000000 34.156866
vn 0.000001 0.000000 34.156866
vn 0.000001 0.000000 34.156866
vn 32.822558 9.453624 -0.000001
vn 32.822562 9.453625 -0.000001
vn 32.822562 9.453625 -0.000001
vn 32.822562 9.453624 -0.000001
vn 0.000008 0.000007 -34.156866
vn 0.000008 0.000007 -34.156866
vn 0.000008 0.000007 -34.156866
vn -0.371999 -0.077013 -34.154752
vn -0.371999 -0.077013 -34.154754
vn -0.371999 -0.077013 -34.154754
vn -33.119273 -6.851607 -4.781289
vn -33.119273 -6.851607 -4.781289
vn -33.119271 -6.851606 -4.781288
vn -33.119273 -6.851606 -4.781288
vn -0.000002 0.000001 -34.156864
vn -0.000002 0.000001 -34.156866
vn -0.000002 0.000001 -34.156864
vn -0.000002 0.000001 -34.156866
vn -33.429519 -6.919159 1.133157
vn -33.429517 -6.919159 1.133157
vn -33.429519 -6.919158 1.133157
vn -33.429517 -6.919158 1.133157
vn 19.284292 -28.192332 0.000026
vn 19.284290 -28.192332 0.000026
vn 19.284292 -28.192332 0.000026
vn 19.284294 -28.192334 0.000026
vn -0.256244 34.155907 0.001603
vn -0.256244 34.155907 0.001603
vn -0.256244 34.155907 0.001603
vn -0.256244 34.155907 0.001603
vn -0.256244 34.155907 0.001603
vn -0.256244 34.155907 0.001603
vn -0.256244 34.155903 0.001603
vn -0.256244 34.155907 0.001603
vn -0.256244 34.155905 0.001603
vn -0.256244 34.155905 0.001603
vn -0.256244 34.155903 0.001603
vn -0.256244 34.155903 0.001603

g OPTICS
usemtl Optics
f 1/11/1 2/18/2 10/19/3 9/21/4
f 2/18/5 3/22/6 11/24/7 10/19/8
f 3/22/9 4/25/10 12/26/11 11/24/12
f 4/25/13 5/27/14 13/30/15 12/26/16
f 5/9/17 6/10/18 14/12/19 13/13/20
f 6/10/21 7/14/22 15/15/23 14/12/24
f 7/14/25 8/16/26 16/17/27 15/15/28
f 8/16/29 1/20/30 9/23/31 16/17/32
f 9/21/33 10/19/34 18/32/35 17/39/36
f 10/19/37 11/24/38 19/42/39 18/32/40
f 11/24/41 12/26/42 20/45/43 19/42/44
f 12/26/45 13/30/46 21/63/47 20/45/48
f 13/13/49 14/12/50 22/28/51 21/29/52
f 14/12/53 15/15/54 23/31/55 22/28/56
f 15/15/57 16/17/58 24/33/59 23/31/60
f 16/17/61 9/23/62 17/36/63 24/33/64
f 17/39/65 18/32/66 26/103/67 25/157/68
f 18/32/69 19/42/70 27/163/71 26/103/72
f 19/42/73 20/45/74 28/164/75 27/163/76
f 20/45/77 21/63/78 29/543/79 28/164/80
f 21/29/81 22/28/82 30/40/83 29/67/84
f 22/28/85 23/31/86 31/538/87 30/40/88
f 23/31/89 24/33/90 32/542/91 31/538/92
f 24/33/93 17/36/94 25/551/95 32/542/96
f 25/157/97 26/103/98 34/550/99 33/555/100
f 26/103/101 27/163/102 35/557/103 34/550/104
f 27/163/105 28/164/106 36/559/107 35/557/108
f 28/164/109 29/543/110 37/564/111 36/559/112
f 29/67/113 30/40/114 38/558/115 37/562/116
f 30/40/117 31/538/118 39/567/119 38/558/120
f 31/538/121 32/542/122 40/572/123 39/567/124
f 32/542/125 25/551/126 33/573/127 40/572/128
f 51/625/129 52/626/130 53/627/131 54/628/132 55/629/133 56/630/134 49/631/135 50/632/136
f 33/46/137 34/47/138 35/48/139 36/49/140 37/50/141 38/51/142 39/52/143 40/53/144
f 2/1/145 1/2/146 42/3/147 41/4/148
f 1/2/149 8/5/150 43/6/151 42/3/152
f 8/5/153 7/7/154 44/8/155 43/6/156
f 7/7/157 6/55/158 45/614/159 44/8/160
f 6/55/161 5/615/162 46/616/163 45/614/164
f 5/615/165 4/617/166 47/618/167 46/616/168
f 4/617/169 3/619/170 48/620/171 47/618/172
f 3/619/173 2/1/174 41/4/175 48/620/176
f 41/69/177 42/113/178 50/156/179 49/541/180
f 42/113/181 43/56/182 51/64/183 50/156/184
f 43/56/185 44/57/186 52/58/187 51/64/188
f 44/57/189 45/44/190 53/96/191 52/58/192
f 45/44/193 46/59/194 54/65/195 53/96/196
f 46/97/197 47/54/198 55/62/199 54/101/200
f 47/54/201 48/60/202 56/61/203 55/62/204
f 48/60/205 41/69/206 49/541/207 56/61/208
f 57/71/209 58/72/210 66/82/211 65/76/212
f 58/72/213 59/73/214 67/453/215 66/82/216
f 59/73/217 60/93/218 68/455/219 67/453/220
f 60/102/221 61/112/222 69/166/223 68/457/224
f 61/112/225 62/75/226 70/460/227 69/166/228
f 62/75/229 63/78/230 71/463/231 70/460/232
f 63/78/233 64/80/234 72/469/235 71/463/236
f 64/80/237 57/71/238 65/76/239 72/469/240
f 97/91/241 98/92/242 105/124/243 106/123/244
f 98/92/245 99/127/246 112/526/247 105/124/248
f 99/127/249 100/130/250 111/590/251 112/526/252
f 100/130/253 101/182/254 110/624/255 111/590/256
f 101/647/257 102/84/258 109/134/259 110/198/260
f 102/84/261 103/85/262 108/670/263 109/134/264
f 103/85/265 104/89/266 107/676/267 108/670/268
f 104/89/269 97/91/270 106/123/271 107/676/272
f 73/34/273 74/35/274 82/38/275 81/41/276
f 74/35/277 75/68/278 83/539/279 82/38/280
f 75/68/281 76/66/282 84/544/283 83/539/284
f 76/66/285 77/98/286 85/99/287 84/544/288
f 77/546/289 78/100/290 86/552/291 85/547/292
f 78/100/293 79/561/294 87/563/295 86/552/296
f 79/561/297 80/43/298 88/94/299 87/563/300
f 80/43/301 73/34/302 81/41/303 88/94/304
f 81/41/305 82/38/306 90/95/307 89/560/308
f 82/38/309 83/539/310 91/621/311 90/95/312
f 83/539/313 84/544/314 92/554/315 91/621/316
f 84/544/317 85/99/318 93/553/319 92/554/320
f 85/547/321 86/552/322 94/556/323 93/548/324
f 86/552/325 87/563/326 95/570/327 94/556/328
f 87/563/329 88/94/330 96/568/331 95/570/332
f 88/94/333 81/41/334 89/560/335 96/568/336
f 64/70/337 63/74/338 62/77/339 61/79/340 60/81/341 59/115/342 58/72/343 57/71/344
f 65/83/345 66/87/346 98/92/347 97/91/348
f 66/87/349 67/116/350 99/117/351 98/92/352
f 67/116/353 68/118/354 100/119/355 99/117/356
f 68/118/357 69/120/358 101/121/359 100/119/360
f 69/120/361 70/122/362 102/191/363 101/121/364
f 70/122/365 71/201/366 103/202/367 102/191/368
f 71/201/369 72/205/370 104/208/371 103/202/372
f 72/205/373 65/83/374 97/91/375 104/208/376
f 74/86/377 73/110/378 106/123/379 105/124/380
f 73/110/381 80/125/382 107/128/383 106/123/384
f 80/125/385 79/131/386 108/132/387 107/128/388
f 79/131/389 78/133/390 109/482/391 108/132/392
f 78/133/393 77/135/394 110/496/395 109/482/396
f 77/135/397 76/209/398 111/222/399 110/496/400
f 76/209/401 75/257/402 112/262/403 111/222/404
f 75/257/405 74/86/406 105/124/407 112/262/408
f 121/158/409 122/159/410 129/160/411 130/577/412
f 122/159/413 123/593/414 136/603/415 129/160/416
f 123/593/417 124/109/418 135/598/419 136/603/420
f 124/109/421 125/149/422 134/162/423 135/598/424
f 125/37/425 126/161/426 133/606/427 134/165/428
f 126/161/429 127/608/430 132/609/431 133/606/432
f 127/608/433 128/578/434 131/612/435 132/609/436
f 128/578/437 121/158/438 130/577/439 131/612/440
f 89/104/441 90/105/442 122/106/443 121/107/444
f 90/105/445 91/108/446 123/114/447 122/106/448
f 91/108/449 92/150/450 124/151/451 123/114/452
f 92/150/453 93/152/454 125/153/455 124/151/456
f 93/152/457 94/154/458 126/155/459 125/153/460
f 94/154/461 95/591/462 127/592/463 126/155/464
f 95/591/465 96/594/466 128/597/467 127/592/468
f 96/594/469 89/104/470 121/107/471 128/597/472
f 114/142/473 113/141/474 130/579/475 129/581/476
f 113/141/477 120/148/478 131/582/479 130/579/480
f 120/148/481 119/147/482 132/585/483 131/582/484
f 119/147/485 118/146/486 133/586/487 132/585/488
f 118/146/489 117/145/490 134/587/491 133/586/492
f 117/145/493 116/144/494 135/599/495 134/587/496
f 116/144/497 115/143/498 136/600/499 135/599/500
f 115/143/501 114/142/502 129/581/503 136/600/504
f 137/88/505 139/505/506 140/509/507 138/203/508
f 141/730/509 142/735/510 144/736/511 143/737/512
f 137/781/513 138/782/514 147/783/515 162/784/516
f 138/111/517 140/126/518 148/137/519 150/138/520 147/140/521
f 161/167/522 165/169/523 164/170/524 146/171/525
f 141/90/526 143/129/527 165/136/528 161/139/529
f 146/168/530 164/174/531 144/176/532 142/206/533 145/212/534 149/794/535
f 154/195/536 151/519/537 159/520/538 160/192/539
f 149/794/540 145/212/541 147/140/542 150/138/543
f 149/739/544 152/177/545 158/178/546
f 149/173/547 150/179/548 153/186/549 152/187/550
f 148/516/551 154/210/552 160/213/553
f 148/180/554 146/533/555 163/533/556 151/519/557 154/195/558
f 155/661/559 158/663/560 157/672/561 156/677/562
f 158/192/563 152/195/564 153/519/565 157/520/566
f 159/181/567 155/183/568 156/184/569 160/185/570
f 146/171/571 148/172/572 161/167/573
f 148/172/574 140/175/575 139/196/576 161/167/577
f 161/139/578 139/188/579 137/211/580 162/214/581 141/90/582
f 145/785/583 142/786/584 141/787/585
f 147/783/586 145/785/587 141/787/588 162/784/589
f 156/218/590 157/221/591 150/223/592
f 157/221/593 153/228/594 150/223/595
f 148/516/596 160/213/597 156/218/598
f 156/218/599 150/223/600 148/516/601
f 159/740/602 151/189/603 163/190/604
f 158/178/605 155/741/606 149/739/607
f 155/741/608 146/738/609 149/739/610
f 155/741/611 159/740/612 163/190/613 146/738/614
f 177/193/615 174/194/616 175/199/617 176/227/618 191/230/619 189/242/620
f 143/788/621 144/789/622 167/790/623 166/791/624
f 144/176/625 164/174/626 168/795/627 167/796/628
f 164/229/629 165/241/630 169/733/631 168/734/632
f 165/136/633 143/129/634 166/792/635 169/793/636
f 166/216/637 167/339/638 171/704/639 170/728/640
f 167/339/641 168/729/642 172/731/643 171/704/644
f 168/729/645 169/732/646 173/778/647 188/779/648 190/780/649 172/731/650
f 169/732/651 166/216/652 170/728/653 173/778/654
f 170/745/655 171/744/656 178/746/657 175/743/658 174/742/659
f 171/215/660 172/219/661 179/225/662 178/245/663
f 192/595/664 193/596/665 191/356/666 176/357/667 194/373/668
f 173/220/669 170/248/670 174/332/671 177/385/672
f 183/226/673 180/236/674 181/415/675 182/419/676
f 176/227/677 175/199/678 181/678/679 180/681/680
f 184/747/681 185/748/682 186/749/683 187/750/684
f 178/207/685 179/217/686 183/239/687 182/407/688
f 179/637/689 176/357/690 180/418/691 183/679/692
f 175/197/693 178/224/694 185/237/695 184/238/696
f 178/207/697 182/407/698 186/412/699 185/413/700
f 182/419/701 181/415/702 187/421/703 186/422/704
f 181/678/705 175/199/706 184/684/707 187/685/708
f 196/680/709 195/689/710 177/607/711 189/427/712
f 190/584/713 188/540/714 189/427/715 191/356/716
f 172/349/717 190/350/718 193/431/719 192/433/720
f 190/200/721 191/243/722 193/244/723
f 176/246/724 179/225/725 194/402/726
f 179/225/727 172/219/728 192/799/729 194/402/730
f 173/220/731 177/385/732 195/386/733
f 189/204/734 188/249/735 196/250/736
f 188/299/737 173/323/738 195/424/739 196/425/740
f 265/751/741 266/752/742 269/753/743 270/754/744
f 275/428/745 276/429/746 281/430/747 282/690/748
f 276/429/749 277/691/750 280/434/751 281/430/752
f 274/755/753 265/751/754 270/754/755 271/756/756
f 223/231/757 224/232/758 225/233/759 226/381/760 227/384/761 228/390/762 221/395/763 222/414/764
f 205/261/765 206/263/766 230/264/767 207/265/768 208/266/769 209/267/770 210/268/771 211/269/772 212/270/773
f 198/247/774 197/251/775 214/252/776 213/258/777
f 197/251/778 204/271/779 215/273/780 214/252/781
f 204/271/782 203/274/783 216/275/784 215/273/785
f 203/274/786 202/276/787 217/277/788 216/275/789
f 202/276/790 201/278/791 218/280/792 217/277/793
f 201/278/794 200/281/795 219/282/796 218/280/797
f 200/281/798 199/283/799 220/284/800 219/282/801
f 199/283/802 229/285/803 198/247/804 213/258/805 220/284/806
f 213/235/807 214/240/808 222/414/809 221/253/810
f 214/240/811 215/444/812 223/231/813 222/414/814
f 215/444/815 216/503/816 224/255/817 223/231/818
f 216/503/819 217/507/820 225/575/821 224/255/822
f 217/507/823 218/510/824 226/641/825 225/575/826
f 218/510/827 219/513/828 227/529/829 226/641/830
f 219/513/831 220/515/832 228/528/833 227/529/834
f 220/234/835 213/235/836 221/253/837 228/260/838
f 231/286/839 232/288/840 258/290/841 263/291/842
f 229/285/843 199/283/844 232/287/845 231/289/846 267/295/847
f 275/428/848 282/690/849 283/692/850 284/491/851
f 207/265/852 230/264/853 234/292/854 233/300/855
f 292/761/856 291/762/857 249/763/858 234/760/859
f 301/693/860 298/695/861 299/698/862 300/709/863
f 203/274/864 204/271/865 237/296/866 236/298/867
f 274/755/868 271/756/869 272/297/870 273/764/871
f 212/270/872 211/269/873 235/302/874 238/341/875
f 291/762/876 292/761/877 285/765/878 290/766/879
f 297/569/880 302/710/881 293/711/882 296/610/883
f 298/695/884 301/693/885 302/710/886 297/569/887
f 290/766/888 285/765/889 286/767/890 289/768/891
f 248/340/892 233/344/893 234/686/894 249/687/895
f 296/610/896 293/711/897 294/712/898 295/613/899
f 247/311/900 262/307/901 268/769/902 263/758/903 249/763/904
f 245/713/905 261/634/906 264/648/907 250/714/908
f 289/768/909 286/767/910 287/309/911 288/770/912
f 252/454/913 239/441/914 240/797/915 260/798/916
f 262/307/917 247/311/918 239/441/919 252/454/920
f 254/650/921 242/651/922 241/652/923 253/715/924
f 255/655/925 243/659/926 242/651/927 254/650/928
f 256/664/929 244/666/930 243/659/931 255/655/932
f 261/634/933 245/713/934 244/666/935 256/664/936
f 260/798/937 240/797/938 246/771/939 257/772/940
f 258/290/941 248/340/942 249/687/943 263/291/944
f 253/715/945 241/652/946 248/667/947 258/716/948
f 257/772/949 246/771/950 251/773/951 259/318/952
f 269/753/953 266/752/954 267/759/955 268/769/956
f 280/434/957 277/691/958 278/717/959 279/673/960
f 197/251/961 198/247/962 266/319/963 265/320/964
f 198/247/965 229/285/966 266/319/967
f 231/757/968 263/758/969 268/769/970 267/759/971
f 262/254/972 269/256/973 268/259/974
f 262/254/975 252/308/976 269/256/977
f 252/308/978 260/314/979 270/316/980 269/256/981
f 260/314/982 257/511/983 271/514/984 270/316/985
f 257/511/986 259/518/987 272/524/988 271/514/989
f 237/296/990 204/271/991 274/321/992 273/322/993
f 204/271/994 197/251/995 265/320/996 274/321/997
f 199/283/998 200/281/999 275/324/1000
f 200/281/1001 201/278/1002 276/325/1003 275/324/1004
f 201/278/1005 202/276/1006 277/338/1007 276/325/1008
f 202/276/1009 203/274/1010 277/338/1011
f 203/274/1012 236/298/1013 278/435/1014 277/338/1015
f 264/326/1016 261/327/1017 280/328/1018 279/329/1019
f 261/327/1020 256/330/1021 280/328/1022
f 256/330/1023 255/331/1024 281/333/1025 280/328/1026
f 255/331/1027 254/334/1028 282/335/1029 281/333/1030
f 254/334/1031 253/336/1032 282/335/1033
f 253/336/1034 258/611/1035 283/633/1036 282/335/1037
f 258/290/1038 232/288/1039 284/688/1040 283/800/1041
f 232/287/1042 199/283/1043 275/324/1044 284/440/1045
f 206/263/1046 205/261/1047 285/387/1048 292/483/1049
f 205/261/1050 212/270/1051 286/494/1052 285/387/1053
f 212/270/1054 238/341/1055 287/499/1056 286/494/1057
f 251/293/1058 246/294/1059 289/301/1060 288/303/1061
f 246/294/1062 240/306/1063 290/310/1064 289/301/1065
f 240/306/1066 239/312/1067 291/313/1068 290/310/1069
f 239/312/1070 247/315/1071 291/313/1072
f 247/315/1073 249/317/1074 291/313/1075
f 234/292/1076 230/264/1077 292/483/1078
f 230/264/1079 206/263/1080 292/483/1081
f 208/266/1082 207/265/1083 293/502/1084
f 207/265/1085 233/300/1086 294/669/1087 293/502/1088
f 233/344/1089 248/340/1090 295/801/1091 294/802/1092
f 248/304/1093 241/343/1094 296/345/1095 295/346/1096
f 241/343/1097 242/347/1098 296/345/1099
f 242/347/1100 243/348/1101 297/352/1102 296/345/1103
f 243/348/1104 244/353/1105 298/354/1106 297/352/1107
f 244/353/1108 245/375/1109 298/354/1110
f 245/375/1111 250/571/1112 299/588/1113 298/354/1114
f 235/302/1115 211/269/1116 301/671/1117 300/674/1118
f 211/269/1119 210/268/1120 301/671/1121
f 210/268/1122 209/267/1123 302/675/1124 301/671/1125
f 209/267/1126 208/266/1127 293/502/1128 302/675/1129
f 267/295/1130 266/319/1131 229/285/1132
f 303/774/1133 304/405/1134 311/775/1135 306/776/1136 305/777/1137
f 305/392/1138 309/423/1139 307/426/1140 303/432/1141
f 312/411/1142 310/420/1143 306/438/1144 311/442/1145
f 311/775/1146 304/405/1147 314/458/1148 313/461/1149
f 308/694/1150 312/718/1151 316/719/1152 315/696/1153
f 312/437/1154 311/451/1155 313/456/1156 316/697/1157
f 326/720/1158 327/721/1159 307/699/1160 309/700/1161
f 323/722/1162 319/701/1163 320/702/1164 321/703/1165 322/723/1166
f 310/420/1167 312/411/1168 320/467/1169 319/473/1170
f 312/411/1171 308/478/1172 321/479/1173 320/467/1174
f 317/459/1175 318/465/1176 323/475/1177 322/549/1178
f 324/705/1179 318/725/1180 317/724/1181 325/706/1182
f 330/726/1183 331/707/1184 328/708/1185 329/727/1186
f 327/649/1187 326/654/1188 330/682/1189 329/683/1190
f 324/481/1191 325/485/1192 328/490/1193 331/493/1194
f 332/272/1195 333/279/1196 335/305/1197 334/374/1198
f 332/272/1199 336/389/1200 337/393/1201 333/279/1202
f 333/279/1203 337/486/1204 339/439/1205 335/305/1206
f 334/374/1207 338/436/1208 336/471/1209 332/272/1210
f 340/337/1211 341/342/1212 349/351/1213 348/355/1214
f 341/342/1215 342/359/1216 350/360/1217 349/351/1218
f 342/359/1219 343/363/1220 351/364/1221 350/360/1222
f 343/363/1223 344/367/1224 352/368/1225 351/364/1226
f 344/380/1227 345/468/1228 353/476/1229 352/477/1230
f 345/468/1231 346/504/1232 354/506/1233 353/476/1234
f 346/504/1235 347/512/1236 355/517/1237 354/506/1238
f 347/512/1239 340/337/1240 348/355/1241 355/517/1242
f 348/527/1243 349/530/1244 350/531/1245 351/364/1246 352/368/1247 353/535/1248 354/536/1249 355/545/1250
f 356/358/1251 357/361/1252 365/362/1253 364/365/1254
f 357/361/1255 358/369/1256 366/370/1257 365/362/1258
f 358/369/1259 359/382/1260 367/508/1261 366/370/1262
f 359/382/1263 360/521/1264 368/522/1265 367/508/1266
f 360/388/1267 361/396/1268 369/397/1269 368/532/1270
f 361/396/1271 362/398/1272 370/399/1273 369/397/1274
f 362/398/1275 363/574/1276 371/576/1277 370/399/1278
f 363/574/1279 356/358/1280 364/365/1281 371/576/1282
f 364/372/1283 365/377/1284 366/379/1285 367/383/1286 368/391/1287 369/397/1288 370/399/1289 371/400/1290
f 372/366/1291 373/371/1292 381/378/1293 380/401/1294
f 373/371/1295 374/403/1296 382/404/1297 381/378/1298
f 374/403/1299 375/406/1300 383/410/1301 382/404/1302
f 375/406/1303 376/408/1304 384/409/1305 383/410/1306
f 376/408/1307 377/525/1308 385/534/1309 384/409/1310
f 377/525/1311 378/580/1312 386/583/1313 385/534/1314
f 378/580/1315 379/601/1316 387/602/1317 386/583/1318
f 379/601/1319 372/622/1320 380/623/1321 387/602/1322
f 380/638/1323 381/639/1324 382/642/1325 383/643/1326 384/644/1327 385/646/1328 386/583/1329 387/602/1330
f 388/376/1331 389/394/1332 397/416/1333 396/417/1334
f 389/394/1335 390/445/1336 398/446/1337 397/416/1338
f 390/445/1339 391/472/1340 399/495/1341 398/446/1342
f 391/472/1343 392/537/1344 400/565/1345 399/495/1346
f 392/448/1347 393/449/1348 401/589/1349 400/604/1350
f 393/449/1351 394/450/1352 402/605/1353 401/589/1354
f 394/450/1355 395/464/1356 403/474/1357 402/605/1358
f 395/464/1359 388/376/1360 396/417/1361 403/474/1362
f 396/636/1363 397/640/1364 398/645/1365 399/495/1366 400/565/1367 401/656/1368 402/657/1369 403/658/1370
f 404/443/1371 405/447/1372 413/452/1373 412/462/1374
f 405/447/1375 406/466/1376 414/470/1377 413/452/1378
f 406/466/1379 407/523/1380 415/566/1381 414/470/1382
f 407/523/1383 408/635/1384 416/653/1385 415/566/1386
f 408/480/1387 409/484/1388 417/660/1389 416/662/1390
f 409/484/1391 410/487/1392 418/665/1393 417/660/1394
f 410/487/1395 411/489/1396 419/668/1397 418/665/1398
f 411/489/1399 404/443/1400 412/462/1401 419/668/1402
f 412/462/1403 413/452/1404 414/488/1405 415/492/1406 416/497/1407 417/498/1408 418/500/1409 419/501/1410

g SVD
usemtl SVD
f 420/803/1411 421/804/1412 429/805/1413 428/806/1414
f 421/804/1415 422/807/1416 430/808/1417 429/805/1418
f 422/807/1419 423/810/1420 431/811/1421 430/808/1422
f 423/810/1423 424/813/1424 432/814/1425 431/811/1426
f 424/813/1427 425/816/1428 433/817/1429 432/814/1430
f 425/816/1431 426/819/1432 434/820/1433 433/817/1434
f 426/819/1435 427/809/1436 435/815/1437 434/820/1438
f 427/818/1439 420/803/1440 428/806/1441 435/812/1442
f 594/821/1443 595/822/1444 584/823/1445 585/824/1446
f 596/825/1447 597/826/1448 588/827/1449 589/828/1450
f 438/829/1451 439/830/1452 453/831/1453 454/832/1454
f 439/830/1455 440/833/1456 452/834/1457 453/831/1458
f 546/835/1459 545/836/1460 547/837/1461 548/838/1462
f 441/839/1463 442/840/1464 457/841/1465 458/842/1466
f 442/840/1467 436/843/1468 456/844/1469 457/841/1470
f 439/845/1471 438/846/1472 437/847/1473 440/848/1474
f 441/849/1475 440/848/1476 437/847/1477
f 442/850/1478 441/849/1479 437/847/1480 436/851/1481
f 452/852/1482 451/853/1483 465/854/1484 466/855/1485
f 453/856/1486 452/852/1487 466/855/1488 467/857/1489
f 454/858/1490 453/856/1491 467/857/1492 468/859/1493
f 455/860/1494 454/858/1495 468/859/1496 469/861/1497
f 456/862/1498 455/860/1499 469/861/1500 470/863/1501
f 457/864/1502 456/865/1503 470/866/1504 471/867/1505
f 458/868/1506 457/864/1507 471/867/1508 472/869/1509
f 451/853/1510 458/868/1511 472/869/1512 465/854/1513
f 521/870/1514 464/871/1515 461/872/1516
f 460/873/1517 524/874/1518 451/875/1519 452/876/1520
f 463/877/1521 440/848/1522 441/849/1523 464/871/1524
f 482/878/1525 481/879/1526 483/880/1527 484/881/1528
f 485/882/1529 482/878/1530 484/881/1531 486/883/1532
f 487/884/1533 485/882/1534 486/883/1535 488/885/1536
f 489/886/1537 487/884/1538 488/885/1539 490/887/1540
f 491/888/1541 489/889/1542 490/890/1543 492/891/1544
f 493/892/1545 491/888/1546 492/891/1547 494/893/1548
f 495/894/1549 493/892/1550 494/893/1551 496/895/1552
f 481/879/1553 495/894/1554 496/895/1555 483/880/1556
f 474/896/1557 473/897/1558 511/898/1559 512/899/1560
f 475/900/1561 474/896/1562 512/899/1563 505/901/1564
f 476/902/1565 475/900/1566 505/901/1567 506/903/1568
f 477/904/1569 476/902/1570 506/903/1571 507/905/1572
f 478/906/1573 477/907/1574 507/908/1575 508/909/1576
f 479/910/1577 478/906/1578 508/909/1579 509/911/1580
f 480/912/1581 479/910/1582 509/911/1583 510/913/1584
f 473/897/1585 480/912/1586 510/913/1587 511/898/1588
f 466/914/1589 465/915/1590 481/916/1591 482/917/1592
f 473/918/1593 474/919/1594 484/920/1595 483/921/1596
f 467/922/1597 466/914/1598 482/917/1599 485/923/1600
f 474/919/1601 475/924/1602 486/925/1603 484/920/1604
f 468/926/1605 467/922/1606 485/923/1607 487/927/1608
f 475/924/1609 476/928/1610 488/929/1611 486/925/1612
f 469/930/1613 468/926/1614 487/927/1615 489/931/1616
f 476/928/1617 477/932/1618 490/933/1619 488/929/1620
f 470/934/1621 469/930/1622 489/931/1623 491/935/1624
f 477/932/1625 478/936/1626 492/937/1627 490/933/1628
f 471/938/1629 470/934/1630 491/935/1631 493/939/1632
f 478/936/1633 479/940/1634 494/941/1635 492/937/1636
f 472/942/1637 471/938/1638 493/939/1639 495/943/1640
f 479/940/1641 480/944/1642 496/945/1643 494/941/1644
f 465/915/1645 472/942/1646 495/943/1647 481/916/1648
f 480/944/1649 473/918/1650 483/921/1651 496/945/1652
f 498/946/1653 497/947/1654 446/948/1655 445/949/1656
f 499/950/1657 498/951/1658 445/952/1659 444/953/1660
f 500/954/1661 499/950/1662 444/953/1663 443/955/1664
f 501/956/1665 500/954/1666 443/955/1667 450/957/1668
f 502/958/1669 501/956/1670 450/957/1671 449/959/1672
f 503/960/1673 502/958/1674 449/959/1675 448/961/1676
f 504/962/1677 503/960/1678 448/961/1679 447/963/1680
f 497/947/1681 504/962/1682 447/963/1683 446/948/1684
f 506/903/1685 505/901/1686 513/964/1687 514/965/1688
f 497/966/1689 498/967/1690 514/968/1691 513/969/1692
f 507/905/1693 506/903/1694 514/965/1695 515/970/1696
f 498/967/1697 499/972/1698 515/973/1699 514/968/1700
f 508/909/1701 507/908/1702 515/975/1703 516/976/1704
f 499/972/1705 500/977/1706 516/978/1707 515/973/1708
f 509/911/1709 508/909/1710 516/976/1711 517/979/1712
f 500/977/1713 501/980/1714 517/981/1715 516/978/1716
f 510/913/1717 509/911/1718 517/979/1719 518/982/1720
f 501/980/1721 502/983/1722 518/984/1723 517/981/1724
f 511/898/1725 510/913/1726 518/982/1727 519/985/1728
f 502/983/1729 503/986/1730 519/987/1731 518/984/1732
f 512/899/1733 511/898/1734 519/985/1735 520/988/1736
f 503/986/1737 504/989/1738 520/990/1739 519/987/1740
f 505/901/1741 512/899/1742 520/988/1743 513/964/1744
f 504/989/1745 497/966/1746 513/969/1747 520/990/1748
f 550/991/1749 549/992/1750 551/993/1751 552/994/1752
f 524/995/1753 523/996/1754 521/997/1755 522/998/1756
f 460/999/1757 459/1000/1758 525/1001/1759 526/1002/1760
f 459/1003/1761 523/1004/1762 527/1005/1763 525/1006/1764
f 523/996/1765 524/995/1766 528/1007/1767 527/1008/1768
f 524/874/1769 460/873/1770 526/1009/1771 528/1010/1772
f 522/998/1773 521/997/1774 529/1011/1775 530/1012/1776
f 521/870/1777 461/872/1778 531/1013/1779 529/1014/1780
f 461/1015/1781 462/1016/1782 532/1017/1783 531/1018/1784
f 462/1019/1785 522/1020/1786 530/1021/1787 532/1022/1788
f 526/1002/1789 525/1001/1790 572/1023/1791 573/1024/1792
f 525/1006/1793 527/1005/1794 572/1025/1795
f 528/1010/1796 526/1009/1797 573/1026/1798
f 529/1014/1799 531/1013/1800 571/1027/1801
f 531/1018/1802 532/1017/1803 570/1028/1804 571/1029/1805
f 532/1022/1806 530/1021/1807 570/1030/1808
f 534/1031/1809 533/1032/1810 541/1033/1811 542/1034/1812
f 533/1035/1813 535/1036/1814 541/1037/1815
f 536/1038/1816 534/1039/1817 542/1040/1818
f 537/1041/1819 539/1042/1820 543/1043/1821
f 539/1044/1822 540/1045/1823 544/1046/1824 543/1047/1825
f 540/1048/1826 538/1049/1827 544/1050/1828
f 542/1034/1829 541/1033/1830 545/836/1831 546/835/1832
f 541/1037/1833 535/1036/1834 547/1051/1835 545/1052/1836
f 535/1053/1837 536/1054/1838 548/1055/1839 547/1056/1840
f 536/1038/1841 542/1040/1842 546/1057/1843 548/1058/1844
f 538/1059/1845 537/1060/1846 549/1061/1847 550/1062/1848
f 537/1041/1849 543/1043/1850 551/1063/1851 549/1064/1852
f 543/1047/1853 544/1046/1854 552/994/1855 551/993/1856
f 544/1050/1857 538/1049/1858 550/1065/1859 552/1066/1860
f 452/834/1861 440/833/1862 553/1067/1863 554/1068/1864
f 440/833/1865 463/1069/1866 553/1067/1867
f 463/1069/1868 459/1000/1869 555/1070/1870 553/1067/1871
f 459/1000/1872 460/999/1873 556/1071/1874 555/1070/1875
f 460/999/1876 452/834/1877 554/1068/1878 556/1071/1879
f 441/839/1880 458/842/1881 558/1072/1882 557/1073/1883
f 458/842/1884 462/1016/1885 559/1074/1886 558/1072/1887
f 462/1016/1888 461/1015/1889 560/1075/1890 559/1074/1891
f 461/1015/1892 464/1076/1893 557/1073/1894 560/1075/1895
f 464/1076/1896 441/839/1897 557/1073/1898
f 556/1077/1899 554/1078/1900 558/1079/1901 559/1080/1902
f 553/1081/1903 555/1082/1904 560/1083/1905 557/1084/1906
f 554/1078/1907 553/1081/1908 557/1084/1909 558/1079/1910
f 556/1077/1911 559/1080/1912 560/1085/1913 555/1086/1914
f 443/1087/1915 444/1088/1916 562/1089/1917 561/1090/1918
f 444/1088/1919 445/1091/1920 563/1092/1921 562/1089/1922
f 445/1091/1923 446/1093/1924 564/1094/1925 563/1092/1926
f 446/1093/1927 447/1095/1928 565/1096/1929 564/1094/1930
f 447/1095/1931 448/1097/1932 566/1098/1933 565/1096/1934
f 448/1097/1935 449/1099/1936 567/1100/1937 566/1098/1938
f 449/1099/1939 450/1101/1940 568/1102/1941 567/1100/1942
f 450/1101/1943 443/1087/1944 561/1090/1945 568/1102/1946
f 561/1103/1947 562/1104/1948 569/1105/1949
f 562/1106/1950 563/1107/1951 569/1105/1952
f 563/1107/1953 564/1108/1954 569/1105/1955
f 564/1108/1956 565/1109/1957 569/1105/1958
f 565/1109/1959 566/1110/1960 569/1105/1961
f 566/1110/1962 567/1111/1963 569/1105/1964
f 567/1111/1965 568/1112/1966 569/1105/1967
f 568/1112/1968 561/1103/1969 569/1105/1970
f 530/1012/1971 529/1011/1972 537/1060/1973 538/1059/1974
f 570/1030/1975 530/1021/1976 538/1049/1977 540/1048/1978
f 571/1029/1979 570/1028/1980 540/1045/1981 539/1044/1982
f 529/1014/1983 571/1027/1984 539/1042/1985 537/1041/1986
f 573/1024/1987 572/1023/1988 533/1032/1989 534/1031/1990
f 528/1010/1991 573/1026/1992 534/1039/1993 536/1038/1994
f 527/1008/1995 528/1007/1996 536/1054/1997 535/1053/1998
f 572/1025/1999 527/1005/2000 535/1036/2001 533/1035/2002
f 436/1113/2003 437/1114/2004 575/1115/2005 574/1116/2006
f 437/1114/2007 455/1117/2008 576/1118/2009 575/1115/2010
f 455/1117/2011 456/1119/2012 577/1120/2013 576/1118/2014
f 456/1119/2015 436/1113/2016 574/1116/2017 577/1120/2018
f 437/1121/2019 438/1122/2020 579/1123/2021 578/1124/2022
f 438/1122/2023 454/1125/2024 580/1126/2025 579/1123/2026
f 454/1125/2027 455/1127/2028 581/1128/2029 580/1126/2030
f 455/1127/2031 437/1121/2032 578/1124/2033 581/1128/2034
f 574/1129/2035 575/1130/2036 583/1131/2037 582/1132/2038
f 591/1133/2039 576/1134/2040 584/1135/2041
f 576/1136/2042 577/1137/2043 585/824/2044 584/823/2045
f 577/1138/2046 590/1139/2047 585/1140/2048
f 578/1141/2049 579/1142/2050 587/1143/2051 586/1144/2052
f 593/1145/2053 580/1146/2054 588/1147/2055
f 580/1148/2056 581/1149/2057 589/828/2058 588/827/2059
f 581/1150/2060 578/1151/2061 586/1152/2062 592/1153/2063
f 582/1132/2064 583/1131/2065 591/1154/2066 590/1155/2067
f 586/1144/2068 587/1143/2069 593/1156/2070 592/1157/2071
f 577/1138/2072 574/1158/2073 582/1159/2074 590/1139/2075
f 575/1160/2076 576/1134/2077 591/1133/2078 583/1161/2079
f 581/1150/2080 592/1153/2081 589/1162/2082
f 579/1163/2083 580/1146/2084 593/1145/2085 587/1164/2086
f 590/1155/2087 591/1154/2088 595/822/2089 594/821/2090
f 591/1133/2091 584/1135/2092 595/1165/2093
f 585/1140/2094 590/1139/2095 594/1166/2096
f 592/1157/2097 593/1156/2098 597/826/2099 596/825/2100
f 593/1145/2101 588/1147/2102 597/1167/2103
f 589/1162/2104 592/1153/2105 596/1168/2106
f 523/1004/2107 459/1003/2108 463/877/2109
f 523/1004/2110 463/877/2111 464/871/2112 521/870/2113
f 451/875/2114 522/1020/2115 462/1019/2116 458/1169/2117
f 451/875/2118 524/874/2119 522/1020/2120
f 598/1272/2121 599/1273/2122 659/1274/2123 660/1275/2124
f 599/1273/2125 600/1276/2126 658/1277/2127 659/1274/2128
f 600/1278/2129 601/1279/2130 657/1280/2131 658/1281/2132
f 601/1282/2133 602/1283/2134 656/1284/2135 657/1285/2136
f 602/1283/2137 603/1286/2138 655/1287/2139 656/1284/2140
f 672/1288/2141 671/1289/2142 670/1290/2143 673/1291/2144
f 610/1292/2145 611/1293/2146 653/1294/2147 654/1295/2148
f 611/1293/2149 612/1296/2150 652/1297/2151 653/1294/2152
f 612/1296/2153 613/1298/2154 663/1299/2155 652/1297/2156
f 613/1298/2157 614/1300/2158 662/1301/2159 663/1299/2160
f 614/1300/2161 615/1302/2162 661/1303/2163 662/1301/2164
f 610/1292/2165 654/1295/2166 655/1287/2167 603/1286/2168
f 661/1303/2169 615/1302/2170 598/1272/2171 660/1275/2172
f 647/1304/2173 644/1305/2174 645/1306/2175 646/1307/2176
f 605/1308/2177 606/1309/2178 680/1310/2179 681/1311/2180
f 606/1312/2181 607/1313/2182 679/1314/2183 680/1315/2184
f 607/1316/2185 608/1317/2186 678/1318/2187 679/1319/2188
f 608/1317/2189 609/1320/2190 677/1321/2191 678/1318/2192
f 677/1321/2193 616/1322/2194 626/1323/2195
f 621/1324/2196 604/1325/2197 676/1326/2198
f 604/1325/2199 605/1308/2200 681/1311/2201 676/1326/2202
f 622/1327/2203 623/1328/2204 629/1329/2205 628/1330/2206
f 623/1331/2207 624/1332/2208 630/1333/2209 629/1334/2210
f 624/1335/2211 625/1336/2212 631/1337/2213 630/1338/2214
f 625/1336/2215 626/1323/2216 632/1339/2217 631/1337/2218
f 626/1323/2219 616/1322/2220 633/1340/2221 632/1339/2222
f 616/1322/2223 617/1341/2224 634/1342/2225 633/1340/2226
f 617/1341/2227 618/1343/2228 635/1344/2229 634/1342/2230
f 618/1343/2231 619/1345/2232 636/1346/2233 635/1344/2234
f 619/1345/2235 620/1347/2236 637/1348/2237 636/1346/2238
f 620/1347/2239 621/1324/2240 638/1349/2241 637/1348/2242
f 621/1324/2243 627/1350/2244 639/1351/2245 638/1349/2246
f 627/1350/2247 622/1327/2248 628/1330/2249 639/1351/2250
f 628/1352/2251 629/1353/2252 641/1354/2253 640/1355/2254
f 629/1356/2255 630/1357/2256 642/1358/2257 641/1359/2258
f 630/1357/2259 631/1360/2260 643/1361/2261 642/1358/2262
f 631/1360/2263 632/1362/2264 644/1363/2265 643/1361/2266
f 632/1362/2267 633/1364/2268 645/1365/2269 644/1363/2270
f 633/1364/2271 634/1366/2272 646/1367/2273 645/1365/2274
f 634/1366/2275 635/1368/2276 647/1369/2277 646/1367/2278
f 635/1368/2279 636/1370/2280 648/1371/2281 647/1369/2282
f 636/1370/2283 637/1372/2284 649/1373/2285 648/1371/2286
f 637/1372/2287 638/1374/2288 650/1375/2289 649/1373/2290
f 638/1374/2291 639/1376/2292 651/1377/2293 650/1375/2294
f 639/1376/2295 628/1352/2296 640/1355/2297 651/1377/2298
f 653/1294/2299 652/1297/2300 618/1343/2301 617/1341/2302
f 654/1295/2303 653/1294/2304 617/1341/2305 616/1322/2306
f 655/1287/2307 654/1295/2308 616/1322/2309 609/1320/2310
f 656/1284/2311 655/1287/2312 609/1320/2313 608/1317/2314
f 657/1285/2315 656/1284/2316 608/1317/2317 607/1316/2318
f 658/1281/2319 657/1280/2320 607/1313/2321 606/1312/2322
f 659/1274/2323 658/1277/2324 606/1309/2325 605/1308/2326
f 660/1275/2327 659/1274/2328 605/1308/2329 604/1325/2330
f 621/1324/2331 661/1303/2332 660/1275/2333 604/1325/2334
f 662/1301/2335 661/1303/2336 621/1324/2337 620/1347/2338
f 663/1299/2339 662/1301/2340 620/1347/2341 619/1345/2342
f 652/1297/2343 663/1299/2344 619/1345/2345 618/1343/2346
f 651/1378/2347 648/1379/2348 649/1380/2349 650/1381/2350
f 640/1382/2351 641/1383/2352 648/1379/2353 651/1378/2354
f 647/1304/2355 642/1384/2356 643/1385/2357 644/1305/2358
f 648/1379/2359 641/1383/2360 642/1384/2361 647/1304/2362
f 600/1386/2363 599/1387/2364 664/1388/2365 665/1389/2366
f 601/1390/2367 600/1391/2368 665/1392/2369 666/1393/2370
f 602/1394/2371 601/1390/2372 666/1393/2373 667/1395/2374
f 603/1396/2375 602/1394/2376 667/1395/2377 668/1397/2378
f 611/1398/2379 610/1399/2380 669/1400/2381 670/1401/2382
f 612/1402/2383 611/1398/2384 670/1401/2385 671/1403/2386
f 613/1404/2387 612/1402/2388 671/1403/2389 672/1405/2390
f 614/1406/2391 613/1404/2392 672/1405/2393 673/1407/2394
f 615/1408/2395 614/1406/2396 673/1407/2397 674/1409/2398
f 598/1410/2399 615/1408/2400 674/1409/2401 675/1411/2402
f 610/1399/2403 603/1396/2404 668/1397/2405 669/1400/2406
f 599/1387/2407 598/1410/2408 675/1411/2409 664/1388/2410
f 678/1318/2411 677/1321/2412 626/1323/2413 625/1336/2414
f 679/1319/2415 678/1318/2416 625/1336/2417 624/1335/2418
f 680/1315/2419 679/1314/2420 624/1332/2421 623/1331/2422
f 681/1311/2423 680/1310/2424 623/1328/2425 622/1327/2426
f 676/1326/2427 681/1311/2428 622/1327/2429 627/1350/2430
f 621/1324/2431 676/1326/2432 627/1350/2433
f 677/1321/2434 609/1320/2435 616/1322/2436
f 673/1291/2437 670/1290/2438 669/1412/2439 674/1413/2440
f 675/1414/2441 668/1415/2442 667/1416/2443 664/1417/2444
f 674/1413/2445 669/1412/2446 668/1415/2447 675/1414/2448
f 664/1417/2449 667/1416/2450 666/1418/2451 665/1419/2452
f 696/1420/2453 682/1421/2454 695/1422/2455
f 693/1423/2456 690/1424/2457 689/1425/2458
f 682/1426/2459 684/1170/2460 689/1171/2461 690/1427/2462
f 714/1428/2463 713/1429/2464 686/1430/2465 709/1431/2466
f 692/1432/2467 704/1433/2468 705/1434/2469 688/1435/2470
f 694/1436/2471 701/1437/2472 703/1438/2473 711/1439/2474
f 685/1440/2475 697/1441/2476 696/1420/2477 695/1422/2478
f 707/1442/2479 697/1441/2480 685/1440/2481 706/1443/2482
f 697/1444/2483 707/1445/2484 708/1446/2485 692/1447/2486
f 692/1432/2487 693/1423/2488 698/1448/2489
f 699/1449/2490 696/1420/2491 697/1441/2492
f 684/1170/2493 696/974/2494 693/971/2495 689/1171/2496
f 696/974/2497 699/1450/2498 698/1451/2499 693/971/2500
f 699/1450/2501 697/1444/2502 692/1447/2503 698/1451/2504
f 721/1452/2505 688/1435/2506 691/1453/2507
f 712/1454/2508 707/1442/2509 713/1455/2510
f 708/1446/2511 707/1445/2512 712/1456/2513 715/1457/2514
f 716/1458/2515 704/1433/2516 717/1459/2517
f 718/1460/2518 695/1422/2519 700/1461/2520
f 688/1435/2521 694/1436/2522 693/1423/2523 692/1432/2524
f 683/1462/2525 720/1463/2526 721/1464/2527 691/1465/2528
f 704/1466/2529 708/1446/2530 715/1457/2531 717/1467/2532
f 716/1468/2533 714/1428/2534 709/1431/2535 687/1469/2536
f 713/1455/2537 707/1442/2538 706/1443/2539 686/1470/2540
f 712/1456/2541 713/1471/2542 714/1472/2543 715/1457/2544
f 715/1457/2545 714/1472/2546 716/1473/2547 717/1467/2548
f 718/1474/2549 700/1475/2550 701/1476/2551 719/1477/2552
f 723/1478/2553 722/1479/2554 724/1480/2555 725/1481/2556
f 720/1482/2557 718/1460/2558 722/1483/2559 723/1484/2560
f 718/1474/2561 719/1477/2562 724/1480/2563 722/1479/2564
f 719/1485/2565 721/1452/2566 725/1486/2567 724/1487/2568
f 721/1464/2569 720/1463/2570 723/1478/2571 725/1481/2572
f 685/1440/2573 718/1460/2574 720/1482/2575
f 685/1440/2576 720/1482/2577 683/1488/2578
f 719/1485/2579 688/1435/2580 721/1452/2581
f 686/1489/2582 687/1490/2583 709/1491/2584
f 706/1492/2585 705/1493/2586 687/1490/2587 686/1489/2588
f 685/1494/2589 688/1495/2590 705/1493/2591 706/1492/2592
f 685/1494/2593 683/1496/2594 691/1497/2595 688/1495/2596
f 692/1447/2597 708/1446/2598 704/1466/2599
f 704/1433/2600 716/1458/2601 687/1498/2602 705/1434/2603
f 694/1436/2604 690/1424/2605 693/1423/2606
f 696/1420/2607 684/1499/2608 682/1421/2609
f 700/1461/2610 695/1422/2611 710/1500/2612 702/1501/2613
f 719/1485/2614 694/1436/2615 688/1435/2616
f 685/1440/2617 695/1422/2618 718/1460/2619
f 701/1437/2620 694/1436/2621 719/1485/2622
f 740/1502/2623 735/1503/2624 734/1504/2625
f 727/1505/2626 728/1506/2627 736/1507/2628 735/1503/2629
f 736/1507/2630 728/1506/2631 729/1508/2632 737/1509/2633
f 729/1508/2634 730/1510/2635 738/1511/2636 737/1509/2637
f 730/1510/2638 731/1512/2639 739/1513/2640 738/1511/2641
f 731/1512/2642 732/1514/2643 742/1515/2644 739/1513/2645
f 732/1516/2646 733/1517/2647 741/1518/2648 742/1519/2649
f 733/1517/2650 726/1520/2651 740/1521/2652 741/1518/2653
f 772/1522/2654 744/1523/2655 752/1524/2656 751/1525/2657
f 744/1523/2658 745/1526/2659 753/1527/2660 752/1524/2661
f 747/1528/2662 748/1529/2663 756/1530/2664 755/1531/2665
f 748/1529/2666 749/1532/2667 770/1533/2668
f 770/1534/2669 771/1535/2670 758/1536/2671 757/1537/2672
f 771/1535/2673 772/1538/2674 751/1539/2675 758/1536/2676
f 744/1540/2677 743/1541/2678 750/1542/2679
f 745/1543/2680 744/1540/2681 750/1542/2682
f 746/1544/2683 745/1543/2684 750/1542/2685
f 747/1545/2686 746/1544/2687 750/1542/2688
f 748/1546/2689 747/1545/2690 750/1542/2691
f 749/1547/2692 748/1546/2693 750/1542/2694
f 755/1548/2695 753/1549/2696 754/1550/2697
f 752/1551/2698 756/1552/2699 757/1553/2700 751/1554/2701
f 754/1555/2702 753/1556/2703 767/1557/2704 768/1558/2705
f 753/1527/2706 745/1526/2707 763/1559/2708 767/1560/2709
f 747/1528/2710 755/1531/2711 766/1561/2712 762/1562/2713
f 755/1563/2714 754/1555/2715 768/1558/2716 766/1564/2717
f 769/1565/2718 735/1566/2719 736/1567/2720 737/1568/2721
f 739/1569/2722 769/1565/2723 737/1568/2724 738/1570/2725
f 762/1562/2726 761/1571/2727 759/1572/2728 742/1515/2729
f 764/1573/2730 763/1559/2731 740/1502/2732 734/1504/2733
f 765/1574/2734 764/1575/2735 734/1576/2736 760/1577/2737
f 761/1578/2738 765/1574/2739 760/1577/2740 759/1579/2741
f 762/1562/2742 766/1561/2743 761/1571/2744
f 767/1560/2745 763/1559/2746 764/1573/2747
f 768/1558/2748 767/1557/2749 764/1575/2750 765/1574/2751
f 766/1564/2752 768/1558/2753 765/1574/2754 761/1578/2755
f 759/1580/2756 760/1581/2757 769/1565/2758 739/1569/2759
f 760/1581/2760 734/1582/2761 735/1566/2762 769/1565/2763
f 746/1544/2764 747/1545/2765 762/1583/2766
f 763/1584/2767 745/1543/2768 746/1544/2769
f 741/1585/2770 746/1544/2771 762/1583/2772 742/1586/2773
f 741/1585/2774 740/1587/2775 763/1584/2776 746/1544/2777
f 739/1513/2778 742/1515/2779 759/1572/2780
f 740/1502/2781 726/1588/2782 727/1505/2783 735/1503/2784
f 751/1554/2785 757/1553/2786 758/1589/2787
f 752/1551/2788 753/1549/2789 755/1548/2790 756/1552/2791
f 773/1590/2792 774/1591/2793 775/1592/2794 776/1593/2795
f 774/1591/2796 777/1594/2797 778/1595/2798 775/1592/2799
f 748/1529/2800 770/1533/2801 757/1596/2802 756/1530/2803
f 743/1597/2804 744/1523/2805 772/1522/2806
f 749/1547/2807 750/1542/2808 774/1591/2809 773/1590/2810
f 771/1598/2811 770/1599/2812 776/1593/2813 775/1592/2814
f 770/1533/2815 749/1532/2816 773/1600/2817 776/1601/2818
f 750/1542/2819 743/1541/2820 777/1594/2821 774/1591/2822
f 743/1597/2823 772/1522/2824 778/1602/2825 777/1603/2826
f 772/1604/2827 771/1598/2828 775/1592/2829 778/1595/2830
f 779/1605/2831 780/1606/2832 788/1607/2833 787/1608/2834
f 780/1606/2835 781/1609/2836 789/1610/2837 788/1607/2838
f 781/1609/2839 782/1611/2840 790/1612/2841 789/1610/2842
f 782/1611/2843 783/1613/2844 791/1614/2845 790/1612/2846
f 783/1613/2847 784/1615/2848 792/1616/2849 791/1614/2850
f 784/1615/2851 785/1617/2852 793/1618/2853 792/1616/2854
f 785/1617/2855 786/1619/2856 794/1620/2857 793/1618/2858
f 786/1621/2859 779/1605/2860 787/1608/2861 794/1622/2862
f 787/1623/2863 788/1624/2864 795/1625/2865
f 788/1624/2866 789/1626/2867 795/1625/2868
f 789/1626/2869 790/1627/2870 795/1625/2871
f 790/1627/2872 791/1628/2873 795/1625/2874
f 791/1628/2875 792/1629/2876 795/1625/2877
f 792/1629/2878 793/1630/2879 795/1625/2880
f 793/1630/2881 794/1631/2882 795/1625/2883
f 794/1631/2884 787/1623/2885 795/1625/2886
f 796/1632/2887 797/1633/2888 799/1634/2889 798/1635/2890
f 798/1635/2891 799/1634/2892 801/1636/2893 800/1637/2894
f 800/1637/2895 801/1636/2896 802/1638/2897
f 802/1638/2898 801/1636/2899 804/1639/2900 803/1640/2901
f 803/1640/2902 804/1639/2903 806/1641/2904 805/1642/2905
f 807/1643/2906 808/1644/2907 810/1645/2908 809/1646/2909
f 809/1646/2910 810/1645/2911 812/1647/2912 811/1648/2913
f 811/1648/2914 812/1647/2915 813/1649/2916
f 813/1649/2917 812/1647/2918 815/1650/2919 814/1651/2920
f 814/1651/2921 815/1650/2922 817/1652/2923 816/1653/2924
f 816/1654/2925 817/1655/2926 797/1656/2927 796/1657/2928
f 797/1656/2929 817/1655/2930 815/1658/2931 799/1659/2932
f 799/1659/2933 815/1658/2934 812/1660/2935 801/1661/2936
f 801/1661/2937 812/1660/2938 810/1662/2939 804/1663/2940
f 804/1663/2941 810/1662/2942 808/1664/2943 806/1665/2944
f 816/1654/2945 796/1657/2946 798/1666/2947 814/1667/2948
f 814/1667/2949 798/1666/2950 800/1668/2951 813/1669/2952
f 813/1669/2953 800/1668/2954 802/1670/2955 811/1671/2956
f 811/1671/2957 802/1670/2958 803/1672/2959 809/1673/2960
f 809/1673/2961 803/1672/2962 805/1674/2963 807/1675/2964
f 818/1676/2965 819/1677/2966 826/1678/2967 825/1679/2968
f 819/1677/2969 820/1680/2970 827/1681/2971 826/1678/2972
f 821/1682/2973 822/1683/2974 829/1684/2975 828/1685/2976
f 822/1683/2977 823/1686/2978 830/1687/2979 829/1684/2980
f 823/1686/2981 824/1688/2982 831/1689/2983 830/1687/2984
f 824/1688/2985 818/1676/2986 825/1679/2987 831/1689/2988
f 819/1690/2989 818/1691/2990 832/1692/2991
f 820/1693/2992 819/1690/2993 832/1692/2994
f 822/1694/2995 821/1695/2996 832/1692/2997
f 823/1696/2998 822/1694/2999 832/1692/3000
f 824/1697/3001 823/1696/3002 832/1692/3003
f 818/1691/3004 824/1697/3005 832/1692/3006
f 825/1698/3007 826/1699/3008 833/1700/3009
f 826/1699/3010 827/1701/3011 833/1700/3012
f 828/1702/3013 829/1703/3014 833/1700/3015
f 829/1703/3016 830/1704/3017 833/1700/3018
f 830/1704/3019 831/1705/3020 833/1700/3021
f 831/1705/3022 825/1698/3023 833/1700/3024
f 827/1681/3025 820/1680/3026 834/1706/3027 835/1707/3028
f 820/1693/3029 832/1692/3030 834/1708/3031
f 832/1692/3032 821/1695/3033 836/1709/3034 834/1708/3035
f 833/1700/3036 827/1701/3037 835/1710/3038
f 828/1702/3039 833/1700/3040 835/1710/3041 837/1711/3042
f 835/1707/3043 834/1706/3044 836/1712/3045 837/1713/3046
f 838/1714/3047 839/1715/3048 844/1716/3049 843/1717/3050
f 839/1715/3051 840/1718/3052 845/1719/3053 844/1716/3054
f 840/1718/3055 841/1720/3056 846/1721/3057 845/1719/3058
f 842/1722/3059 838/1714/3060 843/1717/3061 847/1723/3062
f 839/1724/3063 838/1725/3064 848/1726/3065
f 840/1727/3066 839/1724/3067 848/1726/3068
f 841/1728/3069 840/1727/3070 848/1726/3071
f 838/1725/3072 842/1729/3073 848/1726/3074
f 843/1730/3075 844/1731/3076 849/1732/3077
f 844/1731/3078 845/1733/3079 849/1732/3080
f 845/1733/3081 846/1734/3082 849/1732/3083
f 847/1735/3084 843/1730/3085 849/1732/3086
f 846/1721/3087 841/1720/3088 850/1736/3089 851/1737/3090
f 842/1722/3091 847/1723/3092 853/1738/3093 852/1739/3094
f 841/1728/3095 848/1726/3096 854/1740/3097 850/1741/3098
f 848/1726/3099 842/1729/3100 852/1742/3101 854/1740/3102
f 849/1732/3103 846/1734/3104 851/1743/3105 855/1744/3106
f 847/1735/3107 849/1732/3108 855/1744/3109 853/1745/3110
f 856/1746/3111 857/1747/3112 859/1748/3113 858/1749/3114
f 858/1750/3115 859/1751/3116 861/1752/3117 860/1753/3118
f 860/1754/3119 861/1755/3120 863/1756/3121 862/1757/3122
f 862/1758/3123 863/1759/3124 857/1760/3125 856/1761/3126
f 864/1762/3127 865/1763/3128 866/1764/3129 867/1765/3130
f 858/1750/3131 860/1753/3132 865/1763/3133 864/1762/3134
f 860/1754/3135 862/1757/3136 866/1766/3137 865/1767/3138
f 862/1758/3139 856/1761/3140 867/1765/3141 866/1764/3142
f 856/1746/3143 858/1749/3144 864/1768/3145 867/1769/3146
f 868/1770/3147 869/1771/3148 877/1772/3149 876/1773/3150
f 869/1771/3151 870/1774/3152 878/1775/3153 877/1772/3154
f 870/1774/3155 871/1776/3156 879/1777/3157 878/1775/3158
f 871/1776/3159 872/1778/3160 880/1779/3161 879/1777/3162
f 872/1778/3163 873/1780/3164 881/1781/3165 880/1779/3166
f 873/1782/3167 874/1783/3168 882/1784/3169 881/1785/3170
f 874/1783/3171 875/1786/3172 883/1787/3173 882/1784/3174
f 875/1786/3175 868/1770/3176 876/1773/3177 883/1787/3178
f 869/1788/3179 868/1789/3180 884/1790/3181
f 870/1791/3182 869/1788/3183 884/1790/3184
f 871/1792/3185 870/1791/3186 884/1790/3187
f 872/1793/3188 871/1792/3189 884/1790/3190
f 873/1794/3191 872/1793/3192 884/1790/3193
f 874/1795/3194 873/1794/3195 884/1790/3196
f 875/1796/3197 874/1795/3198 884/1790/3199
f 868/1789/3200 875/1796/3201 884/1790/3202
f 876/1797/3203 877/1798/3204 885/1799/3205
f 877/1798/3206 878/1800/3207 885/1799/3208
f 878/1800/3209 879/1801/3210 885/1799/3211
f 879/1801/3212 880/1802/3213 885/1799/3214
f 880/1802/3215 881/1803/3216 885/1799/3217
f 881/1803/3218 882/1804/3219 885/1799/3220
f 882/1804/3221 883/1805/3222 885/1799/3223
f 883/1805/3224 876/1797/3225 885/1799/3226
f 887/1806/3227 895/1807/3228 894/1808/3229 888/1809/3230
f 889/1810/3231 898/1811/3232 901/1812/3233 891/1813/3234
f 902/1814/3235 903/1815/3236 904/1816/3237 905/1817/3238
f 894/1818/3239 899/1819/3240 890/1820/3241 888/1821/3242
f 891/1822/3243 886/1823/3244 887/1824/3245 889/1825/3246
f 894/1818/3247 893/1826/3248 896/1827/3249 899/1819/3250
f 893/1826/3251 892/1828/3252 897/1829/3253 896/1827/3254
f 892/1828/3255 895/1830/3256 898/1831/3257 897/1829/3258
f 892/1832/3259 893/1833/3260 894/1808/3261 895/1807/3262
f 896/1834/3263 897/1835/3264 898/1811/3265 899/1836/3266
f 891/1822/3267 901/1837/3268 900/1838/3269 886/1823/3270
f 901/1812/3271 898/1811/3272 903/1839/3273 902/1840/3274
f 898/1831/3275 895/1830/3276 904/1816/3277 903/1815/3278
f 895/1807/3279 900/1841/3280 905/1842/3281 904/1843/3282
f 900/1838/3283 901/1837/3284 902/1814/3285 905/1817/3286
f 889/1810/3287 890/1844/3288 899/1836/3289 898/1811/3290
f 886/1845/3291 900/1841/3292 895/1807/3293 887/1806/3294
f 906/1846/3295 909/1847/3296 910/1848/3297 911/1849/3298
f 909/1850/3299 908/1851/3300 912/1852/3301 910/1853/3302
f 908/1854/3303 907/1855/3304 913/1856/3305 912/1857/3306
f 907/1858/3307 906/1859/3308 911/1860/3309 913/1861/3310
f 911/1849/3311 910/1848/3312 914/1862/3313 915/1863/3314
f 910/1853/3315 912/1852/3316 914/1864/3317
f 913/1861/3318 911/1860/3319 915/1865/3320
f 915/1863/3321 914/1862/3322 916/1866/3323 917/1867/3324
f 914/1864/3325 912/1852/3326 918/1868/3327 916/1869/3328
f 912/1857/3329 913/1856/3330 919/1870/3331 918/1871/3332
f 913/1861/3333 915/1865/3334 917/1872/3335 919/1873/3336
f 917/1867/3337 916/1866/3338 920/1874/3339 921/1875/3340
f 916/1869/3341 918/1868/3342 920/1876/3343
f 919/1873/3344 917/1872/3345 921/1877/3346
f 921/1875/3347 920/1874/3348 922/1878/3349 923/1879/3350
f 920/1876/3351 918/1868/3352 924/1880/3353 922/1881/3354
f 918/1871/3355 919/1870/3356 925/1882/3357 924/1883/3358
f 919/1873/3359 921/1877/3360 923/1884/3361 925/1885/3362
f 909/1850/3363 926/1886/3364 927/1887/3365 908/1851/3366
f 908/1854/3367 927/1888/3368 928/1889/3369 907/1855/3370
f 907/1858/3371 928/1890/3372 929/1891/3373 906/1859/3374
f 906/1846/3375 929/1892/3376 926/1893/3377 909/1847/3378
f 926/1893/3379 929/1892/3380 930/1894/3381 931/1895/3382
f 929/1891/3383 928/1890/3384 932/1896/3385 930/1897/3386
f 928/1889/3387 927/1888/3388 933/1898/3389 932/1899/3390
f 927/1887/3391 926/1886/3392 931/1900/3393 933/1901/3394
f 931/1895/3395 930/1894/3396 934/1902/3397 935/1903/3398
f 930/1897/3399 932/1896/3400 934/1904/3401
f 933/1901/3402 931/1900/3403 935/1905/3404
f 935/1903/3405 934/1902/3406 936/1906/3407 937/1907/3408
f 934/1904/3409 932/1896/3410 938/1908/3411 936/1909/3412
f 932/1899/3413 933/1898/3414 939/1910/3415 938/1911/3416
f 933/1901/3417 935/1905/3418 937/1912/3419 939/1913/3420
f 936/1909/3421 938/1908/3422 940/1914/3423
f 939/1913/3424 937/1912/3425 941/1915/3426
f 940/1914/3427 938/1908/3428 944/1916/3429 942/1917/3430
f 938/1911/3431 939/1910/3432 945/1918/3433 944/1919/3434
f 939/1913/3435 941/1915/3436 943/1920/3437 945/1921/3438
f 946/1922/3439 947/1923/3440 955/1924/3441 954/1925/3442
f 947/1923/3443 948/1926/3444 956/1927/3445 955/1924/3446
f 948/1926/3447 949/1928/3448 957/1929/3449 956/1927/3450
f 949/1928/3451 950/1930/3452 958/1931/3453 957/1929/3454
f 950/1930/3455 951/1932/3456 959/1933/3457 958/1931/3458
f 951/1932/3459 952/1934/3460 960/1935/3461 959/1933/3462
f 952/1934/3463 953/1936/3464 961/1937/3465 960/1935/3466
f 953/1938/3467 946/1922/3468 954/1925/3469 961/1939/3470
f 962/1940/3471 963/1941/3472 965/1942/3473 964/1943/3474
f 964/1944/3475 965/1945/3476 977/1946/3477 975/1947/3478
f 976/1948/3479 972/1949/3480 963/1950/3481 962/1951/3482
f 963/1941/3483 972/1952/3484 977/1953/3485 965/1942/3486
f 976/1954/3487 962/1940/3488 964/1943/3489 975/1955/3490
f 968/1956/3491 971/1957/3492 970/1958/3493 966/1959/3494
f 968/1960/3495 969/1961/3496 972/1949/3497 971/1962/3498
f 977/1953/3499 972/1952/3500 969/1963/3501 967/1964/3502
f 970/1965/3503 977/1946/3504 967/1966/3505 966/1967/3506
f 971/1957/3507 974/1968/3508 973/1969/3509 970/1958/3510
f 971/1962/3511 972/1949/3512 974/1970/3513
f 973/1971/3514 977/1946/3515 970/1965/3516
f 974/1968/3517 976/1954/3518 975/1955/3519 973/1969/3520
f 974/1970/3521 972/1949/3522 976/1948/3523
f 975/1947/3524 977/1946/3525 973/1971/3526
f 1049/1972/3527 982/1973/3528 981/1974/3529 1014/1975/3530
f 995/1976/3531 993/1977/3532 992/1978/3533 994/1979/3534
f 1068/1980/3535 1070/1981/3536 1078/1982/3537 1073/1983/3538
f 1161/1984/3539 996/1985/3540 1162/1986/3541
f 1050/1987/3542 979/1988/3543 978/1989/3544 1056/1990/3545
f 999/1991/3546 992/1978/3547 993/1977/3548 1000/1992/3549
f 997/1993/3550 1001/1994/3551 1002/1995/3552 996/1985/3553
f 1073/1983/3554 1079/1996/3555 1072/1997/3556 1068/1980/3557
f 1001/1994/3558 999/1991/3559 1000/1992/3560 1002/1995/3561
f 992/2040/3562 980/2159/3563 981/1974/3564 994/2001/3565
f 981/1974/3566 982/1973/3567 995/2000/3568 994/2001/3569
f 982/2002/3570 983/2003/3571 993/2004/3572 995/2005/3573
f 985/2006/3574 1160/2007/3575 1162/2008/3576 996/2009/3577
f 986/2010/3578 1163/2011/3579 1164/2012/3580 998/2013/3581
f 990/2014/3582 980/1999/3583 992/1998/3584 999/2015/3585
f 983/2003/3586 989/2016/3587 1000/2017/3588 993/2004/3589
f 984/2018/3590 988/2019/3591 1001/2020/3592 997/2021/3593
f 987/2022/3594 985/2006/3595 996/2009/3596 1002/2023/3597
f 988/2019/3598 990/2014/3599 999/2015/3600 1001/2020/3601
f 989/2016/3602 987/2022/3603 1002/2023/3604 1000/2017/3605
f 1051/2024/3606 1003/2025/3607 1055/2026/3608 1054/2027/3609
f 979/2028/3610 1018/2029/3611 1049/2030/3612
f 1075/2031/3613 1076/2032/3614 1144/2033/3615
f 1066/2034/3616 1130/2035/3617 1142/2036/3618 1069/2037/3619
f 1133/2038/3620 1130/2035/3621 1066/2034/3622
f 1147/2039/3623 1133/2038/3624 1066/2034/3625
f 1160/2007/3626 985/2006/3627 1044/2041/3628 1155/2042/3629
f 1141/2043/3630 1138/2044/3631 1131/2045/3632 1134/2046/3633
f 1138/2044/3634 1135/2047/3635 1128/2048/3636 1131/2045/3637
f 1135/2047/3638 1145/2049/3639 1127/2050/3640 1128/2048/3641
f 1066/2034/3642 1072/2051/3643 1120/2052/3644 1119/2053/3645
f 1079/2054/3646 1075/2031/3647 1008/2055/3648 1006/2056/3649
f 1030/2057/3650 1018/2029/3651 1019/2058/3652
f 978/2059/3653 1014/1975/3654 1017/2060/3655
f 1014/1975/3656 1048/2061/3657 1017/2060/3658
f 1088/2062/3659 1096/2063/3660 990/2014/3661 988/2019/3662
f 1082/2064/3663 1088/2062/3664 988/2019/3665 984/2018/3666
f 1018/2029/3667 1023/2065/3668 1019/2058/3669
f 1016/2066/3670 1103/2067/3671 1100/2068/3672
f 980/1999/3673 1091/2069/3674 1089/2070/3675
f 1015/2071/3676 1103/2067/3677 1016/2066/3678
f 1018/2029/3679 1025/2072/3680 1023/2065/3681
f 1116/2073/3682 1147/2039/3683 1066/2034/3684 1119/2053/3685
f 1115/2074/3686 1117/2075/3687 1008/2076/3688 1007/2077/3689
f 1122/2078/3690 1123/2079/3691 1011/2080/3692 1006/2081/3693
f 1117/2075/3694 1122/2078/3695 1006/2081/3696 1008/2076/3697
f 1100/2082/3698 1101/2083/3699 1024/2084/3700 1009/2085/3701
f 1004/2086/3702 1100/2082/3703 1009/2085/3704 1005/2087/3705
f 1043/2088/3706 1021/2089/3707 1022/2090/3708 1042/2091/3709
f 1042/2091/3710 1022/2090/3711 1020/2092/3712 1041/2093/3713
f 1101/2083/3714 1106/2094/3715 1025/2095/3716 1024/2084/3717
f 1107/2096/3718 1112/2097/3719 1046/2098/3720 1047/2099/3721
f 1027/2100/3722 1028/2101/3723 1020/2102/3724 1022/2103/3725
f 987/2022/3726 1029/2104/3727 1026/2105/3728 985/2006/3729
f 1031/2106/3730 1030/2057/3731 1019/2058/3732
f 1031/2106/3733 1019/2058/3734 1020/2102/3735 1028/2101/3736
f 980/1999/3737 990/2014/3738 1096/2063/3739 1091/2069/3740
f 989/2016/3741 983/2003/3742 1032/2107/3743 1033/2108/3744
f 989/2016/3745 1033/2108/3746 1029/2104/3747 987/2022/3748
f 1083/2109/3749 1035/2110/3750 1026/2111/3751 1080/2112/3752
f 1086/2113/3753 1080/2112/3754 1026/2111/3755 1029/2114/3756
f 1036/2115/3757 1037/2116/3758 1028/2117/3759 1027/2118/3760
f 1031/2119/3761 1028/2117/3762 1037/2116/3763 1038/2120/3764
f 1039/2121/3765 1032/2122/3766 1030/2123/3767
f 1038/2120/3768 1039/2124/3769 1030/2125/3770 1031/2119/3771
f 1029/2114/3772 1033/2126/3773 1094/2127/3774 1086/2113/3775
f 1093/2128/3776 1094/2127/3777 1033/2126/3778 1032/2122/3779
f 1097/2129/3780 1085/2130/3781 1082/2064/3782 984/2018/3783
f 1034/2131/3784 1035/2110/3785 1036/2115/3786 1027/2118/3787
f 1039/2121/3788 1093/2128/3789 1032/2122/3790
f 1039/2132/3791 1038/2133/3792 1040/2134/3793
f 1040/2134/3794 1038/2133/3795 1037/2135/3796 1041/2136/3797
f 1041/2136/3798 1037/2135/3799 1036/2137/3800 1042/2138/3801
f 1044/2041/3802 1034/2139/3803 1027/2100/3804
f 1035/2140/3805 1083/2141/3806 1098/2142/3807 1045/2143/3808
f 1035/2144/3809 1045/2145/3810 1042/2138/3811 1036/2137/3812
f 1123/2146/3813 1120/2052/3814 1012/2147/3815
f 1019/2148/3816 1040/2149/3817 1041/2093/3818 1020/2092/3819
f 985/2006/3820 1026/2105/3821 1034/2139/3822 1044/2041/3823
f 983/2003/3824 1018/2029/3825 1030/2057/3826 1032/2107/3827
f 1098/2142/3828 1126/2150/3829 1043/2151/3830 1045/2143/3831
f 1043/2152/3832 1042/2138/3833 1045/2145/3834
f 1126/2150/3835 1115/2074/3836 1043/2151/3837
f 1089/2070/3838 1110/2153/3839 1109/2154/3840 1104/2155/3841
f 1023/2065/3842 1025/2072/3843 1047/2156/3844 1046/2157/3845
f 1025/2095/3846 1106/2094/3847 1107/2096/3848 1047/2099/3849
f 979/2158/3850 1049/1972/3851 1014/1975/3852 978/2059/3853
f 1048/2061/3854 1014/1975/3855 981/1974/3856 980/2159/3857
f 1023/2160/3858 1040/2161/3859 1019/2162/3860
f 980/1999/3861 1089/2070/3862 1104/2155/3863 1048/2163/3864
f 1048/2163/3865 1104/2155/3866 1103/2067/3867 1015/2071/3868
f 1005/2164/3869 1079/2054/3870 1006/2056/3871 1011/2165/3872
f 1009/2166/3873 1003/2167/3874 1079/2054/3875 1005/2164/3876
f 1009/2166/3877 979/2028/3878 1050/2168/3879 1003/2167/3880
f 1018/2029/3881 979/2028/3882 1009/2166/3883 1024/2169/3884
f 1018/2029/3885 1024/2169/3886 1025/2072/3887
f 1053/2170/3888 1052/2171/3889 1054/2172/3890 1065/2173/3891
f 1003/2025/3892 1050/1987/3893 1056/1990/3894 1055/2026/3895
f 991/2174/3896 1051/2024/3897 1054/2027/3898 1052/2175/3899
f 1010/2176/3900 991/2174/3901 1052/2175/3902 1053/2177/3903
f 978/2059/3904 1017/2060/3905 1057/2178/3906
f 1017/2060/3907 1048/2061/3908 1058/2179/3909 1057/2178/3910
f 1048/2163/3911 1015/2071/3912 1059/2180/3913 1058/2181/3914
f 1015/2071/3915 1016/2066/3916 1060/2182/3917 1059/2180/3918
f 1016/2066/3919 1100/2068/3920 1061/2183/3921 1060/2182/3922
f 1004/2184/3923 1123/2146/3924 1063/2185/3925 1062/2186/3926
f 1012/2147/3927 1013/2187/3928 1065/2173/3929 1064/2188/3930
f 1013/2187/3931 1010/2189/3932 1053/2170/3933 1065/2173/3934
f 1049/2030/3935 1018/2029/3936 983/2003/3937 982/2002/3938
f 1065/2173/3939 1054/2172/3940 1055/2190/3941 1064/2188/3942
f 1064/2188/3943 1055/2190/3944 1056/2191/3945 1063/2185/3946
f 1063/2185/3947 1056/2191/3948 1062/2186/3949
f 978/2192/3950 1057/2193/3951 1061/2183/3952
f 1062/2186/3953 1056/2191/3954 978/2192/3955 1061/2183/3956
f 1061/2183/3957 1057/2193/3958 1058/2181/3959
f 1061/2183/3960 1058/2181/3961 1059/2180/3962 1060/2182/3963
f 1072/2051/3964 1010/2189/3965 1013/2187/3966
f 1072/2051/3967 1013/2187/3968 1012/2147/3969 1120/2052/3970
f 1068/1980/3971 1067/2194/3972 1071/2195/3973 1070/1981/3974
f 1067/2196/3975 1066/2034/3976 1069/2037/3977 1071/2197/3978
f 1066/2034/3979 1067/2196/3980 1072/2051/3981
f 1067/2194/3982 1068/1980/3983 1072/1997/3984
f 1069/2198/3985 1070/2199/3986 1071/2200/3987
f 1075/2031/3988 1144/2033/3989 1137/2201/3990
f 1075/2031/3991 1137/2201/3992 1140/2202/3993
f 1075/2031/3994 1140/2202/3995 1149/2203/3996
f 1075/2031/3997 1149/2203/3998 1007/2204/3999
f 1075/2031/4000 1007/2204/4001 1008/2055/4002
f 1079/1996/4003 991/2174/4004 1010/2176/4005 1072/1997/4006
f 1079/2054/4007 1003/2167/4008 1051/2205/4009 991/2206/4010
f 1075/2031/4011 1074/2207/4012 1077/2208/4013 1076/2032/4014
f 1074/2209/4015 1073/1983/4016 1078/1982/4017 1077/2210/4018
f 1073/1983/4019 1074/2209/4020 1079/1996/4021
f 1074/2207/4022 1075/2031/4023 1079/2054/4024
f 1076/2211/4025 1077/2212/4026 1078/2213/4027
f 1112/2097/4028 1090/2214/4029 1023/2215/4030 1046/2098/4031
f 1082/2216/4032 1081/2217/4033 1087/2218/4034 1088/2219/4035
f 1081/2217/4036 1080/2220/4037 1086/2221/4038 1087/2218/4039
f 1081/2217/4040 1084/2222/4041 1083/2223/4042 1080/2220/4043
f 1081/2217/4044 1082/2216/4045 1085/2224/4046 1084/2222/4047
f 1083/2223/4048 1084/2222/4049 1099/2225/4050 1098/2226/4051
f 1084/2222/4052 1085/2224/4053 1097/2227/4054 1099/2225/4055
f 1088/2219/4056 1087/2218/4057 1095/2228/4058 1096/2229/4059
f 1087/2218/4060 1086/2221/4061 1094/2230/4062 1095/2228/4063
f 1092/2231/4064 1093/2232/4065 1090/2233/4066 1113/2234/4067
f 1093/2232/4068 1092/2231/4069 1095/2228/4070 1094/2230/4071
f 1092/2231/4072 1091/2235/4073 1096/2229/4074 1095/2228/4075
f 1100/2068/4076 1004/2184/4077 1062/2186/4078 1061/2183/4079
f 1090/2236/4080 1040/2161/4081 1023/2160/4082
f 1100/2082/4083 1102/2237/4084 1101/2083/4085
f 1100/2238/4086 1103/2239/4087 1102/2240/4088
f 1101/2083/4089 1102/2237/4090 1105/2241/4091 1106/2094/4092
f 1102/2240/4093 1103/2239/4094 1104/2242/4095 1105/2243/4096
f 1106/2094/4097 1105/2241/4098 1108/2244/4099 1107/2096/4100
f 1105/2243/4101 1104/2242/4102 1109/2245/4103 1108/2246/4104
f 1107/2096/4105 1108/2244/4106 1111/2247/4107 1112/2097/4108
f 1108/2246/4109 1109/2245/4110 1110/2248/4111 1111/2249/4112
f 1112/2097/4113 1111/2247/4114 1113/2250/4115 1090/2214/4116
f 1111/2249/4117 1110/2248/4118 1089/2251/4119 1113/2234/4120
f 1092/2231/4121 1113/2234/4122 1089/2251/4123 1091/2235/4124
f 1115/2074/4125 1007/2077/4126 1021/2252/4127 1043/2151/4128
f 1123/2146/4129 1012/2147/4130 1064/2188/4131 1063/2185/4132
f 1123/2079/4133 1004/2086/4134 1005/2087/4135 1011/2080/4136
f 1115/2074/4137 1114/2253/4138 1118/2254/4139 1117/2075/4140
f 1116/2255/4141 1114/2253/4142 1125/2256/4143 1124/2257/4144
f 1117/2075/4145 1118/2254/4146 1121/2258/4147 1122/2078/4148
f 1118/2254/4149 1119/2259/4150 1120/2260/4151 1121/2258/4152
f 1122/2078/4153 1121/2258/4154 1123/2079/4155
f 1120/2260/4156 1123/2079/4157 1121/2258/4158
f 1124/2257/4159 1125/2256/4160 1099/2261/4161 1097/2262/4162
f 1125/2256/4163 1126/2150/4164 1098/2142/4165 1099/2261/4166
f 1039/2121/4167 1040/2161/4168 1090/2236/4169 1093/2128/4170
f 1147/2039/4171 1116/2073/4172 1124/2263/4173 1151/2264/4174
f 1128/2048/4175 1129/2265/4176 1132/2266/4177 1131/2045/4178
f 1129/2265/4179 1130/2267/4180 1133/2268/4181 1132/2266/4182
f 1141/2043/4183 1134/2046/4184 1153/2269/4185 1154/2270/4186
f 1137/2271/4187 1136/2272/4188 1139/2273/4189 1140/2274/4190
f 1136/2272/4191 1135/2047/4192 1138/2044/4193 1139/2273/4194
f 1076/2211/4195 1078/2213/4196 1070/2199/4197 1069/2198/4198
f 1026/2111/4199 1035/2110/4200 1034/2131/4201
f 1126/2150/4202 1125/2256/4203 1114/2253/4204 1115/2074/4205
f 1114/2253/4206 1116/2255/4207 1119/2259/4208 1118/2254/4209
f 1142/2275/4210 1130/2267/4211 1129/2265/4212 1143/2276/4213
f 1129/2265/4214 1128/2048/4215 1127/2050/4216 1143/2276/4217
f 1136/2272/4218 1137/2271/4219 1144/2277/4220 1146/2278/4221
f 1135/2047/4222 1136/2272/4223 1146/2278/4224 1145/2049/4225
f 1146/2278/4226 1143/2276/4227 1127/2050/4228 1145/2049/4229
f 1142/2275/4230 1144/2277/4231 1076/2211/4232 1069/2198/4233
f 1142/2275/4234 1143/2276/4235 1146/2278/4236 1144/2277/4237
f 1131/2045/4238 1132/2266/4239 1148/2279/4240 1134/2046/4241
f 1132/2266/4242 1133/2268/4243 1147/2280/4244 1148/2279/4245
f 1140/2274/4246 1139/2273/4247 1150/2281/4248 1149/2282/4249
f 1139/2273/4250 1138/2044/4251 1141/2043/4252 1150/2281/4253
f 1153/2269/4254 1134/2046/4255 1148/2279/4256
f 1154/2270/4257 1152/2283/4258 1149/2282/4259 1150/2281/4260
f 1021/2284/4261 1007/2204/4262 1149/2203/4263 1152/2285/4264
f 986/2286/4265 1157/2287/4266 1158/2288/4267 1163/2289/4268
f 1021/2284/4269 1152/2285/4270 1155/2042/4271 1044/2041/4272
f 1156/2290/4273 1155/2291/4274 1152/2283/4275 1154/2270/4276
f 1154/2270/4277 1153/2269/4278 1157/2287/4279 1156/2290/4280
f 1158/2288/4281 1157/2287/4282 1153/2269/4283 1151/2292/4284
f 1151/2264/4285 1124/2263/4286 1097/2129/4287 1158/2293/4288
f 1156/2290/4289 1157/2287/4290 986/2286/4291 1159/2294/4292
f 1159/2294/4293 1160/2295/4294 1155/2291/4295 1156/2290/4296
f 1161/1984/4297 1159/2296/4298 986/2010/4299 998/2013/4300
f 1161/1984/4301 1162/1986/4302 1160/2297/4303 1159/2296/4304
f 1163/2298/4305 1158/2293/4306 1097/2129/4307 984/2018/4308
f 1164/2299/4309 1163/2298/4310 984/2018/4311 997/2021/4312
f 1153/2269/4313 1148/2279/4314 1147/2280/4315 1151/2292/4316
f 1154/2270/4317 1150/2281/4318 1141/2043/4319
f 1044/2041/4320 1027/2100/4321 1022/2103/4322 1021/2284/4323
f 997/1993/4324 996/1985/4325 1161/1984/4326 998/2013/4327
f 997/1993/4328 998/2013/4329 1164/2012/4330

g MAG
usemtl SVD
f 1216/2312/4331 1213/2313/4332 1209/2314/4333
f 1231/2315/4334 1230/2316/4335 1166/2317/4336
f 1178/2318/4337 1179/2319/4338 1208/2320/4339 1212/2321/4340
f 1199/2322/4341 1213/2313/4342 1216/2312/4343 1177/2323/4344
f 1218/2324/4345 1215/2325/4346 1210/2326/4347 1211/2327/4348
f 1202/2328/4349 1215/2325/4350 1218/2324/4351 1175/2329/4352
f 1227/2330/4353 1226/2324/4354 1165/2331/4355 1205/2332/4356
f 1217/2333/4357 1216/2312/4358 1209/2314/4359 1210/2326/4360
f 1177/2323/4361 1216/2312/4362 1217/2333/4363 1192/2334/4364
f 1230/2316/4365 1229/2335/4366 1205/2332/4367 1166/2317/4368
f 1196/2336/4369 1174/2337/4370 1211/2327/4371 1210/2326/4372
f 1196/2336/4373 1210/2326/4374 1209/2314/4375 1200/2338/4376
f 1226/2324/4377 1227/2330/4378 1206/2328/4379 1169/2329/4380
f 1229/2335/4381 1230/2316/4382 1171/2323/4383 1194/2334/4384
f 1230/2316/4385 1231/2315/4386 1197/2322/4387 1171/2323/4388
f 1205/2332/4389 1195/2336/4390 1201/2338/4391 1166/2317/4392
f 1165/2331/4393 1168/2337/4394 1195/2336/4395 1205/2332/4396
f 1207/2339/4397 1220/2340/4398 1219/2341/4399 1189/2342/4400
f 1190/2343/4401 1223/2344/4402 1222/2345/4403 1193/2346/4404
f 1198/2347/4405 1224/2348/4406 1223/2344/4407 1190/2343/4408
f 1172/2349/4409 1173/2350/4410 1179/2319/4411 1178/2318/4412
f 1181/2351/4413 1180/2352/4414 1182/2353/4415 1183/2354/4416
f 1184/2355/4417 1180/2352/4418 1181/2351/4419 1185/2356/4420
f 1204/2357/4421 1186/2358/4422 1187/2359/4423 1203/2360/4424
f 1180/2361/4425 1200/2362/4426 1179/2363/4427 1182/2364/4428
f 1179/2319/4429 1173/2350/4430 1183/2365/4431 1182/2366/4432
f 1201/2367/4433 1181/2368/4434 1183/2369/4435 1173/2370/4436
f 1196/2371/4437 1200/2362/4438 1180/2361/4439 1184/2372/4440
f 1181/2368/4441 1201/2367/4442 1195/2373/4443 1185/2374/4444
f 1195/2373/4445 1168/2375/4446 1186/2376/4447 1204/2377/4448
f 1174/2378/4449 1196/2371/4450 1203/2379/4451 1187/2380/4452
f 1202/2381/4453 1175/2382/4454 1219/2341/4455 1220/2340/4456
f 1169/2383/4457 1206/2384/4458 1207/2339/4459 1189/2342/4460
f 1177/2385/4461 1192/2386/4462 1222/2345/4463 1223/2344/4464
f 1194/2387/4465 1171/2388/4466 1190/2343/4467 1193/2346/4468
f 1172/2349/4469 1178/2318/4470 1225/2389/4471 1191/2390/4472
f 1199/2391/4473 1177/2385/4474 1223/2344/4475 1224/2348/4476
f 1171/2388/4477 1197/2392/4478 1198/2347/4479 1190/2343/4480
f 1214/2393/4481 1217/2333/4482 1210/2326/4483
f 1192/2334/4484 1217/2333/4485 1214/2393/4486 1176/2394/4487
f 1221/2395/4488 1222/2345/4489 1192/2386/4490 1176/2396/4491
f 1193/2346/4492 1222/2345/4493 1221/2395/4494 1188/2397/4495
f 1170/2398/4496 1194/2387/4497 1193/2346/4498 1188/2397/4499
f 1228/2399/4500 1229/2335/4501 1194/2334/4502 1170/2394/4503
f 1229/2335/4504 1228/2399/4505 1205/2332/4506
f 1197/2392/4507 1172/2400/4508 1191/2401/4509 1198/2347/4510
f 1191/2401/4511 1225/2402/4512 1224/2348/4513 1198/2347/4514
f 1178/2403/4515 1199/2391/4516 1224/2348/4517 1225/2402/4518
f 1178/2404/4519 1212/2405/4520 1213/2313/4521 1199/2322/4522
f 1213/2313/4523 1212/2405/4524 1208/2406/4525 1209/2314/4526
f 1200/2338/4527 1209/2314/4528 1208/2406/4529 1179/2407/4530
f 1166/2317/4531 1201/2338/4532 1173/2407/4533 1167/2406/4534
f 1232/2408/4535 1231/2315/4536 1166/2317/4537 1167/2406/4538
f 1231/2315/4539 1232/2408/4540 1172/2409/4541 1197/2322/4542
f 1176/2396/4543 1202/2381/4544 1220/2340/4545 1221/2395/4546
f 1176/2394/4547 1214/2393/4548 1215/2325/4549 1202/2328/4550
f 1215/2325/4551 1214/2393/4552 1210/2326/4553
f 1203/2379/4554 1196/2371/4555 1184/2372/4556
f 1185/2356/4557 1204/2357/4558 1203/2360/4559 1184/2355/4560
f 1195/2373/4561 1204/2377/4562 1185/2374/4563
f 1228/2399/4564 1227/2330/4565 1205/2332/4566
f 1227/2330/4567 1228/2399/4568 1170/2394/4569 1206/2328/4570
f 1207/2339/4571 1206/2384/4572 1170/2398/4573 1188/2397/4574
f 1188/2397/4575 1221/2395/4576 1220/2340/4577 1207/2339/4578
f 1232/2410/4579 1167/2411/4580 1173/2350/4581 1172/2349/4582
f 1211/2412/4583 1174/2413/4584 1187/2414/4585 1186/2415/4586 1168/2416/4587 1165/2417/4588 1226/2418/4589 1169/2419/4590 1189/2420/4591 1219/2421/4592 1175/2422/4593 1218/2423/4594
